ccn,snapshot_year,year_type,not_met
010001,2019,General hospital,0
010001,2020,General hospital,0
010001,2021,General hospital,1
010001,2022,General hospital,0
010001,2023,General hospital,0
010001,2024,General hospital,0
010005,2019,General hospital,0
010005,2020,General hospital,0
010005,2021,General hospital,0
010005,2022,General hospital,0
010005,2023,General hospital,0
010005,2024,General hospital,0
010006,2019,General hospital,0
010006,2020,General hospital,0
010006,2021,General hospital,0
010006,2022,General hospital,0
010006,2023,General hospital,0
010006,2024,General hospital,0
010007,2019,General hospital,0
010007,2020,General hospital,0
010007,2021,General hospital,0
010007,2022,General hospital,0
010007,2023,General hospital,0
010007,2024,General hospital,0
010008,2019,General hospital,1
010008,2020,General hospital,1
010008,2021,General hospital,1
010008,2022,General hospital,1
010008,2023,General hospital,0
010008,2024,General hospital,0
010011,2019,General hospital,0
010011,2020,General hospital,0
010011,2021,General hospital,0
010011,2022,General hospital,0
010011,2023,General hospital,0
010011,2024,General hospital,0
010012,2019,General hospital,0
010012,2020,General hospital,0
010012,2021,General hospital,0
010012,2022,General hospital,0
010012,2023,General hospital,0
010012,2024,General hospital,0
010016,2019,General hospital,0
010016,2020,General hospital,0
010016,2021,General hospital,0
010016,2022,General hospital,0
010016,2023,General hospital,0
010016,2024,General hospital,0
010018,2019,General hospital,0
010018,2020,General hospital,0
010018,2021,General hospital,0
010018,2022,General hospital,0
010018,2023,General hospital,0
010018,2024,General hospital,0
010019,2019,General hospital,0
010019,2020,General hospital,0
010019,2021,General hospital,0
010019,2022,General hospital,0
010019,2023,General hospital,1
010019,2024,General hospital,1
010021,2019,General hospital,1
010021,2020,General hospital,0
010021,2021,General hospital,0
010021,2022,General hospital,0
010021,2023,General hospital,0
010021,2024,General hospital,0
010022,2019,General hospital,0
010022,2020,General hospital,0
010022,2021,General hospital,0
010022,2022,General hospital,0
010022,2023,General hospital,0
010022,2024,General hospital,0
010023,2019,General hospital,0
010023,2020,General hospital,0
010023,2021,General hospital,0
010023,2022,General hospital,0
010023,2023,General hospital,0
010023,2024,General hospital,0
010024,2019,General hospital,0
010024,2020,General hospital,0
010024,2021,General hospital,0
010024,2022,General hospital,0
010024,2023,General hospital,0
010024,2024,General hospital,0
010029,2019,General hospital,0
010029,2020,General hospital,0
010029,2021,General hospital,0
010029,2022,General hospital,0
010029,2023,General hospital,0
010029,2024,General hospital,0
010033,2019,General hospital,0
010033,2020,General hospital,0
010033,2021,General hospital,0
010033,2022,General hospital,0
010033,2023,General hospital,0
010033,2024,General hospital,0
010034,2019,General hospital,0
010034,2020,General hospital,0
010034,2021,General hospital,0
010034,2022,General hospital,0
010034,2023,General hospital,0
010034,2024,General hospital,1
010035,2019,General hospital,1
010035,2020,General hospital,0
010035,2021,General hospital,0
010035,2022,General hospital,1
010035,2023,General hospital,0
010035,2024,General hospital,0
010036,2019,General hospital,0
010036,2020,General hospital,0
010036,2021,General hospital,0
010036,2022,General hospital,0
010036,2023,General hospital,0
010036,2024,General hospital,0
010038,2019,General hospital,0
010038,2020,General hospital,0
010038,2021,General hospital,0
010038,2022,General hospital,1
010039,2019,General hospital,1
010039,2020,General hospital,0
010039,2021,General hospital,0
010039,2022,General hospital,0
010039,2023,General hospital,0
010039,2024,General hospital,0
010040,2019,General hospital,0
010040,2020,General hospital,0
010040,2021,General hospital,0
010040,2022,General hospital,0
010040,2023,General hospital,0
010040,2024,General hospital,0
010044,2019,General hospital,0
010044,2020,General hospital,0
010044,2021,General hospital,0
010044,2022,General hospital,0
010044,2023,General hospital,0
010044,2024,General hospital,0
010045,2019,General hospital,0
010045,2020,General hospital,0
010045,2021,General hospital,0
010045,2022,General hospital,0
010045,2023,General hospital,0
010045,2024,General hospital,0
010046,2019,General hospital,0
010046,2020,General hospital,0
010046,2021,General hospital,0
010046,2022,General hospital,0
010046,2023,General hospital,0
010046,2024,General hospital,0
010047,2019,General hospital,0
010049,2019,General hospital,0
010049,2020,General hospital,0
010049,2021,General hospital,0
010049,2022,General hospital,0
010049,2023,General hospital,0
010049,2024,General hospital,0
010051,2019,General hospital,1
010051,2020,General hospital,1
010051,2021,General hospital,1
010051,2022,General hospital,1
010051,2023,General hospital,1
010051,2024,General hospital,1
010052,2019,General hospital,0
010052,2020,General hospital,0
010052,2021,General hospital,0
010052,2022,General hospital,0
010052,2023,General hospital,0
010052,2024,General hospital,0
010055,2019,General hospital,0
010055,2020,General hospital,0
010055,2021,General hospital,0
010055,2022,General hospital,0
010055,2023,General hospital,0
010055,2024,General hospital,0
010056,2019,General hospital,0
010056,2020,General hospital,0
010056,2021,General hospital,0
010056,2022,General hospital,0
010056,2023,General hospital,0
010056,2024,General hospital,0
010058,2019,General hospital,0
010058,2020,General hospital,0
010058,2021,General hospital,1
010058,2022,General hospital,0
010058,2023,General hospital,0
010058,2024,General hospital,0
010059,2019,General hospital,0
010059,2020,General hospital,0
010059,2021,General hospital,0
010059,2022,General hospital,0
010059,2023,General hospital,0
010059,2024,General hospital,0
010061,2019,General hospital,0
010061,2020,General hospital,0
010061,2021,General hospital,0
010061,2022,General hospital,0
010061,2023,General hospital,0
010061,2024,General hospital,0
010062,2019,General hospital,1
010062,2020,General hospital,1
010062,2021,General hospital,1
010062,2022,General hospital,1
010062,2023,General hospital,1
010062,2024,General hospital,1
010065,2019,General hospital,0
010065,2020,General hospital,0
010065,2021,General hospital,0
010065,2022,General hospital,0
010065,2023,General hospital,0
010065,2024,General hospital,0
010069,2019,General hospital,0
010069,2020,General hospital,0
010069,2021,General hospital,1
010069,2022,General hospital,0
010069,2023,General hospital,0
010069,2024,General hospital,0
010073,2019,General hospital,0
010073,2020,General hospital,0
010073,2021,General hospital,0
010073,2022,General hospital,0
010073,2023,General hospital,0
010073,2024,General hospital,0
010078,2019,General hospital,0
010078,2020,General hospital,0
010078,2021,General hospital,0
010078,2022,General hospital,0
010078,2023,General hospital,0
010078,2024,General hospital,0
010079,2019,General hospital,0
010079,2020,General hospital,0
010079,2021,General hospital,0
010079,2022,General hospital,0
010079,2023,General hospital,0
010079,2024,General hospital,0
010083,2019,General hospital,0
010083,2020,General hospital,0
010083,2021,General hospital,0
010083,2022,General hospital,0
010083,2023,General hospital,0
010083,2024,General hospital,0
010085,2019,General hospital,0
010085,2020,General hospital,0
010085,2021,General hospital,0
010085,2022,General hospital,0
010085,2023,General hospital,0
010085,2024,General hospital,0
010086,2019,General hospital,0
010086,2020,General hospital,0
010086,2021,General hospital,1
010086,2022,General hospital,0
010086,2023,General hospital,1
010086,2024,General hospital,0
010087,2019,General hospital,0
010087,2020,General hospital,0
010087,2021,General hospital,1
010087,2022,General hospital,0
010087,2023,General hospital,0
010087,2024,General hospital,0
010089,2019,General hospital,0
010089,2020,General hospital,0
010089,2021,General hospital,0
010089,2022,General hospital,0
010089,2023,General hospital,0
010089,2024,General hospital,0
010090,2019,General hospital,0
010090,2020,General hospital,0
010090,2021,General hospital,0
010090,2022,General hospital,0
010090,2023,General hospital,0
010090,2024,General hospital,0
010091,2019,General hospital,0
010091,2020,General hospital,0
010091,2021,General hospital,0
010091,2022,General hospital,0
010091,2023,General hospital,0
010091,2024,General hospital,0
010092,2019,General hospital,0
010092,2020,General hospital,0
010092,2021,General hospital,0
010092,2022,General hospital,0
010092,2023,General hospital,0
010092,2024,General hospital,0
010095,2019,General hospital,0
010095,2020,General hospital,0
010095,2021,General hospital,0
010095,2022,General hospital,0
010095,2023,General hospital,0
010095,2024,General hospital,1
010097,2019,General hospital,0
010097,2020,General hospital,0
010097,2021,General hospital,0
010097,2022,General hospital,0
010097,2023,General hospital,0
010097,2024,General hospital,0
010099,2019,General hospital,1
010099,2020,General hospital,1
010099,2021,General hospital,0
010099,2022,General hospital,0
010099,2023,General hospital,0
010099,2024,General hospital,0
010100,2019,General hospital,0
010100,2020,General hospital,0
010100,2021,General hospital,0
010100,2022,General hospital,0
010100,2023,General hospital,0
010100,2024,General hospital,0
010101,2019,General hospital,0
010101,2020,General hospital,0
010101,2021,General hospital,0
010101,2022,General hospital,0
010101,2023,General hospital,0
010101,2024,General hospital,0
010102,2019,General hospital,1
010102,2020,General hospital,0
010102,2021,General hospital,0
010102,2022,General hospital,1
010102,2023,General hospital,1
010102,2024,General hospital,1
010103,2019,General hospital,0
010103,2020,General hospital,0
010103,2021,General hospital,0
010103,2022,General hospital,0
010103,2023,General hospital,0
010103,2024,General hospital,0
010104,2019,General hospital,0
010104,2020,General hospital,0
010104,2021,General hospital,0
010104,2022,General hospital,0
010104,2023,General hospital,0
010104,2024,General hospital,0
010108,2019,General hospital,0
010108,2020,General hospital,0
010108,2021,General hospital,0
010108,2022,General hospital,0
010108,2023,General hospital,0
010108,2024,General hospital,0
010109,2019,General hospital,1
010109,2020,General hospital,0
010110,2019,General hospital,1
010110,2020,General hospital,1
010110,2021,General hospital,0
010110,2022,General hospital,1
010110,2023,General hospital,0
010110,2024,General hospital,1
010112,2019,General hospital,1
010112,2020,General hospital,1
010112,2021,General hospital,1
010112,2022,General hospital,1
010112,2023,General hospital,1
010112,2024,General hospital,1
010113,2019,General hospital,0
010113,2020,General hospital,0
010113,2021,General hospital,0
010113,2022,General hospital,0
010113,2023,General hospital,1
010113,2024,General hospital,0
010114,2019,General hospital,0
010114,2020,General hospital,0
010114,2021,General hospital,0
010114,2022,General hospital,1
010114,2023,General hospital,1
010114,2024,General hospital,0
010118,2019,General hospital,0
010118,2020,General hospital,0
010118,2021,General hospital,0
010118,2022,General hospital,0
010118,2023,General hospital,1
010118,2024,General hospital,0
010120,2019,General hospital,1
010120,2020,General hospital,0
010120,2021,General hospital,0
010120,2022,General hospital,1
010120,2023,General hospital,0
010120,2024,General hospital,1
010125,2019,General hospital,0
010125,2020,General hospital,0
010125,2021,General hospital,0
010125,2022,General hospital,0
010125,2023,General hospital,0
010125,2024,General hospital,0
010126,2019,General hospital,1
010126,2020,General hospital,1
010126,2021,General hospital,0
010126,2022,General hospital,1
010126,2023,General hospital,1
010126,2024,General hospital,1
010128,2019,General hospital,1
010128,2020,General hospital,1
010128,2021,General hospital,0
010128,2022,General hospital,0
010128,2023,General hospital,0
010128,2024,General hospital,0
010129,2019,General hospital,0
010129,2020,General hospital,0
010129,2021,General hospital,0
010129,2022,General hospital,0
010129,2023,General hospital,0
010129,2024,General hospital,0
010130,2019,General hospital,0
010130,2020,General hospital,0
010130,2021,General hospital,0
010130,2022,General hospital,0
010130,2023,General hospital,0
010130,2024,General hospital,0
010131,2019,General hospital,0
010131,2020,General hospital,0
010131,2021,General hospital,0
010131,2022,General hospital,0
010131,2023,General hospital,0
010131,2024,General hospital,0
010138,2019,General hospital,1
010138,2020,General hospital,1
010138,2021,General hospital,1
010138,2022,General hospital,1
010138,2023,General hospital,1
010138,2024,General hospital,1
010139,2019,General hospital,0
010139,2020,General hospital,0
010139,2021,General hospital,0
010139,2022,General hospital,0
010139,2023,General hospital,0
010139,2024,General hospital,0
010144,2019,General hospital,0
010144,2020,General hospital,0
010144,2021,General hospital,0
010144,2022,General hospital,0
010144,2023,General hospital,0
010144,2024,General hospital,0
010148,2019,General hospital,1
010148,2020,General hospital,1
010148,2021,General hospital,0
010148,2022,General hospital,0
010148,2023,General hospital,0
010148,2024,General hospital,0
010149,2019,General hospital,0
010149,2020,General hospital,0
010149,2021,General hospital,0
010149,2022,General hospital,0
010149,2023,General hospital,0
010149,2024,General hospital,0
010150,2019,General hospital,1
010150,2020,General hospital,1
010150,2021,General hospital,0
010150,2022,General hospital,0
010150,2023,General hospital,0
010150,2024,General hospital,0
010157,2019,General hospital,0
010157,2020,General hospital,0
010157,2021,General hospital,0
010157,2022,General hospital,0
010157,2023,General hospital,0
010157,2024,General hospital,0
010158,2019,General hospital,0
010158,2020,General hospital,0
010158,2021,General hospital,0
010158,2022,General hospital,0
010158,2023,General hospital,0
010158,2024,General hospital,0
010164,2019,General hospital,1
010164,2020,General hospital,1
010164,2021,General hospital,0
010164,2022,General hospital,0
010164,2023,General hospital,0
010164,2024,General hospital,0
010168,2019,General hospital,1
010168,2020,General hospital,0
010168,2021,General hospital,0
010168,2022,General hospital,0
010168,2023,General hospital,0
010168,2024,General hospital,0
010169,2019,General hospital,0
010169,2020,General hospital,0
010169,2021,General hospital,0
010169,2022,General hospital,0
010169,2023,General hospital,0
010169,2024,General hospital,0
010173,2019,General hospital,0
010173,2020,General hospital,0
010173,2021,General hospital,0
010173,2022,General hospital,0
010173,2023,General hospital,0
010173,2024,General hospital,0
010174,2021,General hospital,0
010174,2022,General hospital,0
010174,2023,General hospital,1
010174,2024,General hospital,1
010175,2021,General hospital,1
010175,2022,General hospital,0
010175,2023,General hospital,0
010175,2024,General hospital,0
011300,2019,Small rural (critical access),1
011300,2020,Small rural (critical access),0
011300,2021,Small rural (critical access),0
011300,2022,Small rural (critical access),0
011300,2023,Small rural (critical access),0
011300,2024,Small rural (critical access),1
011302,2019,Small rural (critical access),1
011302,2020,Small rural (critical access),1
011302,2021,Small rural (critical access),1
011302,2022,Small rural (critical access),0
011302,2023,Small rural (critical access),1
011302,2024,Small rural (critical access),1
011304,2019,Small rural (critical access),0
011304,2020,Small rural (critical access),0
011304,2021,Small rural (critical access),1
011304,2022,Small rural (critical access),0
011304,2023,Small rural (critical access),0
011304,2024,Small rural (critical access),0
011305,2019,Small rural (critical access),0
011305,2020,Small rural (critical access),0
011305,2021,Small rural (critical access),0
011305,2022,Small rural (critical access),0
011305,2023,Small rural (critical access),0
011305,2024,Small rural (critical access),0
011306,2019,Small rural (critical access),1
011306,2020,Small rural (critical access),1
011306,2021,Small rural (critical access),1
011306,2022,Small rural (critical access),0
011306,2023,Small rural (critical access),0
011306,2024,Small rural (critical access),1
020001,2019,General hospital,0
020001,2020,General hospital,0
020001,2021,General hospital,0
020001,2022,General hospital,0
020001,2023,General hospital,0
020001,2024,General hospital,0
020006,2019,General hospital,0
020006,2020,General hospital,0
020006,2021,General hospital,0
020006,2022,General hospital,0
020006,2023,General hospital,0
020006,2024,General hospital,0
020008,2019,General hospital,1
020008,2020,General hospital,1
020008,2021,General hospital,0
020008,2022,General hospital,0
020008,2023,General hospital,0
020008,2024,General hospital,0
020012,2019,General hospital,0
020012,2020,General hospital,0
020012,2021,General hospital,0
020012,2022,General hospital,0
020012,2023,General hospital,0
020012,2024,General hospital,0
020017,2019,General hospital,0
020017,2020,General hospital,0
020017,2021,General hospital,0
020017,2022,General hospital,0
020017,2023,General hospital,0
020017,2024,General hospital,0
020018,2019,General hospital,0
020018,2020,General hospital,0
020018,2021,General hospital,0
020018,2022,General hospital,0
020018,2023,General hospital,0
020018,2024,General hospital,0
020024,2019,General hospital,0
020024,2020,General hospital,0
020024,2021,General hospital,0
020024,2022,General hospital,0
020024,2023,General hospital,0
020024,2024,General hospital,0
020026,2019,General hospital,1
020026,2020,General hospital,0
020026,2021,General hospital,0
020026,2022,General hospital,0
020026,2023,General hospital,0
020026,2024,General hospital,0
021301,2019,Small rural (critical access),0
021301,2020,Small rural (critical access),0
021301,2021,Small rural (critical access),0
021301,2022,Small rural (critical access),0
021301,2023,Small rural (critical access),0
021301,2024,Small rural (critical access),0
021302,2019,Small rural (critical access),0
021302,2020,Small rural (critical access),0
021302,2021,Small rural (critical access),0
021302,2022,Small rural (critical access),0
021302,2023,Small rural (critical access),0
021302,2024,Small rural (critical access),0
021303,2019,Small rural (critical access),1
021304,2019,Small rural (critical access),0
021304,2020,Small rural (critical access),0
021304,2021,Small rural (critical access),1
021304,2022,Small rural (critical access),1
021304,2023,Small rural (critical access),0
021304,2024,Small rural (critical access),1
021305,2019,Small rural (critical access),1
021305,2020,Small rural (critical access),1
021305,2021,Small rural (critical access),1
021305,2022,Small rural (critical access),1
021305,2023,Small rural (critical access),1
021305,2024,Small rural (critical access),1
021306,2019,Small rural (critical access),0
021306,2020,Small rural (critical access),0
021306,2021,Small rural (critical access),0
021306,2022,Small rural (critical access),0
021306,2023,Small rural (critical access),0
021306,2024,Small rural (critical access),0
021307,2019,Small rural (critical access),1
021307,2020,Small rural (critical access),1
021307,2021,Small rural (critical access),1
021307,2022,Small rural (critical access),1
021307,2023,Small rural (critical access),0
021307,2024,Small rural (critical access),0
021308,2019,Small rural (critical access),0
021308,2020,Small rural (critical access),0
021308,2021,Small rural (critical access),1
021308,2022,Small rural (critical access),0
021308,2023,Small rural (critical access),0
021308,2024,Small rural (critical access),0
021309,2019,Small rural (critical access),1
021309,2020,Small rural (critical access),1
021309,2021,Small rural (critical access),1
021309,2022,Small rural (critical access),0
021309,2023,Small rural (critical access),0
021309,2024,Small rural (critical access),0
021310,2019,Small rural (critical access),1
021310,2020,Small rural (critical access),1
021310,2021,Small rural (critical access),1
021310,2022,Small rural (critical access),1
021310,2023,Small rural (critical access),0
021310,2024,Small rural (critical access),0
021311,2019,Small rural (critical access),0
021311,2020,Small rural (critical access),0
021311,2021,Small rural (critical access),0
021311,2022,Small rural (critical access),0
021311,2023,Small rural (critical access),0
021311,2024,Small rural (critical access),0
021312,2019,Small rural (critical access),1
021312,2020,Small rural (critical access),1
021312,2021,Small rural (critical access),1
021312,2022,Small rural (critical access),1
021312,2023,Small rural (critical access),1
021312,2024,Small rural (critical access),1
021313,2019,Small rural (critical access),0
021313,2020,Small rural (critical access),0
021313,2021,Small rural (critical access),0
021313,2022,Small rural (critical access),0
021313,2023,Small rural (critical access),0
021313,2024,Small rural (critical access),0
021314,2019,Small rural (critical access),1
021314,2020,Small rural (critical access),1
021314,2021,Small rural (critical access),1
021314,2022,Small rural (critical access),1
021314,2023,Small rural (critical access),1
021314,2024,Small rural (critical access),1
030002,2019,General hospital,0
030002,2020,General hospital,0
030002,2021,General hospital,0
030002,2022,General hospital,0
030002,2023,General hospital,0
030002,2024,General hospital,0
030006,2019,General hospital,0
030006,2020,General hospital,0
030006,2021,General hospital,0
030006,2022,General hospital,0
030006,2023,General hospital,0
030006,2024,General hospital,0
030007,2019,General hospital,0
030007,2020,General hospital,0
030007,2021,General hospital,0
030007,2022,General hospital,0
030007,2023,General hospital,0
030007,2024,General hospital,0
030010,2019,General hospital,0
030010,2020,General hospital,0
030010,2021,General hospital,0
030010,2022,General hospital,0
030010,2023,General hospital,0
030010,2024,General hospital,0
030011,2019,General hospital,0
030011,2020,General hospital,0
030011,2021,General hospital,0
030011,2022,General hospital,0
030011,2023,General hospital,0
030011,2024,General hospital,0
030012,2019,General hospital,1
030012,2020,General hospital,0
030012,2021,General hospital,0
030012,2022,General hospital,0
030012,2023,General hospital,0
030012,2024,General hospital,0
030013,2019,General hospital,0
030013,2020,General hospital,0
030013,2021,General hospital,0
030013,2022,General hospital,0
030013,2023,General hospital,1
030013,2024,General hospital,0
030014,2019,General hospital,0
030014,2020,General hospital,0
030014,2021,General hospital,0
030014,2022,General hospital,0
030014,2023,General hospital,0
030014,2024,General hospital,0
030016,2019,General hospital,0
030016,2020,General hospital,0
030016,2021,General hospital,0
030016,2022,General hospital,0
030016,2023,General hospital,0
030016,2024,General hospital,0
030022,2019,General hospital,0
030022,2020,General hospital,0
030022,2021,General hospital,0
030022,2022,General hospital,0
030022,2023,General hospital,0
030022,2024,General hospital,1
030023,2019,General hospital,0
030023,2020,General hospital,0
030023,2021,General hospital,0
030023,2022,General hospital,0
030023,2023,General hospital,0
030023,2024,General hospital,0
030024,2019,General hospital,0
030024,2020,General hospital,0
030024,2021,General hospital,0
030024,2022,General hospital,0
030024,2023,General hospital,0
030024,2024,General hospital,0
030030,2019,General hospital,0
030030,2020,General hospital,0
030030,2021,General hospital,0
030030,2022,General hospital,0
030030,2023,General hospital,0
030030,2024,General hospital,0
030036,2019,General hospital,0
030036,2020,General hospital,0
030036,2021,General hospital,0
030036,2022,General hospital,0
030036,2023,General hospital,0
030036,2024,General hospital,0
030037,2019,General hospital,0
030037,2020,General hospital,0
030037,2021,General hospital,1
030037,2022,General hospital,0
030037,2023,General hospital,0
030037,2024,General hospital,0
030038,2019,General hospital,0
030038,2020,General hospital,0
030038,2021,General hospital,0
030038,2022,General hospital,0
030038,2023,General hospital,0
030038,2024,General hospital,0
030043,2019,General hospital,0
030043,2020,General hospital,0
030043,2021,General hospital,0
030043,2022,General hospital,0
030043,2023,General hospital,0
030043,2024,General hospital,0
030055,2019,General hospital,0
030055,2020,General hospital,0
030055,2021,General hospital,0
030055,2022,General hospital,0
030055,2023,General hospital,0
030055,2024,General hospital,0
030061,2019,General hospital,0
030061,2020,General hospital,0
030061,2021,General hospital,0
030061,2022,General hospital,0
030061,2023,General hospital,0
030061,2024,General hospital,0
030062,2019,General hospital,0
030062,2020,General hospital,0
030062,2021,General hospital,0
030062,2022,General hospital,0
030062,2023,General hospital,0
030062,2024,General hospital,0
030064,2019,General hospital,0
030064,2020,General hospital,0
030064,2021,General hospital,0
030064,2022,General hospital,0
030064,2023,General hospital,0
030064,2024,General hospital,0
030065,2019,General hospital,0
030065,2020,General hospital,0
030065,2021,General hospital,0
030065,2022,General hospital,0
030065,2023,General hospital,0
030065,2024,General hospital,0
030068,2019,General hospital,0
030068,2020,General hospital,0
030068,2021,General hospital,0
030069,2019,General hospital,0
030069,2020,General hospital,0
030069,2021,General hospital,0
030069,2022,General hospital,0
030069,2023,General hospital,0
030069,2024,General hospital,0
030071,2019,General hospital,1
030071,2020,General hospital,1
030071,2021,General hospital,1
030071,2022,General hospital,1
030071,2023,General hospital,1
030071,2024,General hospital,1
030073,2019,General hospital,1
030073,2020,General hospital,1
030073,2021,General hospital,0
030073,2022,General hospital,0
030073,2023,General hospital,0
030073,2024,General hospital,0
030074,2019,General hospital,1
030074,2020,General hospital,1
030074,2021,General hospital,1
030074,2022,General hospital,1
030074,2023,General hospital,1
030074,2024,General hospital,1
030077,2019,General hospital,1
030077,2020,General hospital,1
030077,2021,General hospital,1
030077,2022,General hospital,1
030078,2019,General hospital,1
030078,2020,General hospital,1
030078,2021,General hospital,1
030078,2022,General hospital,1
030078,2023,General hospital,1
030078,2024,General hospital,1
030083,2019,General hospital,0
030083,2020,General hospital,0
030083,2021,General hospital,0
030083,2022,General hospital,0
030083,2023,General hospital,0
030083,2024,General hospital,0
030084,2019,General hospital,0
030084,2020,General hospital,0
030084,2021,General hospital,1
030084,2022,General hospital,1
030084,2023,General hospital,0
030084,2024,General hospital,0
030085,2019,General hospital,0
030085,2020,General hospital,0
030085,2021,General hospital,0
030085,2022,General hospital,0
030085,2023,General hospital,0
030085,2024,General hospital,0
030087,2019,General hospital,0
030087,2020,General hospital,0
030087,2021,General hospital,0
030087,2022,General hospital,0
030087,2023,General hospital,0
030087,2024,General hospital,0
030088,2019,General hospital,0
030088,2020,General hospital,0
030088,2021,General hospital,0
030088,2022,General hospital,0
030088,2023,General hospital,0
030088,2024,General hospital,0
030089,2019,General hospital,0
030089,2020,General hospital,0
030089,2021,General hospital,0
030089,2022,General hospital,0
030089,2023,General hospital,0
030089,2024,General hospital,0
030092,2019,General hospital,0
030092,2020,General hospital,0
030092,2021,General hospital,0
030092,2022,General hospital,0
030092,2023,General hospital,0
030092,2024,General hospital,0
030093,2019,General hospital,0
030093,2020,General hospital,0
030093,2021,General hospital,0
030093,2022,General hospital,0
030093,2023,General hospital,0
030093,2024,General hospital,0
030094,2019,General hospital,0
030094,2020,General hospital,0
030094,2021,General hospital,0
030094,2022,General hospital,0
030094,2023,General hospital,0
030094,2024,General hospital,0
030101,2019,General hospital,0
030101,2020,General hospital,0
030101,2021,General hospital,0
030101,2022,General hospital,0
030101,2023,General hospital,0
030101,2024,General hospital,0
030103,2019,General hospital,0
030103,2020,General hospital,0
030103,2021,General hospital,0
030103,2022,General hospital,0
030103,2023,General hospital,0
030103,2024,General hospital,0
030105,2019,General hospital,0
030105,2020,General hospital,0
030105,2021,General hospital,0
030105,2022,General hospital,0
030105,2023,General hospital,0
030105,2024,General hospital,0
030107,2019,General hospital,0
030107,2020,General hospital,0
030107,2021,General hospital,0
030107,2022,General hospital,0
030107,2023,General hospital,1
030107,2024,General hospital,0
030108,2019,General hospital,0
030108,2020,General hospital,0
030108,2021,General hospital,1
030108,2022,General hospital,0
030108,2023,General hospital,0
030108,2024,General hospital,0
030110,2019,General hospital,0
030110,2020,General hospital,0
030110,2021,General hospital,0
030110,2022,General hospital,0
030110,2023,General hospital,0
030110,2024,General hospital,0
030111,2019,General hospital,0
030111,2020,General hospital,0
030111,2021,General hospital,0
030111,2022,General hospital,0
030111,2023,General hospital,0
030111,2024,General hospital,0
030112,2019,General hospital,1
030112,2020,General hospital,0
030112,2021,General hospital,0
030112,2022,General hospital,0
030112,2023,General hospital,0
030112,2024,General hospital,0
030113,2019,General hospital,1
030113,2020,General hospital,1
030113,2021,General hospital,1
030113,2022,General hospital,1
030113,2023,General hospital,1
030113,2024,General hospital,1
030114,2019,General hospital,0
030114,2020,General hospital,0
030114,2021,General hospital,0
030114,2022,General hospital,0
030114,2023,General hospital,0
030114,2024,General hospital,0
030115,2019,General hospital,0
030115,2020,General hospital,0
030115,2021,General hospital,0
030115,2022,General hospital,0
030115,2023,General hospital,0
030115,2024,General hospital,0
030117,2019,General hospital,0
030117,2020,General hospital,0
030117,2021,General hospital,0
030117,2022,General hospital,0
030117,2023,General hospital,0
030117,2024,General hospital,0
030119,2019,General hospital,0
030119,2020,General hospital,0
030119,2021,General hospital,0
030119,2022,General hospital,0
030119,2023,General hospital,0
030119,2024,General hospital,0
030121,2019,General hospital,0
030121,2020,General hospital,0
030121,2021,General hospital,1
030121,2022,General hospital,0
030121,2023,General hospital,0
030121,2024,General hospital,0
030122,2019,General hospital,0
030122,2020,General hospital,0
030122,2021,General hospital,0
030122,2022,General hospital,0
030122,2023,General hospital,0
030122,2024,General hospital,0
030123,2019,General hospital,0
030123,2020,General hospital,0
030123,2021,General hospital,0
030123,2022,General hospital,0
030123,2023,General hospital,0
030123,2024,General hospital,0
030130,2019,General hospital,0
030130,2020,General hospital,0
030130,2021,General hospital,0
030130,2022,General hospital,0
030130,2023,General hospital,0
030130,2024,General hospital,0
030131,2019,General hospital,1
030131,2020,General hospital,0
030131,2021,General hospital,0
030131,2022,General hospital,0
030131,2023,General hospital,0
030131,2024,General hospital,0
030134,2019,General hospital,0
030134,2020,General hospital,0
030134,2021,General hospital,0
030134,2022,General hospital,0
030134,2023,General hospital,0
030134,2024,General hospital,0
030136,2019,General hospital,1
030136,2020,General hospital,1
030136,2021,General hospital,1
030136,2022,General hospital,1
030136,2023,General hospital,1
030136,2024,General hospital,0
030137,2019,General hospital,1
030137,2020,General hospital,1
030137,2021,General hospital,0
030137,2022,General hospital,1
030138,2019,General hospital,0
030138,2020,General hospital,0
030138,2021,General hospital,0
030138,2022,General hospital,0
030138,2023,General hospital,0
030138,2024,General hospital,1
030139,2019,General hospital,1
030139,2020,General hospital,1
030139,2021,General hospital,0
030139,2022,General hospital,1
030139,2023,General hospital,1
030139,2024,General hospital,0
030146,2021,General hospital,1
030146,2022,General hospital,0
030146,2023,General hospital,0
030146,2024,General hospital,0
030147,2021,General hospital,1
030147,2022,General hospital,0
030147,2023,General hospital,0
030147,2024,General hospital,0
030148,2021,General hospital,1
030148,2022,General hospital,1
030148,2023,General hospital,0
030148,2024,General hospital,0
030152,2023,General hospital,1
030152,2024,General hospital,1
030153,2023,General hospital,1
030153,2024,General hospital,1
030154,2024,General hospital,1
031300,2019,Small rural (critical access),1
031300,2020,Small rural (critical access),1
031300,2021,Small rural (critical access),0
031300,2022,Small rural (critical access),0
031300,2023,Small rural (critical access),0
031300,2024,Small rural (critical access),0
031301,2019,Small rural (critical access),0
031301,2020,Small rural (critical access),0
031301,2021,Small rural (critical access),0
031301,2022,Small rural (critical access),0
031301,2023,Small rural (critical access),1
031301,2024,Small rural (critical access),0
031302,2019,Small rural (critical access),1
031302,2020,Small rural (critical access),1
031302,2021,Small rural (critical access),1
031302,2022,Small rural (critical access),1
031302,2023,Small rural (critical access),1
031302,2024,Small rural (critical access),1
031304,2019,Small rural (critical access),0
031304,2020,Small rural (critical access),0
031304,2021,Small rural (critical access),0
031304,2022,Small rural (critical access),0
031304,2023,Small rural (critical access),0
031304,2024,Small rural (critical access),0
031305,2019,Small rural (critical access),1
031305,2020,Small rural (critical access),1
031305,2021,Small rural (critical access),1
031305,2022,Small rural (critical access),1
031305,2023,Small rural (critical access),1
031305,2024,Small rural (critical access),1
031307,2019,Small rural (critical access),1
031307,2020,Small rural (critical access),1
031307,2021,Small rural (critical access),1
031307,2022,Small rural (critical access),1
031307,2023,Small rural (critical access),1
031307,2024,Small rural (critical access),1
031308,2019,Small rural (critical access),1
031308,2020,Small rural (critical access),1
031308,2021,Small rural (critical access),1
031308,2022,Small rural (critical access),1
031308,2023,Small rural (critical access),1
031308,2024,Small rural (critical access),0
031309,2019,Small rural (critical access),1
031309,2020,Small rural (critical access),1
031309,2021,Small rural (critical access),1
031309,2022,Small rural (critical access),1
031309,2023,Small rural (critical access),1
031309,2024,Small rural (critical access),1
031311,2019,Small rural (critical access),0
031311,2020,Small rural (critical access),0
031311,2021,Small rural (critical access),0
031311,2022,Small rural (critical access),1
031311,2023,Small rural (critical access),0
031311,2024,Small rural (critical access),1
031312,2019,Small rural (critical access),0
031312,2020,Small rural (critical access),0
031312,2021,Small rural (critical access),0
031312,2022,Small rural (critical access),0
031312,2023,Small rural (critical access),0
031312,2024,Small rural (critical access),0
031313,2019,Small rural (critical access),0
031313,2020,Small rural (critical access),0
031313,2021,Small rural (critical access),0
031313,2022,Small rural (critical access),0
031313,2023,Small rural (critical access),0
031313,2024,Small rural (critical access),0
031314,2019,Small rural (critical access),0
031314,2020,Small rural (critical access),0
031314,2021,Small rural (critical access),0
031314,2022,Small rural (critical access),0
031314,2023,Small rural (critical access),0
031314,2024,Small rural (critical access),0
031315,2019,Small rural (critical access),1
031315,2020,Small rural (critical access),1
031315,2021,Small rural (critical access),0
031315,2022,Small rural (critical access),0
031315,2023,Small rural (critical access),1
031315,2024,Small rural (critical access),1
031317,2019,Small rural (critical access),1
031317,2020,Small rural (critical access),1
031317,2021,Small rural (critical access),1
031317,2022,Small rural (critical access),1
031317,2023,Small rural (critical access),0
031317,2024,Small rural (critical access),0
031318,2019,Small rural (critical access),0
031318,2020,Small rural (critical access),0
031318,2021,Small rural (critical access),0
031318,2022,Small rural (critical access),0
031318,2023,Small rural (critical access),0
031318,2024,Small rural (critical access),0
031319,2022,Small rural (critical access),1
031319,2023,Small rural (critical access),0
031319,2024,Small rural (critical access),1
031320,2023,Small rural (critical access),1
031320,2024,Small rural (critical access),1
040001,2019,General hospital,0
040001,2020,General hospital,0
040001,2021,General hospital,0
040001,2022,General hospital,0
040001,2023,General hospital,0
040001,2024,General hospital,0
040002,2019,General hospital,0
040002,2020,General hospital,0
040002,2021,General hospital,1
040002,2022,General hospital,0
040002,2023,General hospital,0
040002,2024,General hospital,0
040004,2019,General hospital,0
040004,2020,General hospital,0
040004,2021,General hospital,0
040004,2022,General hospital,0
040004,2023,General hospital,0
040004,2024,General hospital,0
040007,2019,General hospital,0
040007,2020,General hospital,0
040007,2021,General hospital,0
040007,2022,General hospital,0
040007,2023,General hospital,0
040007,2024,General hospital,0
040010,2019,General hospital,0
040010,2020,General hospital,0
040010,2021,General hospital,0
040010,2022,General hospital,0
040010,2023,General hospital,0
040010,2024,General hospital,0
040011,2019,General hospital,1
040011,2020,General hospital,1
040011,2021,General hospital,0
040011,2022,General hospital,0
040011,2023,General hospital,1
040011,2024,General hospital,0
040014,2019,General hospital,0
040014,2020,General hospital,0
040014,2021,General hospital,0
040014,2022,General hospital,0
040014,2023,General hospital,0
040014,2024,General hospital,0
040015,2019,General hospital,0
040015,2020,General hospital,0
040015,2021,General hospital,0
040015,2022,General hospital,0
040015,2023,General hospital,0
040015,2024,General hospital,0
040016,2019,General hospital,0
040016,2020,General hospital,0
040016,2021,General hospital,0
040016,2022,General hospital,0
040016,2023,General hospital,0
040016,2024,General hospital,0
040017,2019,General hospital,1
040017,2020,General hospital,0
040017,2021,General hospital,0
040017,2022,General hospital,0
040017,2023,General hospital,0
040017,2024,General hospital,0
040018,2019,General hospital,0
040018,2020,General hospital,0
040018,2021,General hospital,0
040018,2022,General hospital,0
040018,2023,General hospital,0
040018,2024,General hospital,0
040019,2019,General hospital,0
040019,2020,General hospital,0
040019,2021,General hospital,0
040019,2022,General hospital,0
040019,2023,General hospital,0
040019,2024,General hospital,0
040020,2019,General hospital,0
040020,2020,General hospital,0
040020,2021,General hospital,0
040020,2022,General hospital,0
040020,2023,General hospital,0
040020,2024,General hospital,0
040022,2019,General hospital,0
040022,2020,General hospital,0
040022,2021,General hospital,0
040022,2022,General hospital,0
040022,2023,General hospital,0
040022,2024,General hospital,0
040026,2019,General hospital,0
040026,2020,General hospital,0
040026,2021,General hospital,0
040026,2022,General hospital,0
040026,2023,General hospital,0
040026,2024,General hospital,0
040027,2019,General hospital,0
040027,2020,General hospital,0
040027,2021,General hospital,0
040027,2022,General hospital,0
040027,2023,General hospital,0
040027,2024,General hospital,0
040029,2019,General hospital,0
040029,2020,General hospital,0
040029,2021,General hospital,0
040029,2022,General hospital,0
040029,2023,General hospital,0
040029,2024,General hospital,0
040036,2019,General hospital,0
040036,2020,General hospital,0
040036,2021,General hospital,0
040036,2022,General hospital,0
040036,2023,General hospital,0
040036,2024,General hospital,0
040039,2019,General hospital,0
040039,2020,General hospital,0
040039,2021,General hospital,0
040039,2022,General hospital,0
040039,2023,General hospital,0
040039,2024,General hospital,0
040041,2019,General hospital,0
040041,2020,General hospital,0
040041,2021,General hospital,0
040041,2022,General hospital,0
040041,2023,General hospital,0
040041,2024,General hospital,0
040047,2019,General hospital,0
040047,2020,General hospital,0
040047,2021,General hospital,0
040047,2022,General hospital,0
040047,2023,General hospital,0
040050,2019,General hospital,0
040050,2020,General hospital,0
040050,2021,General hospital,0
040050,2022,General hospital,0
040050,2023,General hospital,0
040050,2024,General hospital,0
040051,2019,General hospital,0
040051,2020,General hospital,0
040051,2021,General hospital,0
040051,2022,General hospital,0
040051,2023,General hospital,0
040051,2024,General hospital,0
040055,2019,General hospital,0
040055,2020,General hospital,0
040055,2021,General hospital,0
040055,2022,General hospital,0
040055,2023,General hospital,0
040055,2024,General hospital,0
040062,2019,General hospital,0
040062,2020,General hospital,0
040062,2021,General hospital,0
040062,2022,General hospital,0
040062,2023,General hospital,0
040062,2024,General hospital,0
040067,2019,General hospital,0
040067,2020,General hospital,0
040067,2021,General hospital,0
040067,2022,General hospital,0
040067,2023,General hospital,0
040067,2024,General hospital,0
040069,2019,General hospital,0
040069,2020,General hospital,0
040069,2021,General hospital,0
040069,2022,General hospital,0
040069,2023,General hospital,0
040069,2024,General hospital,0
040071,2019,General hospital,0
040071,2020,General hospital,0
040071,2021,General hospital,0
040071,2022,General hospital,0
040071,2023,General hospital,0
040071,2024,General hospital,0
040072,2019,General hospital,0
040072,2020,General hospital,0
040072,2021,General hospital,0
040072,2022,General hospital,0
040072,2023,General hospital,0
040072,2024,General hospital,0
040074,2019,General hospital,1
040074,2020,General hospital,1
040074,2021,General hospital,1
040076,2019,General hospital,0
040076,2020,General hospital,0
040076,2021,General hospital,0
040076,2022,General hospital,0
040076,2023,General hospital,0
040076,2024,General hospital,0
040078,2019,General hospital,0
040078,2020,General hospital,0
040078,2021,General hospital,0
040078,2022,General hospital,0
040078,2023,General hospital,0
040078,2024,General hospital,0
040084,2019,General hospital,0
040084,2020,General hospital,0
040084,2021,General hospital,0
040084,2022,General hospital,0
040084,2023,General hospital,0
040084,2024,General hospital,0
040085,2019,General hospital,0
040085,2020,General hospital,0
040085,2021,General hospital,0
040085,2022,General hospital,0
040085,2023,General hospital,0
040088,2019,General hospital,0
040088,2020,General hospital,0
040088,2021,General hospital,0
040088,2022,General hospital,0
040088,2023,General hospital,0
040088,2024,General hospital,0
040114,2019,General hospital,0
040114,2020,General hospital,0
040114,2021,General hospital,0
040114,2022,General hospital,0
040114,2023,General hospital,0
040114,2024,General hospital,0
040118,2019,General hospital,0
040118,2020,General hospital,0
040118,2021,General hospital,0
040118,2022,General hospital,0
040118,2023,General hospital,0
040118,2024,General hospital,0
040119,2019,General hospital,1
040119,2020,General hospital,0
040119,2021,General hospital,0
040119,2022,General hospital,0
040119,2023,General hospital,0
040119,2024,General hospital,0
040132,2019,General hospital,1
040132,2020,General hospital,1
040132,2021,General hospital,1
040132,2022,General hospital,1
040132,2023,General hospital,1
040132,2024,General hospital,1
040134,2019,General hospital,0
040134,2020,General hospital,0
040134,2021,General hospital,0
040134,2022,General hospital,0
040134,2023,General hospital,0
040134,2024,General hospital,0
040137,2019,General hospital,0
040137,2020,General hospital,0
040137,2021,General hospital,0
040137,2022,General hospital,0
040137,2023,General hospital,0
040137,2024,General hospital,0
040147,2019,General hospital,1
040147,2020,General hospital,0
040147,2021,General hospital,0
040147,2022,General hospital,0
040147,2023,General hospital,0
040147,2024,General hospital,0
040152,2019,General hospital,0
040152,2020,General hospital,0
040152,2021,General hospital,0
040152,2022,General hospital,0
040152,2023,General hospital,1
040153,2019,General hospital,0
040153,2020,General hospital,0
040153,2021,General hospital,1
040153,2022,General hospital,0
040153,2023,General hospital,0
040153,2024,General hospital,0
040154,2019,General hospital,0
040154,2020,General hospital,0
040154,2021,General hospital,0
040154,2022,General hospital,0
040154,2023,General hospital,0
040154,2024,General hospital,0
040156,2020,General hospital,1
040156,2021,General hospital,0
040156,2022,General hospital,0
040156,2023,General hospital,0
040156,2024,General hospital,0
040161,2021,General hospital,1
040161,2022,General hospital,0
040161,2023,General hospital,0
040161,2024,General hospital,0
040164,2024,General hospital,1
041300,2019,Small rural (critical access),0
041300,2020,Small rural (critical access),0
041300,2021,Small rural (critical access),0
041300,2022,Small rural (critical access),0
041300,2023,Small rural (critical access),0
041300,2024,Small rural (critical access),0
041302,2019,Small rural (critical access),1
041302,2020,Small rural (critical access),1
041302,2021,Small rural (critical access),0
041302,2022,Small rural (critical access),0
041302,2023,Small rural (critical access),0
041302,2024,Small rural (critical access),0
041303,2019,Small rural (critical access),0
041303,2020,Small rural (critical access),0
041303,2021,Small rural (critical access),0
041303,2022,Small rural (critical access),0
041303,2023,Small rural (critical access),0
041303,2024,Small rural (critical access),0
041304,2019,Small rural (critical access),0
041304,2020,Small rural (critical access),0
041304,2021,Small rural (critical access),1
041304,2022,Small rural (critical access),1
041304,2023,Small rural (critical access),0
041305,2019,Small rural (critical access),0
041305,2020,Small rural (critical access),0
041305,2021,Small rural (critical access),0
041305,2022,Small rural (critical access),0
041305,2023,Small rural (critical access),0
041305,2024,Small rural (critical access),0
041306,2019,Small rural (critical access),1
041306,2020,Small rural (critical access),1
041306,2021,Small rural (critical access),1
041306,2022,Small rural (critical access),1
041306,2023,Small rural (critical access),1
041306,2024,Small rural (critical access),0
041307,2019,Small rural (critical access),0
041307,2020,Small rural (critical access),0
041307,2021,Small rural (critical access),0
041307,2022,Small rural (critical access),0
041307,2023,Small rural (critical access),0
041307,2024,Small rural (critical access),0
041308,2019,Small rural (critical access),1
041308,2020,Small rural (critical access),1
041308,2021,Small rural (critical access),0
041308,2022,Small rural (critical access),0
041308,2023,Small rural (critical access),1
041308,2024,Small rural (critical access),0
041309,2019,Small rural (critical access),0
041309,2020,Small rural (critical access),0
041309,2021,Small rural (critical access),0
041309,2022,Small rural (critical access),0
041309,2023,Small rural (critical access),0
041309,2024,Small rural (critical access),0
041310,2019,Small rural (critical access),0
041310,2020,Small rural (critical access),0
041310,2021,Small rural (critical access),0
041310,2022,Small rural (critical access),0
041310,2023,Small rural (critical access),0
041310,2024,Small rural (critical access),0
041311,2019,Small rural (critical access),0
041311,2020,Small rural (critical access),0
041311,2021,Small rural (critical access),0
041311,2022,Small rural (critical access),0
041311,2023,Small rural (critical access),0
041311,2024,Small rural (critical access),0
041312,2019,Small rural (critical access),0
041312,2020,Small rural (critical access),0
041312,2021,Small rural (critical access),0
041312,2022,Small rural (critical access),0
041312,2023,Small rural (critical access),0
041312,2024,Small rural (critical access),0
041313,2019,Small rural (critical access),0
041313,2020,Small rural (critical access),0
041313,2021,Small rural (critical access),0
041313,2022,Small rural (critical access),1
041313,2023,Small rural (critical access),1
041313,2024,Small rural (critical access),0
041314,2019,Small rural (critical access),1
041314,2020,Small rural (critical access),1
041314,2021,Small rural (critical access),1
041314,2022,Small rural (critical access),0
041314,2023,Small rural (critical access),0
041314,2024,Small rural (critical access),1
041316,2019,Small rural (critical access),0
041316,2020,Small rural (critical access),0
041316,2021,Small rural (critical access),0
041316,2022,Small rural (critical access),0
041316,2023,Small rural (critical access),0
041316,2024,Small rural (critical access),0
041317,2019,Small rural (critical access),1
041317,2020,Small rural (critical access),1
041317,2021,Small rural (critical access),1
041317,2022,Small rural (critical access),0
041317,2023,Small rural (critical access),0
041317,2024,Small rural (critical access),1
041318,2019,Small rural (critical access),0
041318,2020,Small rural (critical access),0
041318,2021,Small rural (critical access),0
041318,2022,Small rural (critical access),0
041318,2023,Small rural (critical access),0
041318,2024,Small rural (critical access),0
041319,2019,Small rural (critical access),1
041320,2019,Small rural (critical access),0
041320,2020,Small rural (critical access),0
041320,2021,Small rural (critical access),1
041320,2022,Small rural (critical access),0
041320,2023,Small rural (critical access),0
041320,2024,Small rural (critical access),0
041321,2019,Small rural (critical access),0
041321,2020,Small rural (critical access),0
041321,2021,Small rural (critical access),0
041321,2022,Small rural (critical access),0
041321,2023,Small rural (critical access),0
041321,2024,Small rural (critical access),0
041322,2019,Small rural (critical access),0
041322,2020,Small rural (critical access),0
041322,2021,Small rural (critical access),0
041322,2022,Small rural (critical access),0
041322,2023,Small rural (critical access),1
041322,2024,Small rural (critical access),1
041323,2019,Small rural (critical access),1
041323,2020,Small rural (critical access),1
041323,2021,Small rural (critical access),0
041323,2022,Small rural (critical access),0
041323,2023,Small rural (critical access),0
041323,2024,Small rural (critical access),1
041324,2019,Small rural (critical access),0
041324,2020,Small rural (critical access),0
041324,2021,Small rural (critical access),0
041324,2022,Small rural (critical access),0
041324,2023,Small rural (critical access),0
041324,2024,Small rural (critical access),0
041326,2019,Small rural (critical access),1
041326,2020,Small rural (critical access),1
041326,2021,Small rural (critical access),1
041326,2022,Small rural (critical access),1
041326,2023,Small rural (critical access),0
041326,2024,Small rural (critical access),0
041327,2019,Small rural (critical access),0
041327,2020,Small rural (critical access),0
041327,2021,Small rural (critical access),0
041327,2022,Small rural (critical access),0
041327,2023,Small rural (critical access),0
041327,2024,Small rural (critical access),0
041328,2019,Small rural (critical access),0
041328,2020,Small rural (critical access),0
041328,2021,Small rural (critical access),1
041328,2022,Small rural (critical access),0
041328,2023,Small rural (critical access),0
041328,2024,Small rural (critical access),0
041329,2019,Small rural (critical access),0
041329,2020,Small rural (critical access),0
041329,2021,Small rural (critical access),0
041329,2022,Small rural (critical access),0
041329,2023,Small rural (critical access),0
041329,2024,Small rural (critical access),0
041330,2019,Small rural (critical access),0
041330,2020,Small rural (critical access),0
041330,2021,Small rural (critical access),0
041330,2022,Small rural (critical access),0
041330,2023,Small rural (critical access),0
041330,2024,Small rural (critical access),0
041331,2019,Small rural (critical access),0
041331,2020,Small rural (critical access),0
041331,2021,Small rural (critical access),0
041331,2022,Small rural (critical access),0
041331,2023,Small rural (critical access),1
041331,2024,Small rural (critical access),0
041332,2023,Small rural (critical access),1
041332,2024,Small rural (critical access),1
050002,2019,General hospital,0
050002,2020,General hospital,0
050002,2021,General hospital,0
050002,2022,General hospital,0
050002,2023,General hospital,0
050002,2024,General hospital,0
050006,2019,General hospital,0
050006,2020,General hospital,0
050006,2021,General hospital,0
050006,2022,General hospital,0
050006,2023,General hospital,0
050006,2024,General hospital,0
050007,2019,General hospital,0
050007,2020,General hospital,0
050007,2021,General hospital,0
050007,2022,General hospital,0
050007,2023,General hospital,0
050007,2024,General hospital,0
050008,2019,General hospital,0
050008,2020,General hospital,0
050008,2021,General hospital,0
050008,2022,General hospital,0
050008,2023,General hospital,0
050008,2024,General hospital,0
050009,2019,General hospital,0
050009,2020,General hospital,0
050009,2021,General hospital,0
050009,2022,General hospital,0
050009,2023,General hospital,0
050009,2024,General hospital,0
050013,2019,General hospital,0
050013,2020,General hospital,0
050013,2021,General hospital,0
050013,2022,General hospital,0
050013,2023,General hospital,0
050013,2024,General hospital,0
050014,2019,General hospital,0
050014,2020,General hospital,0
050014,2021,General hospital,0
050014,2022,General hospital,0
050014,2023,General hospital,0
050014,2024,General hospital,0
050017,2019,General hospital,0
050017,2020,General hospital,0
050017,2021,General hospital,0
050017,2022,General hospital,0
050017,2023,General hospital,0
050017,2024,General hospital,0
050022,2019,General hospital,0
050022,2020,General hospital,0
050022,2021,General hospital,0
050022,2022,General hospital,0
050022,2023,General hospital,0
050022,2024,General hospital,0
050024,2019,General hospital,0
050024,2020,General hospital,0
050024,2021,General hospital,0
050024,2022,General hospital,0
050024,2023,General hospital,0
050024,2024,General hospital,0
050025,2019,General hospital,0
050025,2020,General hospital,0
050025,2021,General hospital,0
050025,2022,General hospital,0
050025,2023,General hospital,0
050025,2024,General hospital,0
050026,2019,General hospital,0
050026,2020,General hospital,0
050026,2021,General hospital,0
050026,2022,General hospital,0
050026,2023,General hospital,0
050026,2024,General hospital,0
050028,2019,General hospital,0
050028,2020,General hospital,0
050028,2021,General hospital,0
050028,2022,General hospital,0
050028,2023,General hospital,0
050028,2024,General hospital,0
050030,2019,General hospital,0
050030,2020,General hospital,0
050030,2021,General hospital,0
050030,2022,General hospital,0
050030,2023,General hospital,0
050030,2024,General hospital,0
050036,2019,General hospital,0
050036,2020,General hospital,0
050036,2021,General hospital,0
050036,2022,General hospital,0
050036,2023,General hospital,0
050036,2024,General hospital,0
050038,2019,General hospital,0
050038,2020,General hospital,0
050038,2021,General hospital,0
050038,2022,General hospital,0
050038,2023,General hospital,0
050038,2024,General hospital,0
050039,2019,General hospital,0
050039,2020,General hospital,0
050039,2021,General hospital,0
050039,2022,General hospital,0
050039,2023,General hospital,0
050039,2024,General hospital,0
050040,2019,General hospital,0
050040,2020,General hospital,0
050040,2021,General hospital,0
050040,2022,General hospital,0
050040,2023,General hospital,0
050040,2024,General hospital,0
050042,2019,General hospital,0
050042,2020,General hospital,0
050042,2021,General hospital,0
050042,2022,General hospital,0
050042,2023,General hospital,0
050042,2024,General hospital,0
050043,2019,General hospital,0
050043,2020,General hospital,0
050043,2021,General hospital,0
050043,2022,General hospital,0
050043,2023,General hospital,0
050043,2024,General hospital,0
050045,2019,General hospital,0
050045,2020,General hospital,0
050045,2021,General hospital,1
050045,2022,General hospital,1
050045,2023,General hospital,1
050045,2024,General hospital,1
050047,2019,General hospital,0
050047,2020,General hospital,0
050047,2021,General hospital,0
050047,2022,General hospital,0
050047,2023,General hospital,0
050047,2024,General hospital,0
050054,2019,General hospital,1
050054,2020,General hospital,1
050054,2021,General hospital,0
050054,2022,General hospital,1
050054,2023,General hospital,0
050054,2024,General hospital,0
050055,2019,General hospital,0
050055,2020,General hospital,0
050055,2021,General hospital,0
050055,2022,General hospital,0
050055,2023,General hospital,0
050055,2024,General hospital,0
050056,2019,General hospital,1
050056,2020,General hospital,1
050056,2021,General hospital,0
050056,2022,General hospital,0
050056,2023,General hospital,0
050056,2024,General hospital,0
050057,2019,General hospital,0
050057,2020,General hospital,0
050057,2021,General hospital,0
050057,2022,General hospital,0
050057,2023,General hospital,0
050057,2024,General hospital,0
050058,2019,General hospital,0
050058,2020,General hospital,0
050058,2021,General hospital,0
050058,2022,General hospital,0
050058,2023,General hospital,0
050058,2024,General hospital,0
050060,2019,General hospital,0
050060,2020,General hospital,0
050060,2021,General hospital,0
050060,2022,General hospital,0
050060,2023,General hospital,0
050060,2024,General hospital,0
050063,2019,General hospital,0
050063,2020,General hospital,0
050063,2021,General hospital,0
050063,2022,General hospital,0
050063,2023,General hospital,0
050063,2024,General hospital,1
050067,2019,General hospital,1
050067,2020,General hospital,1
050067,2021,General hospital,0
050067,2022,General hospital,0
050067,2023,General hospital,1
050067,2024,General hospital,1
050069,2019,General hospital,0
050069,2020,General hospital,0
050069,2021,General hospital,0
050069,2022,General hospital,0
050069,2023,General hospital,0
050069,2024,General hospital,0
050070,2019,General hospital,0
050070,2020,General hospital,0
050070,2021,General hospital,0
050070,2022,General hospital,0
050070,2023,General hospital,0
050070,2024,General hospital,0
050071,2019,General hospital,0
050071,2020,General hospital,0
050071,2021,General hospital,0
050071,2022,General hospital,0
050071,2023,General hospital,0
050071,2024,General hospital,0
050072,2019,General hospital,0
050072,2020,General hospital,0
050072,2021,General hospital,0
050072,2022,General hospital,0
050072,2023,General hospital,0
050072,2024,General hospital,0
050073,2019,General hospital,0
050073,2020,General hospital,0
050073,2021,General hospital,0
050073,2022,General hospital,0
050073,2023,General hospital,0
050073,2024,General hospital,0
050075,2019,General hospital,0
050075,2020,General hospital,0
050075,2021,General hospital,0
050075,2022,General hospital,0
050075,2023,General hospital,0
050075,2024,General hospital,0
050076,2019,General hospital,0
050076,2020,General hospital,0
050076,2021,General hospital,0
050076,2022,General hospital,0
050076,2023,General hospital,0
050076,2024,General hospital,0
050077,2019,General hospital,1
050077,2020,General hospital,1
050077,2021,General hospital,0
050077,2022,General hospital,0
050077,2023,General hospital,0
050077,2024,General hospital,0
050078,2019,General hospital,0
050078,2020,General hospital,0
050078,2021,General hospital,0
050078,2022,General hospital,0
050078,2023,General hospital,0
050078,2024,General hospital,0
050082,2019,General hospital,0
050082,2020,General hospital,0
050082,2021,General hospital,0
050082,2022,General hospital,0
050082,2023,General hospital,0
050082,2024,General hospital,0
050084,2019,General hospital,0
050084,2020,General hospital,0
050084,2021,General hospital,0
050084,2022,General hospital,0
050084,2023,General hospital,0
050084,2024,General hospital,0
050089,2019,General hospital,0
050089,2020,General hospital,0
050089,2021,General hospital,0
050089,2022,General hospital,0
050089,2023,General hospital,0
050089,2024,General hospital,0
050090,2019,General hospital,0
050090,2020,General hospital,0
050090,2021,General hospital,0
050090,2022,General hospital,1
050090,2023,General hospital,1
050090,2024,General hospital,0
050091,2019,General hospital,0
050091,2020,General hospital,0
050091,2021,General hospital,0
050091,2022,General hospital,0
050091,2023,General hospital,1
050091,2024,General hospital,0
050093,2019,General hospital,0
050093,2020,General hospital,0
050093,2021,General hospital,0
050093,2022,General hospital,0
050093,2023,General hospital,0
050093,2024,General hospital,0
050096,2019,General hospital,0
050096,2020,General hospital,0
050096,2021,General hospital,1
050096,2022,General hospital,0
050096,2023,General hospital,1
050099,2019,General hospital,0
050099,2020,General hospital,0
050099,2021,General hospital,0
050099,2022,General hospital,0
050099,2023,General hospital,0
050099,2024,General hospital,0
050100,2019,General hospital,0
050100,2020,General hospital,0
050100,2021,General hospital,0
050100,2022,General hospital,0
050100,2023,General hospital,0
050100,2024,General hospital,0
050101,2019,General hospital,0
050101,2020,General hospital,0
050101,2021,General hospital,0
050101,2022,General hospital,0
050101,2023,General hospital,0
050101,2024,General hospital,0
050102,2019,General hospital,0
050102,2020,General hospital,0
050102,2021,General hospital,1
050102,2022,General hospital,1
050102,2023,General hospital,1
050102,2024,General hospital,1
050103,2019,General hospital,0
050103,2020,General hospital,0
050103,2021,General hospital,0
050103,2022,General hospital,1
050103,2023,General hospital,0
050103,2024,General hospital,0
050104,2019,General hospital,1
050104,2020,General hospital,1
050104,2021,General hospital,0
050104,2022,General hospital,0
050104,2023,General hospital,0
050104,2024,General hospital,0
050107,2019,General hospital,0
050107,2020,General hospital,0
050107,2021,General hospital,0
050107,2022,General hospital,0
050107,2023,General hospital,0
050107,2024,General hospital,0
050108,2019,General hospital,0
050108,2020,General hospital,0
050108,2021,General hospital,0
050108,2022,General hospital,0
050108,2023,General hospital,0
050108,2024,General hospital,0
050110,2019,General hospital,0
050110,2020,General hospital,0
050110,2021,General hospital,0
050110,2022,General hospital,0
050110,2023,General hospital,0
050110,2024,General hospital,0
050112,2019,General hospital,0
050112,2020,General hospital,0
050112,2021,General hospital,0
050112,2022,General hospital,0
050112,2023,General hospital,0
050112,2024,General hospital,0
050113,2019,General hospital,1
050113,2020,General hospital,1
050113,2021,General hospital,1
050113,2022,General hospital,1
050113,2023,General hospital,1
050113,2024,General hospital,1
050115,2019,General hospital,0
050115,2020,General hospital,0
050115,2021,General hospital,0
050115,2022,General hospital,0
050115,2023,General hospital,0
050115,2024,General hospital,0
050116,2019,General hospital,0
050116,2020,General hospital,0
050116,2021,General hospital,0
050116,2022,General hospital,0
050116,2023,General hospital,0
050116,2024,General hospital,0
050118,2019,General hospital,0
050118,2020,General hospital,0
050118,2021,General hospital,0
050118,2022,General hospital,0
050118,2023,General hospital,0
050118,2024,General hospital,0
050121,2019,General hospital,0
050121,2020,General hospital,0
050121,2021,General hospital,0
050121,2022,General hospital,0
050121,2023,General hospital,0
050121,2024,General hospital,0
050122,2019,General hospital,0
050122,2020,General hospital,0
050122,2021,General hospital,1
050122,2022,General hospital,1
050122,2023,General hospital,1
050122,2024,General hospital,1
050124,2019,General hospital,0
050124,2020,General hospital,0
050124,2021,General hospital,0
050124,2022,General hospital,0
050124,2023,General hospital,0
050124,2024,General hospital,0
050125,2019,General hospital,0
050125,2020,General hospital,0
050125,2021,General hospital,0
050125,2022,General hospital,0
050125,2023,General hospital,0
050125,2024,General hospital,0
050126,2019,General hospital,0
050126,2020,General hospital,0
050126,2021,General hospital,0
050126,2022,General hospital,0
050126,2023,General hospital,0
050126,2024,General hospital,0
050127,2019,General hospital,0
050127,2020,General hospital,0
050127,2021,General hospital,0
050127,2022,General hospital,0
050127,2023,General hospital,0
050127,2024,General hospital,0
050128,2019,General hospital,0
050128,2020,General hospital,0
050128,2021,General hospital,1
050128,2022,General hospital,0
050128,2023,General hospital,1
050128,2024,General hospital,0
050129,2019,General hospital,0
050129,2020,General hospital,0
050129,2021,General hospital,0
050129,2022,General hospital,0
050129,2023,General hospital,0
050129,2024,General hospital,0
050131,2019,General hospital,0
050131,2020,General hospital,0
050131,2021,General hospital,0
050131,2022,General hospital,0
050131,2023,General hospital,0
050131,2024,General hospital,0
050132,2019,General hospital,0
050132,2020,General hospital,0
050132,2021,General hospital,0
050132,2022,General hospital,0
050132,2023,General hospital,0
050132,2024,General hospital,0
050133,2019,General hospital,1
050133,2020,General hospital,1
050133,2021,General hospital,0
050133,2022,General hospital,0
050133,2023,General hospital,0
050133,2024,General hospital,0
050135,2019,General hospital,0
050135,2020,General hospital,0
050135,2021,General hospital,0
050135,2022,General hospital,0
050135,2023,General hospital,0
050135,2024,General hospital,1
050136,2019,General hospital,0
050136,2020,General hospital,0
050136,2021,General hospital,0
050136,2022,General hospital,0
050136,2023,General hospital,0
050136,2024,General hospital,0
050137,2019,General hospital,0
050137,2020,General hospital,0
050137,2021,General hospital,0
050137,2022,General hospital,0
050137,2023,General hospital,0
050137,2024,General hospital,0
050138,2019,General hospital,0
050138,2020,General hospital,0
050138,2021,General hospital,0
050138,2022,General hospital,0
050138,2023,General hospital,0
050138,2024,General hospital,0
050139,2019,General hospital,0
050139,2020,General hospital,0
050139,2021,General hospital,0
050139,2022,General hospital,0
050139,2023,General hospital,0
050139,2024,General hospital,0
050140,2019,General hospital,0
050140,2020,General hospital,0
050140,2021,General hospital,0
050140,2022,General hospital,0
050140,2023,General hospital,0
050140,2024,General hospital,0
050145,2019,General hospital,0
050145,2020,General hospital,0
050145,2021,General hospital,1
050145,2022,General hospital,0
050145,2023,General hospital,0
050145,2024,General hospital,0
050149,2019,General hospital,0
050149,2020,General hospital,0
050149,2021,General hospital,0
050149,2022,General hospital,0
050149,2023,General hospital,0
050149,2024,General hospital,0
050150,2019,General hospital,0
050150,2020,General hospital,0
050150,2021,General hospital,0
050150,2022,General hospital,0
050150,2023,General hospital,0
050150,2024,General hospital,0
050152,2019,General hospital,0
050152,2020,General hospital,0
050152,2021,General hospital,0
050152,2022,General hospital,0
050152,2023,General hospital,0
050152,2024,General hospital,0
050153,2019,General hospital,1
050158,2019,General hospital,0
050158,2020,General hospital,0
050158,2021,General hospital,0
050158,2022,General hospital,0
050158,2023,General hospital,0
050158,2024,General hospital,0
050159,2019,General hospital,0
050159,2020,General hospital,0
050159,2021,General hospital,0
050159,2022,General hospital,0
050159,2023,General hospital,0
050159,2024,General hospital,0
050167,2019,General hospital,0
050167,2020,General hospital,0
050167,2021,General hospital,0
050167,2022,General hospital,1
050167,2023,General hospital,0
050167,2024,General hospital,0
050168,2019,General hospital,0
050168,2020,General hospital,0
050168,2021,General hospital,0
050168,2022,General hospital,0
050168,2023,General hospital,0
050168,2024,General hospital,0
050169,2019,General hospital,0
050169,2020,General hospital,0
050169,2021,General hospital,0
050169,2022,General hospital,0
050169,2023,General hospital,0
050169,2024,General hospital,0
050174,2019,General hospital,0
050174,2020,General hospital,0
050174,2021,General hospital,0
050174,2022,General hospital,0
050174,2023,General hospital,0
050174,2024,General hospital,0
050179,2019,General hospital,0
050179,2020,General hospital,0
050179,2021,General hospital,1
050179,2022,General hospital,1
050179,2023,General hospital,0
050179,2024,General hospital,0
050180,2019,General hospital,0
050180,2020,General hospital,0
050180,2021,General hospital,0
050180,2022,General hospital,0
050180,2023,General hospital,0
050180,2024,General hospital,0
050189,2019,General hospital,1
050189,2020,General hospital,1
050191,2019,General hospital,0
050191,2020,General hospital,0
050191,2021,General hospital,0
050191,2022,General hospital,0
050191,2023,General hospital,0
050191,2024,General hospital,0
050192,2019,General hospital,0
050192,2020,General hospital,0
050192,2021,General hospital,0
050192,2022,General hospital,0
050192,2023,General hospital,0
050192,2024,General hospital,0
050194,2019,General hospital,0
050194,2020,General hospital,0
050194,2021,General hospital,0
050194,2022,General hospital,1
050194,2023,General hospital,0
050194,2024,General hospital,0
050195,2019,General hospital,0
050195,2020,General hospital,0
050195,2021,General hospital,0
050195,2022,General hospital,0
050195,2023,General hospital,1
050195,2024,General hospital,0
050197,2019,General hospital,0
050197,2020,General hospital,0
050197,2021,General hospital,0
050197,2022,General hospital,0
050197,2023,General hospital,0
050197,2024,General hospital,0
050204,2019,General hospital,0
050204,2020,General hospital,0
050204,2021,General hospital,0
050204,2022,General hospital,0
050204,2023,General hospital,0
050204,2024,General hospital,0
050205,2019,General hospital,0
050205,2020,General hospital,0
050211,2019,General hospital,1
050211,2020,General hospital,1
050211,2021,General hospital,0
050211,2022,General hospital,0
050211,2023,General hospital,0
050211,2024,General hospital,0
050222,2019,General hospital,0
050222,2020,General hospital,0
050222,2021,General hospital,0
050222,2022,General hospital,0
050222,2023,General hospital,0
050222,2024,General hospital,0
050224,2019,General hospital,0
050224,2020,General hospital,0
050224,2021,General hospital,0
050224,2022,General hospital,0
050224,2023,General hospital,0
050224,2024,General hospital,0
050225,2019,General hospital,0
050225,2020,General hospital,0
050226,2019,General hospital,0
050226,2020,General hospital,0
050226,2021,General hospital,0
050226,2022,General hospital,0
050226,2023,General hospital,0
050226,2024,General hospital,0
050228,2019,General hospital,1
050228,2020,General hospital,1
050228,2021,General hospital,0
050228,2022,General hospital,0
050228,2023,General hospital,0
050228,2024,General hospital,0
050230,2019,General hospital,0
050230,2020,General hospital,0
050230,2021,General hospital,0
050230,2022,General hospital,0
050230,2023,General hospital,0
050230,2024,General hospital,0
050231,2019,General hospital,0
050231,2020,General hospital,0
050231,2021,General hospital,0
050231,2022,General hospital,0
050231,2023,General hospital,0
050231,2024,General hospital,0
050232,2019,General hospital,0
050232,2020,General hospital,0
050232,2021,General hospital,0
050232,2022,General hospital,0
050232,2023,General hospital,0
050232,2024,General hospital,0
050234,2019,General hospital,0
050234,2020,General hospital,0
050234,2021,General hospital,0
050234,2022,General hospital,0
050234,2023,General hospital,0
050234,2024,General hospital,0
050235,2019,General hospital,0
050235,2020,General hospital,0
050235,2021,General hospital,0
050235,2022,General hospital,0
050235,2023,General hospital,0
050235,2024,General hospital,0
050236,2019,General hospital,0
050236,2020,General hospital,0
050236,2021,General hospital,0
050236,2022,General hospital,0
050236,2023,General hospital,0
050236,2024,General hospital,0
050238,2019,General hospital,0
050238,2020,General hospital,0
050238,2021,General hospital,0
050238,2022,General hospital,0
050238,2023,General hospital,0
050238,2024,General hospital,0
050239,2019,General hospital,0
050239,2020,General hospital,0
050239,2021,General hospital,0
050239,2022,General hospital,0
050239,2023,General hospital,0
050239,2024,General hospital,0
050242,2019,General hospital,0
050242,2020,General hospital,0
050242,2021,General hospital,0
050242,2022,General hospital,0
050242,2023,General hospital,0
050242,2024,General hospital,0
050243,2019,General hospital,0
050243,2020,General hospital,0
050243,2021,General hospital,0
050243,2022,General hospital,0
050243,2023,General hospital,0
050243,2024,General hospital,0
050245,2019,General hospital,0
050245,2020,General hospital,0
050245,2021,General hospital,0
050245,2022,General hospital,0
050245,2023,General hospital,0
050245,2024,General hospital,0
050248,2019,General hospital,0
050248,2020,General hospital,0
050248,2021,General hospital,1
050248,2022,General hospital,0
050248,2023,General hospital,0
050248,2024,General hospital,0
050254,2019,General hospital,0
050254,2020,General hospital,0
050254,2021,General hospital,1
050254,2022,General hospital,0
050254,2023,General hospital,0
050254,2024,General hospital,0
050257,2019,General hospital,1
050257,2020,General hospital,1
050257,2021,General hospital,1
050257,2022,General hospital,1
050257,2023,General hospital,1
050257,2024,General hospital,1
050261,2019,General hospital,0
050261,2020,General hospital,0
050261,2021,General hospital,0
050261,2022,General hospital,0
050261,2023,General hospital,0
050261,2024,General hospital,0
050262,2019,General hospital,0
050262,2020,General hospital,0
050262,2021,General hospital,0
050262,2022,General hospital,0
050262,2023,General hospital,0
050262,2024,General hospital,0
050272,2019,General hospital,0
050272,2020,General hospital,0
050272,2021,General hospital,0
050272,2022,General hospital,0
050272,2023,General hospital,0
050272,2024,General hospital,1
050276,2019,General hospital,0
050276,2020,General hospital,0
050276,2021,General hospital,0
050276,2022,General hospital,0
050276,2023,General hospital,1
050276,2024,General hospital,1
050278,2019,General hospital,0
050278,2020,General hospital,0
050278,2021,General hospital,0
050278,2022,General hospital,0
050278,2023,General hospital,0
050278,2024,General hospital,0
050279,2019,General hospital,1
050279,2020,General hospital,1
050279,2021,General hospital,1
050279,2022,General hospital,0
050279,2023,General hospital,0
050279,2024,General hospital,0
050280,2019,General hospital,0
050280,2020,General hospital,0
050280,2021,General hospital,0
050280,2022,General hospital,0
050280,2023,General hospital,0
050280,2024,General hospital,0
050281,2019,General hospital,0
050281,2020,General hospital,0
050281,2021,General hospital,0
050281,2022,General hospital,0
050281,2023,General hospital,0
050281,2024,General hospital,0
050283,2019,General hospital,0
050283,2020,General hospital,0
050283,2021,General hospital,0
050283,2022,General hospital,0
050283,2023,General hospital,0
050283,2024,General hospital,0
050289,2019,General hospital,1
050289,2020,General hospital,1
050289,2021,General hospital,1
050289,2022,General hospital,1
050289,2023,General hospital,0
050289,2024,General hospital,0
050290,2019,General hospital,0
050290,2020,General hospital,0
050290,2021,General hospital,0
050290,2022,General hospital,0
050290,2023,General hospital,0
050290,2024,General hospital,0
050291,2019,General hospital,0
050291,2020,General hospital,0
050291,2021,General hospital,0
050291,2022,General hospital,0
050291,2023,General hospital,0
050291,2024,General hospital,0
050292,2019,General hospital,0
050292,2020,General hospital,0
050292,2021,General hospital,0
050292,2022,General hospital,0
050292,2023,General hospital,0
050292,2024,General hospital,0
050295,2019,General hospital,0
050295,2020,General hospital,0
050295,2021,General hospital,0
050295,2022,General hospital,0
050295,2023,General hospital,0
050295,2024,General hospital,0
050296,2019,General hospital,0
050296,2020,General hospital,0
050298,2019,General hospital,0
050298,2020,General hospital,0
050298,2021,General hospital,0
050298,2022,General hospital,0
050298,2023,General hospital,0
050298,2024,General hospital,0
050300,2019,General hospital,0
050300,2020,General hospital,0
050300,2021,General hospital,0
050300,2022,General hospital,0
050300,2023,General hospital,0
050300,2024,General hospital,0
050301,2019,General hospital,0
050301,2020,General hospital,0
050301,2021,General hospital,0
050301,2022,General hospital,0
050301,2023,General hospital,0
050301,2024,General hospital,0
050305,2019,General hospital,0
050305,2020,General hospital,0
050305,2021,General hospital,0
050305,2022,General hospital,0
050305,2023,General hospital,0
050305,2024,General hospital,0
050308,2019,General hospital,1
050308,2020,General hospital,0
050308,2021,General hospital,0
050308,2022,General hospital,0
050308,2023,General hospital,0
050308,2024,General hospital,0
050309,2019,General hospital,0
050309,2020,General hospital,0
050309,2021,General hospital,0
050309,2022,General hospital,0
050309,2023,General hospital,0
050309,2024,General hospital,0
050313,2019,General hospital,0
050313,2020,General hospital,0
050313,2021,General hospital,0
050313,2022,General hospital,0
050313,2023,General hospital,0
050313,2024,General hospital,0
050315,2019,General hospital,0
050315,2020,General hospital,0
050315,2021,General hospital,0
050315,2022,General hospital,0
050315,2023,General hospital,0
050315,2024,General hospital,0
050320,2019,General hospital,0
050320,2020,General hospital,0
050320,2021,General hospital,0
050320,2022,General hospital,0
050320,2023,General hospital,0
050320,2024,General hospital,0
050324,2019,General hospital,0
050324,2020,General hospital,0
050324,2021,General hospital,0
050324,2022,General hospital,0
050324,2023,General hospital,0
050324,2024,General hospital,0
050327,2019,General hospital,0
050327,2020,General hospital,0
050327,2021,General hospital,0
050327,2022,General hospital,0
050327,2023,General hospital,0
050327,2024,General hospital,0
050329,2019,General hospital,0
050329,2020,General hospital,0
050329,2021,General hospital,0
050329,2022,General hospital,0
050329,2023,General hospital,0
050329,2024,General hospital,0
050334,2019,General hospital,0
050334,2020,General hospital,0
050334,2021,General hospital,0
050334,2022,General hospital,0
050334,2023,General hospital,0
050334,2024,General hospital,0
050335,2019,General hospital,0
050335,2020,General hospital,0
050335,2021,General hospital,0
050335,2022,General hospital,0
050335,2023,General hospital,0
050335,2024,General hospital,0
050336,2019,General hospital,0
050336,2020,General hospital,0
050336,2021,General hospital,0
050336,2022,General hospital,0
050336,2023,General hospital,0
050336,2024,General hospital,0
050342,2019,General hospital,0
050342,2020,General hospital,0
050342,2021,General hospital,1
050342,2022,General hospital,1
050342,2023,General hospital,1
050342,2024,General hospital,1
050348,2019,General hospital,0
050348,2020,General hospital,0
050348,2021,General hospital,1
050348,2022,General hospital,0
050348,2023,General hospital,0
050348,2024,General hospital,0
050350,2019,General hospital,0
050350,2020,General hospital,0
050350,2021,General hospital,0
050350,2022,General hospital,0
050350,2023,General hospital,0
050350,2024,General hospital,1
050351,2019,General hospital,0
050351,2020,General hospital,0
050351,2021,General hospital,0
050351,2022,General hospital,0
050351,2023,General hospital,0
050351,2024,General hospital,0
050352,2019,General hospital,0
050352,2020,General hospital,0
050352,2021,General hospital,0
050352,2022,General hospital,0
050352,2023,General hospital,0
050352,2024,General hospital,0
050353,2019,General hospital,0
050353,2020,General hospital,0
050353,2021,General hospital,0
050353,2022,General hospital,0
050353,2023,General hospital,0
050353,2024,General hospital,0
050357,2019,General hospital,0
050357,2020,General hospital,0
050357,2021,General hospital,0
050357,2022,General hospital,0
050357,2023,General hospital,0
050357,2024,General hospital,0
050360,2019,General hospital,0
050360,2020,General hospital,0
050360,2021,General hospital,0
050360,2022,General hospital,0
050360,2023,General hospital,0
050360,2024,General hospital,0
050367,2019,General hospital,0
050367,2020,General hospital,0
050367,2021,General hospital,0
050367,2022,General hospital,0
050367,2023,General hospital,0
050367,2024,General hospital,0
050373,2019,General hospital,0
050373,2020,General hospital,0
050373,2021,General hospital,0
050373,2022,General hospital,0
050373,2023,General hospital,0
050373,2024,General hospital,0
050376,2019,General hospital,0
050376,2020,General hospital,0
050376,2021,General hospital,0
050376,2022,General hospital,0
050376,2023,General hospital,0
050376,2024,General hospital,0
050378,2019,General hospital,1
050378,2020,General hospital,1
050378,2021,General hospital,1
050378,2022,General hospital,1
050378,2023,General hospital,1
050378,2024,General hospital,1
050380,2019,General hospital,0
050380,2020,General hospital,0
050380,2021,General hospital,0
050380,2022,General hospital,0
050380,2023,General hospital,0
050380,2024,General hospital,0
050382,2019,General hospital,1
050382,2020,General hospital,1
050382,2021,General hospital,0
050382,2022,General hospital,0
050382,2023,General hospital,0
050382,2024,General hospital,0
050390,2019,General hospital,0
050390,2020,General hospital,0
050390,2021,General hospital,0
050390,2022,General hospital,0
050390,2023,General hospital,1
050390,2024,General hospital,1
050393,2019,General hospital,0
050393,2020,General hospital,0
050393,2021,General hospital,0
050393,2022,General hospital,0
050393,2023,General hospital,0
050393,2024,General hospital,0
050394,2019,General hospital,1
050394,2020,General hospital,1
050394,2021,General hospital,0
050394,2022,General hospital,0
050394,2023,General hospital,0
050394,2024,General hospital,0
050396,2019,General hospital,0
050396,2020,General hospital,0
050396,2021,General hospital,0
050396,2022,General hospital,0
050396,2023,General hospital,0
050396,2024,General hospital,0
050397,2019,General hospital,1
050397,2020,General hospital,1
050407,2019,General hospital,0
050407,2020,General hospital,0
050407,2021,General hospital,0
050407,2022,General hospital,0
050407,2023,General hospital,0
050407,2024,General hospital,0
050411,2019,General hospital,0
050411,2020,General hospital,0
050411,2021,General hospital,0
050411,2022,General hospital,0
050411,2023,General hospital,0
050411,2024,General hospital,0
050414,2019,General hospital,0
050414,2020,General hospital,0
050414,2021,General hospital,0
050414,2022,General hospital,0
050414,2023,General hospital,0
050414,2024,General hospital,0
050417,2019,General hospital,0
050417,2020,General hospital,0
050417,2021,General hospital,0
050417,2022,General hospital,0
050417,2023,General hospital,0
050417,2024,General hospital,0
050423,2019,General hospital,1
050423,2020,General hospital,1
050423,2021,General hospital,0
050423,2022,General hospital,0
050423,2023,General hospital,0
050424,2019,General hospital,0
050424,2020,General hospital,0
050424,2021,General hospital,0
050424,2022,General hospital,0
050424,2023,General hospital,0
050424,2024,General hospital,0
050425,2019,General hospital,0
050425,2020,General hospital,0
050425,2021,General hospital,0
050425,2022,General hospital,0
050425,2023,General hospital,0
050425,2024,General hospital,0
050426,2019,General hospital,0
050426,2020,General hospital,0
050426,2021,General hospital,0
050426,2022,General hospital,0
050426,2023,General hospital,0
050426,2024,General hospital,0
050438,2019,General hospital,0
050438,2020,General hospital,0
050438,2021,General hospital,0
050438,2022,General hospital,0
050438,2023,General hospital,0
050438,2024,General hospital,0
050441,2019,General hospital,0
050441,2020,General hospital,0
050441,2021,General hospital,0
050441,2022,General hospital,0
050441,2023,General hospital,0
050441,2024,General hospital,0
050444,2019,General hospital,0
050444,2020,General hospital,0
050444,2021,General hospital,0
050444,2022,General hospital,0
050444,2023,General hospital,0
050444,2024,General hospital,0
050454,2019,General hospital,0
050454,2020,General hospital,0
050454,2021,General hospital,0
050454,2022,General hospital,1
050454,2023,General hospital,0
050454,2024,General hospital,0
050455,2019,General hospital,0
050455,2020,General hospital,0
050455,2021,General hospital,0
050455,2022,General hospital,0
050455,2023,General hospital,0
050455,2024,General hospital,0
050457,2019,General hospital,0
050457,2020,General hospital,0
050457,2021,General hospital,0
050457,2022,General hospital,0
050457,2023,General hospital,0
050457,2024,General hospital,0
050464,2019,General hospital,0
050464,2020,General hospital,0
050464,2021,General hospital,0
050464,2022,General hospital,0
050464,2023,General hospital,0
050464,2024,General hospital,0
050468,2019,General hospital,0
050468,2020,General hospital,0
050468,2021,General hospital,0
050468,2022,General hospital,0
050468,2023,General hospital,1
050468,2024,General hospital,0
050471,2019,General hospital,0
050471,2020,General hospital,0
050471,2021,General hospital,0
050471,2022,General hospital,0
050471,2023,General hospital,0
050471,2024,General hospital,0
050481,2019,General hospital,0
050481,2020,General hospital,0
050481,2021,General hospital,0
050481,2022,General hospital,0
050481,2023,General hospital,0
050481,2024,General hospital,0
050485,2019,General hospital,0
050485,2020,General hospital,0
050485,2021,General hospital,0
050485,2022,General hospital,0
050485,2023,General hospital,0
050485,2024,General hospital,0
050488,2019,General hospital,0
050488,2020,General hospital,0
050488,2021,General hospital,0
050488,2022,General hospital,0
050488,2023,General hospital,0
050488,2024,General hospital,0
050492,2019,General hospital,0
050492,2020,General hospital,0
050492,2021,General hospital,0
050492,2022,General hospital,0
050492,2023,General hospital,0
050492,2024,General hospital,0
050496,2019,General hospital,0
050496,2020,General hospital,0
050496,2021,General hospital,0
050496,2022,General hospital,0
050496,2023,General hospital,0
050496,2024,General hospital,0
050498,2019,General hospital,0
050498,2020,General hospital,0
050498,2021,General hospital,0
050498,2022,General hospital,0
050498,2023,General hospital,0
050498,2024,General hospital,0
050502,2019,General hospital,1
050502,2020,General hospital,1
050503,2019,General hospital,0
050503,2020,General hospital,0
050503,2021,General hospital,0
050503,2022,General hospital,0
050503,2023,General hospital,0
050503,2024,General hospital,0
050506,2019,General hospital,0
050506,2020,General hospital,0
050506,2021,General hospital,0
050506,2022,General hospital,0
050506,2023,General hospital,0
050506,2024,General hospital,0
050510,2019,General hospital,0
050510,2020,General hospital,0
050510,2021,General hospital,0
050510,2022,General hospital,0
050510,2023,General hospital,0
050510,2024,General hospital,0
050512,2019,General hospital,0
050512,2020,General hospital,0
050512,2021,General hospital,0
050512,2022,General hospital,0
050512,2023,General hospital,0
050512,2024,General hospital,0
050515,2019,General hospital,0
050515,2020,General hospital,0
050515,2021,General hospital,0
050515,2022,General hospital,0
050515,2023,General hospital,0
050515,2024,General hospital,0
050516,2019,General hospital,0
050516,2020,General hospital,0
050516,2021,General hospital,0
050516,2022,General hospital,0
050516,2023,General hospital,0
050516,2024,General hospital,0
050517,2019,General hospital,0
050517,2020,General hospital,0
050517,2021,General hospital,0
050517,2022,General hospital,1
050517,2023,General hospital,1
050517,2024,General hospital,1
050523,2019,General hospital,0
050523,2020,General hospital,0
050523,2021,General hospital,0
050523,2022,General hospital,0
050523,2023,General hospital,0
050523,2024,General hospital,0
050526,2019,General hospital,0
050526,2020,General hospital,0
050526,2021,General hospital,0
050526,2022,General hospital,0
050526,2023,General hospital,0
050526,2024,General hospital,0
050528,2019,General hospital,0
050528,2020,General hospital,0
050528,2021,General hospital,0
050528,2022,General hospital,0
050528,2023,General hospital,0
050528,2024,General hospital,0
050534,2019,General hospital,0
050534,2020,General hospital,0
050534,2021,General hospital,0
050534,2022,General hospital,0
050534,2023,General hospital,0
050534,2024,General hospital,0
050537,2019,General hospital,0
050537,2020,General hospital,0
050537,2021,General hospital,0
050537,2022,General hospital,0
050537,2023,General hospital,0
050537,2024,General hospital,0
050541,2019,General hospital,0
050541,2020,General hospital,0
050541,2021,General hospital,0
050541,2022,General hospital,0
050541,2023,General hospital,0
050541,2024,General hospital,0
050543,2019,General hospital,0
050543,2020,General hospital,0
050543,2021,General hospital,0
050543,2022,General hospital,1
050543,2023,General hospital,0
050543,2024,General hospital,0
050546,2019,General hospital,1
050546,2020,General hospital,1
050546,2021,General hospital,1
050546,2022,General hospital,1
050546,2023,General hospital,1
050546,2024,General hospital,1
050547,2019,General hospital,1
050547,2020,General hospital,1
050548,2019,General hospital,1
050548,2020,General hospital,1
050549,2019,General hospital,0
050549,2020,General hospital,0
050549,2021,General hospital,0
050549,2022,General hospital,0
050549,2023,General hospital,0
050549,2024,General hospital,0
050551,2019,General hospital,0
050551,2020,General hospital,0
050551,2021,General hospital,0
050551,2022,General hospital,0
050551,2023,General hospital,0
050551,2024,General hospital,0
050557,2019,General hospital,0
050557,2020,General hospital,0
050557,2021,General hospital,0
050557,2022,General hospital,0
050557,2023,General hospital,0
050557,2024,General hospital,0
050561,2019,General hospital,0
050561,2020,General hospital,0
050561,2021,General hospital,0
050561,2022,General hospital,0
050561,2023,General hospital,0
050561,2024,General hospital,0
050567,2019,General hospital,0
050567,2020,General hospital,0
050567,2021,General hospital,0
050567,2022,General hospital,0
050567,2023,General hospital,0
050567,2024,General hospital,0
050568,2019,General hospital,1
050568,2020,General hospital,1
050568,2021,General hospital,0
050568,2022,General hospital,0
050568,2023,General hospital,1
050570,2019,General hospital,0
050570,2020,General hospital,0
050570,2021,General hospital,0
050570,2022,General hospital,0
050570,2023,General hospital,0
050570,2024,General hospital,0
050573,2019,General hospital,0
050573,2020,General hospital,0
050573,2021,General hospital,0
050573,2022,General hospital,0
050573,2023,General hospital,0
050573,2024,General hospital,0
050580,2019,General hospital,0
050580,2020,General hospital,0
050580,2021,General hospital,0
050580,2022,General hospital,0
050580,2023,General hospital,0
050580,2024,General hospital,0
050581,2019,General hospital,0
050581,2020,General hospital,0
050581,2021,General hospital,0
050581,2022,General hospital,0
050581,2023,General hospital,0
050581,2024,General hospital,0
050586,2019,General hospital,0
050586,2020,General hospital,0
050586,2021,General hospital,0
050586,2022,General hospital,0
050586,2023,General hospital,0
050586,2024,General hospital,0
050588,2019,General hospital,0
050588,2020,General hospital,0
050588,2021,General hospital,0
050588,2022,General hospital,0
050588,2023,General hospital,0
050588,2024,General hospital,0
050589,2019,General hospital,0
050589,2020,General hospital,0
050589,2021,General hospital,0
050589,2022,General hospital,0
050589,2023,General hospital,0
050589,2024,General hospital,0
050590,2019,General hospital,0
050590,2020,General hospital,0
050590,2021,General hospital,0
050590,2022,General hospital,0
050590,2023,General hospital,0
050590,2024,General hospital,0
050597,2019,General hospital,1
050597,2020,General hospital,1
050597,2021,General hospital,0
050597,2022,General hospital,0
050597,2023,General hospital,0
050597,2024,General hospital,0
050599,2019,General hospital,0
050599,2020,General hospital,0
050599,2021,General hospital,0
050599,2022,General hospital,0
050599,2023,General hospital,0
050599,2024,General hospital,0
050603,2019,General hospital,0
050603,2020,General hospital,0
050603,2021,General hospital,0
050603,2022,General hospital,0
050603,2023,General hospital,0
050603,2024,General hospital,0
050604,2019,General hospital,0
050604,2020,General hospital,0
050604,2021,General hospital,0
050604,2022,General hospital,0
050604,2023,General hospital,0
050604,2024,General hospital,0
050608,2019,General hospital,1
050608,2020,General hospital,1
050608,2021,General hospital,0
050608,2022,General hospital,1
050608,2023,General hospital,1
050608,2024,General hospital,1
050609,2019,General hospital,0
050609,2020,General hospital,0
050609,2021,General hospital,0
050609,2022,General hospital,0
050609,2023,General hospital,0
050609,2024,General hospital,0
050616,2019,General hospital,0
050616,2020,General hospital,0
050624,2019,General hospital,0
050624,2020,General hospital,0
050624,2021,General hospital,0
050624,2022,General hospital,0
050624,2023,General hospital,0
050624,2024,General hospital,0
050625,2019,General hospital,0
050625,2020,General hospital,0
050625,2021,General hospital,0
050625,2022,General hospital,0
050625,2023,General hospital,0
050625,2024,General hospital,0
050633,2019,General hospital,0
050633,2020,General hospital,0
050633,2021,General hospital,0
050633,2022,General hospital,0
050633,2023,General hospital,0
050633,2024,General hospital,0
050636,2019,General hospital,0
050636,2020,General hospital,0
050636,2021,General hospital,0
050636,2022,General hospital,0
050636,2023,General hospital,0
050636,2024,General hospital,0
050641,2019,General hospital,0
050641,2020,General hospital,0
050641,2021,General hospital,0
050641,2022,General hospital,0
050641,2023,General hospital,1
050641,2024,General hospital,0
050663,2019,General hospital,0
050663,2020,General hospital,0
050663,2021,General hospital,0
050663,2022,General hospital,0
050663,2023,General hospital,0
050663,2024,General hospital,1
050668,2019,General hospital,1
050668,2020,General hospital,1
050668,2021,General hospital,0
050668,2022,General hospital,0
050668,2023,General hospital,1
050668,2024,General hospital,1
050674,2019,General hospital,0
050674,2020,General hospital,0
050674,2021,General hospital,0
050674,2022,General hospital,0
050674,2023,General hospital,0
050674,2024,General hospital,0
050677,2019,General hospital,0
050677,2020,General hospital,0
050677,2021,General hospital,0
050677,2022,General hospital,0
050677,2023,General hospital,0
050677,2024,General hospital,0
050678,2019,General hospital,0
050678,2020,General hospital,0
050678,2021,General hospital,0
050678,2022,General hospital,0
050678,2023,General hospital,0
050678,2024,General hospital,0
050684,2019,General hospital,0
050684,2020,General hospital,0
050684,2021,General hospital,0
050684,2022,General hospital,0
050684,2023,General hospital,1
050684,2024,General hospital,1
050686,2019,General hospital,0
050686,2020,General hospital,0
050686,2021,General hospital,0
050686,2022,General hospital,0
050686,2023,General hospital,0
050686,2024,General hospital,0
050688,2019,General hospital,1
050689,2019,General hospital,0
050689,2020,General hospital,0
050689,2021,General hospital,0
050689,2022,General hospital,0
050689,2023,General hospital,0
050689,2024,General hospital,0
050690,2019,General hospital,0
050690,2020,General hospital,0
050690,2021,General hospital,0
050690,2022,General hospital,0
050690,2023,General hospital,0
050690,2024,General hospital,0
050696,2019,General hospital,0
050696,2020,General hospital,0
050696,2021,General hospital,0
050696,2022,General hospital,0
050696,2023,General hospital,0
050696,2024,General hospital,0
050697,2019,General hospital,1
050697,2020,General hospital,1
050697,2021,General hospital,1
050697,2022,General hospital,1
050697,2023,General hospital,1
050697,2024,General hospital,1
050701,2019,General hospital,0
050701,2020,General hospital,0
050701,2021,General hospital,0
050701,2022,General hospital,0
050701,2023,General hospital,0
050701,2024,General hospital,0
050704,2019,General hospital,0
050704,2020,General hospital,0
050704,2021,General hospital,0
050704,2022,General hospital,0
050704,2023,General hospital,0
050704,2024,General hospital,0
050708,2019,General hospital,0
050708,2020,General hospital,0
050708,2021,General hospital,0
050708,2022,General hospital,0
050708,2023,General hospital,0
050708,2024,General hospital,0
050709,2019,General hospital,0
050709,2020,General hospital,0
050709,2021,General hospital,0
050709,2022,General hospital,0
050709,2023,General hospital,0
050709,2024,General hospital,0
050710,2019,General hospital,0
050710,2020,General hospital,0
050710,2021,General hospital,0
050710,2022,General hospital,0
050710,2023,General hospital,0
050710,2024,General hospital,0
050714,2019,General hospital,0
050714,2020,General hospital,0
050714,2021,General hospital,0
050714,2022,General hospital,0
050714,2023,General hospital,0
050714,2024,General hospital,0
050717,2019,General hospital,0
050717,2020,General hospital,0
050717,2021,General hospital,0
050717,2022,General hospital,0
050717,2023,General hospital,0
050717,2024,General hospital,0
050723,2019,General hospital,0
050723,2020,General hospital,0
050723,2021,General hospital,0
050723,2022,General hospital,0
050723,2023,General hospital,0
050723,2024,General hospital,0
050724,2019,General hospital,1
050724,2020,General hospital,1
050724,2021,General hospital,1
050724,2022,General hospital,0
050724,2023,General hospital,0
050724,2024,General hospital,1
050726,2019,General hospital,1
050726,2020,General hospital,1
050726,2021,General hospital,1
050726,2022,General hospital,0
050726,2023,General hospital,0
050726,2024,General hospital,0
050727,2019,General hospital,1
050735,2019,General hospital,0
050735,2020,General hospital,0
050735,2021,General hospital,0
050735,2022,General hospital,0
050735,2023,General hospital,0
050735,2024,General hospital,0
050736,2019,General hospital,0
050736,2020,General hospital,0
050736,2021,General hospital,0
050736,2022,General hospital,0
050736,2023,General hospital,0
050736,2024,General hospital,0
050737,2019,General hospital,0
050737,2020,General hospital,0
050737,2021,General hospital,0
050737,2022,General hospital,0
050737,2023,General hospital,0
050737,2024,General hospital,0
050738,2019,General hospital,0
050738,2020,General hospital,0
050738,2021,General hospital,0
050738,2022,General hospital,0
050738,2023,General hospital,1
050738,2024,General hospital,0
050739,2019,General hospital,0
050739,2020,General hospital,0
050739,2021,General hospital,0
050739,2022,General hospital,0
050739,2023,General hospital,0
050739,2024,General hospital,0
050740,2019,General hospital,1
050740,2020,General hospital,0
050740,2021,General hospital,1
050740,2022,General hospital,0
050740,2023,General hospital,0
050740,2024,General hospital,0
050742,2019,General hospital,0
050742,2020,General hospital,0
050742,2021,General hospital,1
050742,2022,General hospital,1
050742,2023,General hospital,1
050744,2019,General hospital,0
050744,2020,General hospital,0
050744,2021,General hospital,0
050744,2022,General hospital,0
050744,2023,General hospital,1
050744,2024,General hospital,1
050745,2019,General hospital,0
050745,2020,General hospital,0
050745,2021,General hospital,0
050745,2022,General hospital,1
050745,2023,General hospital,1
050745,2024,General hospital,1
050746,2019,General hospital,0
050746,2020,General hospital,0
050746,2021,General hospital,0
050746,2022,General hospital,0
050746,2023,General hospital,1
050746,2024,General hospital,1
050747,2019,General hospital,0
050747,2020,General hospital,0
050747,2021,General hospital,0
050747,2022,General hospital,1
050747,2023,General hospital,1
050747,2024,General hospital,1
050748,2019,General hospital,0
050748,2020,General hospital,0
050748,2021,General hospital,0
050748,2022,General hospital,0
050748,2023,General hospital,0
050748,2024,General hospital,0
050751,2019,General hospital,1
050754,2019,General hospital,0
050754,2020,General hospital,0
050755,2019,General hospital,0
050755,2020,General hospital,0
050755,2021,General hospital,0
050755,2022,General hospital,0
050755,2023,General hospital,0
050755,2024,General hospital,0
050757,2019,General hospital,0
050757,2020,General hospital,0
050757,2021,General hospital,0
050757,2022,General hospital,0
050757,2023,General hospital,0
050757,2024,General hospital,0
050758,2019,General hospital,0
050758,2020,General hospital,0
050758,2021,General hospital,0
050758,2022,General hospital,0
050758,2023,General hospital,0
050758,2024,General hospital,0
050760,2019,General hospital,0
050760,2020,General hospital,0
050760,2021,General hospital,0
050760,2022,General hospital,0
050760,2023,General hospital,0
050760,2024,General hospital,0
050761,2019,General hospital,0
050761,2020,General hospital,0
050761,2021,General hospital,0
050761,2022,General hospital,0
050761,2023,General hospital,0
050761,2024,General hospital,0
050763,2019,General hospital,1
050763,2020,General hospital,1
050763,2021,General hospital,0
050763,2022,General hospital,1
050763,2023,General hospital,1
050763,2024,General hospital,0
050764,2019,General hospital,0
050764,2020,General hospital,0
050764,2021,General hospital,0
050764,2022,General hospital,0
050764,2023,General hospital,0
050764,2024,General hospital,0
050765,2019,General hospital,0
050765,2020,General hospital,0
050765,2021,General hospital,0
050765,2022,General hospital,0
050765,2023,General hospital,0
050765,2024,General hospital,0
050766,2019,General hospital,0
050766,2020,General hospital,0
050766,2021,General hospital,0
050766,2022,General hospital,0
050766,2023,General hospital,0
050766,2024,General hospital,0
050767,2019,General hospital,0
050767,2020,General hospital,0
050767,2021,General hospital,0
050767,2022,General hospital,0
050767,2023,General hospital,0
050767,2024,General hospital,0
050769,2019,General hospital,0
050769,2020,General hospital,0
050769,2021,General hospital,0
050769,2022,General hospital,0
050769,2023,General hospital,0
050769,2024,General hospital,0
050770,2019,General hospital,0
050770,2020,General hospital,0
050770,2021,General hospital,0
050770,2022,General hospital,0
050770,2023,General hospital,0
050770,2024,General hospital,0
050771,2019,General hospital,0
050771,2020,General hospital,0
050771,2021,General hospital,0
050771,2022,General hospital,0
050771,2023,General hospital,1
050771,2024,General hospital,0
050772,2019,General hospital,0
050772,2020,General hospital,0
050772,2021,General hospital,0
050772,2022,General hospital,0
050772,2023,General hospital,0
050772,2024,General hospital,0
050773,2019,General hospital,1
050775,2019,General hospital,0
050775,2020,General hospital,0
050775,2021,General hospital,0
050775,2022,General hospital,0
050775,2023,General hospital,0
050775,2024,General hospital,0
050776,2019,General hospital,0
050776,2020,General hospital,0
050776,2021,General hospital,0
050776,2022,General hospital,0
050776,2023,General hospital,1
050776,2024,General hospital,0
050777,2019,General hospital,0
050777,2020,General hospital,0
050777,2021,General hospital,0
050777,2022,General hospital,0
050777,2023,General hospital,0
050777,2024,General hospital,0
050778,2019,General hospital,0
050778,2020,General hospital,0
050778,2021,General hospital,0
050778,2022,General hospital,0
050778,2023,General hospital,0
050778,2024,General hospital,0
050779,2019,General hospital,0
050779,2020,General hospital,0
050779,2021,General hospital,0
050779,2022,General hospital,0
050779,2023,General hospital,0
050779,2024,General hospital,0
050780,2019,General hospital,0
050780,2020,General hospital,0
050780,2021,General hospital,0
050780,2022,General hospital,0
050780,2023,General hospital,0
050780,2024,General hospital,1
050781,2019,General hospital,1
050781,2020,General hospital,1
050782,2019,General hospital,1
050782,2020,General hospital,1
050782,2021,General hospital,1
050782,2022,General hospital,1
050782,2023,General hospital,1
050782,2024,General hospital,0
050783,2019,General hospital,1
050783,2020,General hospital,1
050783,2021,General hospital,1
050783,2022,General hospital,0
050783,2023,General hospital,0
050783,2024,General hospital,0
050784,2020,General hospital,1
050784,2021,General hospital,1
050784,2022,General hospital,1
050784,2023,General hospital,1
050784,2024,General hospital,0
050785,2020,General hospital,1
050785,2021,General hospital,1
050785,2022,General hospital,1
050785,2023,General hospital,1
050785,2024,General hospital,0
050849,2022,General hospital,1
050854,2024,General hospital,1
050855,2024,General hospital,1
051300,2019,Small rural (critical access),0
051300,2020,Small rural (critical access),0
051300,2021,Small rural (critical access),0
051300,2022,Small rural (critical access),0
051300,2023,Small rural (critical access),1
051300,2024,Small rural (critical access),0
051301,2019,Small rural (critical access),1
051301,2020,Small rural (critical access),1
051301,2021,Small rural (critical access),0
051301,2022,Small rural (critical access),0
051301,2023,Small rural (critical access),0
051301,2024,Small rural (critical access),0
051302,2019,Small rural (critical access),1
051302,2020,Small rural (critical access),1
051302,2021,Small rural (critical access),1
051302,2022,Small rural (critical access),1
051302,2023,Small rural (critical access),1
051302,2024,Small rural (critical access),1
051303,2019,Small rural (critical access),1
051303,2020,Small rural (critical access),0
051303,2021,Small rural (critical access),0
051303,2022,Small rural (critical access),0
051303,2023,Small rural (critical access),0
051303,2024,Small rural (critical access),0
051304,2019,Small rural (critical access),0
051304,2020,Small rural (critical access),0
051304,2021,Small rural (critical access),0
051304,2022,Small rural (critical access),1
051304,2023,Small rural (critical access),1
051304,2024,Small rural (critical access),1
051305,2019,Small rural (critical access),0
051305,2020,Small rural (critical access),0
051305,2021,Small rural (critical access),0
051305,2022,Small rural (critical access),0
051305,2023,Small rural (critical access),1
051305,2024,Small rural (critical access),1
051306,2019,Small rural (critical access),1
051306,2020,Small rural (critical access),1
051306,2021,Small rural (critical access),1
051306,2022,Small rural (critical access),0
051306,2023,Small rural (critical access),0
051306,2024,Small rural (critical access),0
051307,2019,Small rural (critical access),1
051307,2020,Small rural (critical access),1
051307,2021,Small rural (critical access),1
051307,2022,Small rural (critical access),1
051307,2023,Small rural (critical access),1
051307,2024,Small rural (critical access),0
051308,2019,Small rural (critical access),1
051308,2020,Small rural (critical access),1
051308,2021,Small rural (critical access),1
051308,2022,Small rural (critical access),1
051308,2023,Small rural (critical access),1
051308,2024,Small rural (critical access),1
051309,2019,Small rural (critical access),1
051309,2020,Small rural (critical access),1
051309,2021,Small rural (critical access),1
051309,2022,Small rural (critical access),1
051309,2023,Small rural (critical access),1
051309,2024,Small rural (critical access),1
051310,2019,Small rural (critical access),0
051310,2020,Small rural (critical access),0
051310,2021,Small rural (critical access),0
051310,2022,Small rural (critical access),0
051310,2023,Small rural (critical access),0
051310,2024,Small rural (critical access),0
051311,2019,Small rural (critical access),0
051311,2020,Small rural (critical access),0
051311,2021,Small rural (critical access),1
051311,2022,Small rural (critical access),0
051311,2023,Small rural (critical access),0
051311,2024,Small rural (critical access),1
051312,2019,Small rural (critical access),1
051312,2020,Small rural (critical access),0
051312,2021,Small rural (critical access),0
051312,2022,Small rural (critical access),0
051312,2023,Small rural (critical access),1
051312,2024,Small rural (critical access),1
051314,2019,Small rural (critical access),0
051314,2020,Small rural (critical access),0
051314,2021,Small rural (critical access),0
051314,2022,Small rural (critical access),0
051314,2023,Small rural (critical access),0
051314,2024,Small rural (critical access),0
051315,2019,Small rural (critical access),1
051315,2020,Small rural (critical access),1
051315,2021,Small rural (critical access),1
051315,2022,Small rural (critical access),0
051315,2023,Small rural (critical access),0
051315,2024,Small rural (critical access),1
051316,2019,Small rural (critical access),1
051316,2020,Small rural (critical access),1
051316,2021,Small rural (critical access),1
051316,2022,Small rural (critical access),1
051316,2023,Small rural (critical access),1
051316,2024,Small rural (critical access),0
051317,2019,Small rural (critical access),0
051317,2020,Small rural (critical access),0
051317,2021,Small rural (critical access),0
051317,2022,Small rural (critical access),0
051317,2023,Small rural (critical access),0
051317,2024,Small rural (critical access),0
051318,2019,Small rural (critical access),0
051318,2020,Small rural (critical access),0
051318,2021,Small rural (critical access),0
051318,2022,Small rural (critical access),0
051318,2023,Small rural (critical access),0
051318,2024,Small rural (critical access),0
051319,2019,Small rural (critical access),0
051319,2020,Small rural (critical access),0
051319,2021,Small rural (critical access),0
051319,2022,Small rural (critical access),0
051319,2023,Small rural (critical access),0
051319,2024,Small rural (critical access),0
051320,2019,Small rural (critical access),0
051320,2020,Small rural (critical access),0
051320,2021,Small rural (critical access),0
051320,2022,Small rural (critical access),0
051320,2023,Small rural (critical access),0
051320,2024,Small rural (critical access),0
051321,2019,Small rural (critical access),1
051321,2020,Small rural (critical access),0
051321,2021,Small rural (critical access),0
051321,2022,Small rural (critical access),0
051321,2023,Small rural (critical access),1
051321,2024,Small rural (critical access),1
051323,2019,Small rural (critical access),0
051323,2020,Small rural (critical access),0
051323,2021,Small rural (critical access),0
051323,2022,Small rural (critical access),1
051323,2023,Small rural (critical access),1
051323,2024,Small rural (critical access),1
051324,2019,Small rural (critical access),0
051324,2020,Small rural (critical access),0
051324,2021,Small rural (critical access),0
051324,2022,Small rural (critical access),0
051324,2023,Small rural (critical access),0
051324,2024,Small rural (critical access),0
051325,2019,Small rural (critical access),1
051325,2020,Small rural (critical access),1
051325,2021,Small rural (critical access),1
051325,2022,Small rural (critical access),1
051325,2023,Small rural (critical access),1
051325,2024,Small rural (critical access),0
051326,2019,Small rural (critical access),1
051326,2020,Small rural (critical access),1
051326,2021,Small rural (critical access),1
051326,2022,Small rural (critical access),1
051326,2023,Small rural (critical access),0
051326,2024,Small rural (critical access),0
051327,2019,Small rural (critical access),1
051327,2020,Small rural (critical access),1
051327,2021,Small rural (critical access),0
051327,2022,Small rural (critical access),1
051327,2023,Small rural (critical access),1
051327,2024,Small rural (critical access),0
051328,2019,Small rural (critical access),0
051328,2020,Small rural (critical access),0
051328,2021,Small rural (critical access),0
051328,2022,Small rural (critical access),0
051328,2023,Small rural (critical access),0
051328,2024,Small rural (critical access),0
051329,2019,Small rural (critical access),0
051329,2020,Small rural (critical access),0
051329,2021,Small rural (critical access),0
051329,2022,Small rural (critical access),0
051329,2023,Small rural (critical access),0
051329,2024,Small rural (critical access),0
051330,2019,Small rural (critical access),1
051330,2020,Small rural (critical access),1
051330,2021,Small rural (critical access),1
051330,2022,Small rural (critical access),1
051330,2023,Small rural (critical access),1
051330,2024,Small rural (critical access),1
051331,2019,Small rural (critical access),0
051331,2020,Small rural (critical access),0
051331,2021,Small rural (critical access),0
051331,2022,Small rural (critical access),0
051331,2023,Small rural (critical access),0
051331,2024,Small rural (critical access),0
051332,2019,Small rural (critical access),0
051332,2020,Small rural (critical access),0
051332,2021,Small rural (critical access),0
051332,2022,Small rural (critical access),0
051332,2023,Small rural (critical access),0
051332,2024,Small rural (critical access),0
051333,2019,Small rural (critical access),0
051333,2020,Small rural (critical access),0
051333,2021,Small rural (critical access),0
051333,2022,Small rural (critical access),0
051333,2023,Small rural (critical access),0
051333,2024,Small rural (critical access),0
051334,2019,Small rural (critical access),1
051334,2020,Small rural (critical access),1
051334,2021,Small rural (critical access),0
051334,2022,Small rural (critical access),0
051334,2023,Small rural (critical access),0
051334,2024,Small rural (critical access),0
051335,2019,Small rural (critical access),0
051335,2020,Small rural (critical access),1
051335,2021,Small rural (critical access),0
051335,2022,Small rural (critical access),0
051335,2023,Small rural (critical access),0
051335,2024,Small rural (critical access),1
051336,2021,Small rural (critical access),0
051336,2022,Small rural (critical access),0
051336,2023,Small rural (critical access),1
051336,2024,Small rural (critical access),1
051337,2021,Small rural (critical access),1
051337,2022,Small rural (critical access),1
051337,2023,Small rural (critical access),1
051337,2024,Small rural (critical access),1
051338,2024,Small rural (critical access),1
051339,2024,Small rural (critical access),1
060001,2019,General hospital,0
060001,2020,General hospital,0
060001,2021,General hospital,0
060001,2022,General hospital,0
060001,2023,General hospital,0
060001,2024,General hospital,0
060003,2019,General hospital,0
060003,2020,General hospital,0
060003,2021,General hospital,0
060003,2022,General hospital,0
060003,2023,General hospital,0
060003,2024,General hospital,0
060004,2019,General hospital,0
060004,2020,General hospital,0
060004,2021,General hospital,0
060004,2022,General hospital,0
060004,2023,General hospital,0
060004,2024,General hospital,0
060006,2019,General hospital,0
060006,2020,General hospital,0
060006,2021,General hospital,0
060006,2022,General hospital,0
060006,2023,General hospital,0
060006,2024,General hospital,0
060008,2019,General hospital,0
060008,2020,General hospital,0
060008,2021,General hospital,1
060008,2022,General hospital,0
060008,2023,General hospital,0
060008,2024,General hospital,0
060009,2019,General hospital,0
060009,2020,General hospital,0
060009,2021,General hospital,0
060009,2022,General hospital,0
060009,2023,General hospital,0
060009,2024,General hospital,0
060010,2019,General hospital,0
060010,2020,General hospital,0
060010,2021,General hospital,0
060010,2022,General hospital,0
060010,2023,General hospital,0
060010,2024,General hospital,0
060011,2019,General hospital,1
060011,2020,General hospital,0
060011,2021,General hospital,0
060011,2022,General hospital,0
060011,2023,General hospital,0
060011,2024,General hospital,0
060012,2019,General hospital,0
060012,2020,General hospital,0
060012,2021,General hospital,0
060012,2022,General hospital,0
060012,2023,General hospital,0
060012,2024,General hospital,0
060013,2019,General hospital,0
060013,2020,General hospital,0
060013,2021,General hospital,0
060013,2022,General hospital,0
060013,2023,General hospital,0
060013,2024,General hospital,0
060014,2019,General hospital,0
060014,2020,General hospital,0
060014,2021,General hospital,0
060014,2022,General hospital,0
060014,2023,General hospital,0
060014,2024,General hospital,0
060015,2019,General hospital,0
060015,2020,General hospital,0
060015,2021,General hospital,0
060015,2022,General hospital,0
060015,2023,General hospital,0
060015,2024,General hospital,0
060020,2019,General hospital,0
060020,2020,General hospital,0
060020,2021,General hospital,0
060020,2022,General hospital,0
060020,2023,General hospital,0
060020,2024,General hospital,0
060022,2019,General hospital,0
060022,2020,General hospital,0
060022,2021,General hospital,0
060022,2022,General hospital,0
060022,2023,General hospital,0
060022,2024,General hospital,0
060023,2019,General hospital,0
060023,2020,General hospital,0
060023,2021,General hospital,0
060023,2022,General hospital,0
060023,2023,General hospital,0
060023,2024,General hospital,0
060024,2019,General hospital,0
060024,2020,General hospital,0
060024,2021,General hospital,0
060024,2022,General hospital,0
060024,2023,General hospital,0
060024,2024,General hospital,0
060027,2019,General hospital,0
060027,2020,General hospital,0
060027,2021,General hospital,1
060027,2022,General hospital,0
060027,2023,General hospital,0
060027,2024,General hospital,0
060028,2019,General hospital,0
060028,2020,General hospital,0
060028,2021,General hospital,0
060028,2022,General hospital,0
060028,2023,General hospital,0
060028,2024,General hospital,0
060030,2019,General hospital,0
060030,2020,General hospital,0
060030,2021,General hospital,0
060030,2022,General hospital,0
060030,2023,General hospital,0
060030,2024,General hospital,0
060031,2019,General hospital,0
060031,2020,General hospital,0
060031,2021,General hospital,0
060031,2022,General hospital,0
060031,2023,General hospital,0
060031,2024,General hospital,0
060032,2019,General hospital,0
060032,2020,General hospital,0
060032,2021,General hospital,0
060032,2022,General hospital,0
060032,2023,General hospital,0
060032,2024,General hospital,0
060034,2019,General hospital,0
060034,2020,General hospital,0
060034,2021,General hospital,0
060034,2022,General hospital,0
060034,2023,General hospital,0
060034,2024,General hospital,0
060044,2019,General hospital,0
060044,2020,General hospital,0
060044,2021,General hospital,0
060044,2022,General hospital,0
060044,2023,General hospital,0
060044,2024,General hospital,0
060049,2019,General hospital,0
060049,2020,General hospital,0
060049,2021,General hospital,0
060049,2022,General hospital,0
060049,2023,General hospital,0
060049,2024,General hospital,0
060054,2019,General hospital,1
060054,2020,General hospital,1
060054,2021,General hospital,1
060054,2022,General hospital,0
060054,2023,General hospital,0
060054,2024,General hospital,0
060064,2019,General hospital,0
060064,2020,General hospital,0
060064,2021,General hospital,0
060064,2022,General hospital,0
060064,2023,General hospital,0
060064,2024,General hospital,0
060065,2019,General hospital,0
060065,2020,General hospital,0
060065,2021,General hospital,0
060065,2022,General hospital,0
060065,2023,General hospital,0
060065,2024,General hospital,0
060071,2019,General hospital,0
060071,2020,General hospital,0
060071,2021,General hospital,0
060071,2022,General hospital,0
060071,2023,General hospital,0
060071,2024,General hospital,0
060075,2019,General hospital,0
060075,2020,General hospital,0
060075,2021,General hospital,0
060075,2022,General hospital,0
060075,2023,General hospital,0
060075,2024,General hospital,0
060076,2019,General hospital,0
060076,2020,General hospital,0
060076,2021,General hospital,0
060076,2022,General hospital,0
060076,2023,General hospital,0
060076,2024,General hospital,0
060096,2019,General hospital,1
060096,2020,General hospital,0
060096,2021,General hospital,0
060096,2022,General hospital,0
060096,2023,General hospital,0
060096,2024,General hospital,0
060100,2019,General hospital,0
060100,2020,General hospital,0
060100,2021,General hospital,0
060100,2022,General hospital,0
060100,2023,General hospital,0
060100,2024,General hospital,0
060103,2019,General hospital,0
060103,2020,General hospital,0
060103,2021,General hospital,0
060103,2022,General hospital,0
060103,2023,General hospital,0
060103,2024,General hospital,0
060104,2019,General hospital,0
060104,2020,General hospital,0
060104,2021,General hospital,0
060104,2022,General hospital,0
060104,2023,General hospital,0
060104,2024,General hospital,0
060107,2019,General hospital,1
060107,2020,General hospital,1
060107,2021,General hospital,1
060107,2022,General hospital,1
060107,2023,General hospital,1
060107,2024,General hospital,0
060112,2019,General hospital,0
060112,2020,General hospital,0
060112,2021,General hospital,0
060112,2022,General hospital,0
060112,2023,General hospital,0
060112,2024,General hospital,0
060113,2019,General hospital,0
060113,2020,General hospital,0
060113,2021,General hospital,0
060113,2022,General hospital,0
060113,2023,General hospital,0
060113,2024,General hospital,0
060114,2019,General hospital,0
060114,2020,General hospital,0
060114,2021,General hospital,0
060114,2022,General hospital,0
060114,2023,General hospital,0
060114,2024,General hospital,0
060116,2019,General hospital,0
060116,2020,General hospital,0
060116,2021,General hospital,0
060116,2022,General hospital,0
060116,2023,General hospital,0
060116,2024,General hospital,0
060117,2019,General hospital,0
060117,2020,General hospital,0
060117,2021,General hospital,0
060117,2022,General hospital,0
060117,2023,General hospital,1
060117,2024,General hospital,0
060118,2019,General hospital,0
060118,2020,General hospital,0
060118,2021,General hospital,0
060118,2022,General hospital,0
060118,2023,General hospital,0
060118,2024,General hospital,0
060119,2019,General hospital,0
060119,2020,General hospital,0
060119,2021,General hospital,0
060119,2022,General hospital,0
060119,2023,General hospital,0
060119,2024,General hospital,0
060124,2019,General hospital,1
060124,2020,General hospital,0
060124,2021,General hospital,0
060124,2022,General hospital,0
060124,2023,General hospital,0
060124,2024,General hospital,0
060125,2019,General hospital,0
060125,2020,General hospital,0
060125,2021,General hospital,0
060125,2022,General hospital,0
060125,2023,General hospital,0
060125,2024,General hospital,0
060126,2019,General hospital,0
060126,2020,General hospital,0
060126,2021,General hospital,0
060126,2022,General hospital,0
060126,2023,General hospital,0
060126,2024,General hospital,0
060128,2019,General hospital,0
060128,2020,General hospital,0
060128,2021,General hospital,0
060128,2022,General hospital,0
060128,2023,General hospital,0
060128,2024,General hospital,0
060129,2019,General hospital,0
060129,2020,General hospital,0
060129,2021,General hospital,0
060129,2022,General hospital,0
060129,2023,General hospital,0
060129,2024,General hospital,0
060130,2019,General hospital,1
060130,2020,General hospital,1
060130,2021,General hospital,0
060130,2022,General hospital,0
060130,2023,General hospital,0
060130,2024,General hospital,0
060131,2020,General hospital,1
060131,2021,General hospital,0
060131,2022,General hospital,0
060131,2023,General hospital,0
060131,2024,General hospital,0
060132,2020,General hospital,1
060132,2021,General hospital,0
060132,2022,General hospital,0
060132,2023,General hospital,0
060132,2024,General hospital,0
060133,2024,General hospital,1
061300,2019,Small rural (critical access),0
061300,2020,Small rural (critical access),0
061300,2021,Small rural (critical access),0
061300,2022,Small rural (critical access),0
061300,2023,Small rural (critical access),0
061300,2024,Small rural (critical access),1
061301,2019,Small rural (critical access),1
061301,2020,Small rural (critical access),0
061301,2021,Small rural (critical access),0
061301,2022,Small rural (critical access),0
061301,2023,Small rural (critical access),1
061301,2024,Small rural (critical access),0
061302,2019,Small rural (critical access),0
061302,2020,Small rural (critical access),0
061302,2021,Small rural (critical access),0
061302,2022,Small rural (critical access),0
061302,2023,Small rural (critical access),1
061302,2024,Small rural (critical access),0
061303,2019,Small rural (critical access),0
061303,2020,Small rural (critical access),0
061303,2021,Small rural (critical access),0
061303,2022,Small rural (critical access),0
061303,2023,Small rural (critical access),0
061303,2024,Small rural (critical access),0
061304,2019,Small rural (critical access),0
061304,2020,Small rural (critical access),0
061304,2021,Small rural (critical access),1
061304,2022,Small rural (critical access),1
061304,2023,Small rural (critical access),0
061304,2024,Small rural (critical access),0
061305,2019,Small rural (critical access),0
061305,2020,Small rural (critical access),0
061305,2021,Small rural (critical access),0
061305,2022,Small rural (critical access),0
061305,2023,Small rural (critical access),1
061305,2024,Small rural (critical access),0
061306,2019,Small rural (critical access),1
061306,2020,Small rural (critical access),1
061306,2021,Small rural (critical access),1
061306,2022,Small rural (critical access),1
061306,2023,Small rural (critical access),0
061306,2024,Small rural (critical access),0
061307,2019,Small rural (critical access),1
061307,2020,Small rural (critical access),0
061307,2021,Small rural (critical access),1
061307,2022,Small rural (critical access),0
061307,2023,Small rural (critical access),0
061307,2024,Small rural (critical access),1
061308,2019,Small rural (critical access),0
061308,2020,Small rural (critical access),0
061308,2021,Small rural (critical access),1
061308,2022,Small rural (critical access),0
061308,2023,Small rural (critical access),0
061308,2024,Small rural (critical access),0
061309,2019,Small rural (critical access),0
061309,2020,Small rural (critical access),0
061309,2021,Small rural (critical access),0
061309,2022,Small rural (critical access),0
061309,2023,Small rural (critical access),0
061309,2024,Small rural (critical access),0
061310,2019,Small rural (critical access),0
061310,2020,Small rural (critical access),0
061310,2021,Small rural (critical access),0
061310,2022,Small rural (critical access),1
061310,2023,Small rural (critical access),0
061310,2024,Small rural (critical access),1
061311,2019,Small rural (critical access),0
061311,2020,Small rural (critical access),0
061311,2021,Small rural (critical access),0
061311,2022,Small rural (critical access),0
061311,2023,Small rural (critical access),1
061311,2024,Small rural (critical access),0
061312,2019,Small rural (critical access),1
061312,2020,Small rural (critical access),1
061312,2021,Small rural (critical access),0
061312,2022,Small rural (critical access),0
061312,2023,Small rural (critical access),1
061312,2024,Small rural (critical access),1
061313,2019,Small rural (critical access),0
061313,2020,Small rural (critical access),0
061313,2021,Small rural (critical access),0
061313,2022,Small rural (critical access),0
061313,2023,Small rural (critical access),0
061313,2024,Small rural (critical access),0
061314,2019,Small rural (critical access),0
061314,2020,Small rural (critical access),0
061314,2021,Small rural (critical access),1
061314,2022,Small rural (critical access),1
061314,2023,Small rural (critical access),0
061314,2024,Small rural (critical access),0
061315,2019,Small rural (critical access),0
061315,2020,Small rural (critical access),0
061315,2021,Small rural (critical access),0
061315,2022,Small rural (critical access),0
061315,2023,Small rural (critical access),0
061315,2024,Small rural (critical access),0
061316,2019,Small rural (critical access),0
061316,2020,Small rural (critical access),0
061316,2021,Small rural (critical access),1
061316,2022,Small rural (critical access),0
061316,2023,Small rural (critical access),0
061316,2024,Small rural (critical access),0
061317,2019,Small rural (critical access),1
061317,2020,Small rural (critical access),1
061317,2021,Small rural (critical access),1
061317,2022,Small rural (critical access),0
061317,2023,Small rural (critical access),0
061317,2024,Small rural (critical access),0
061318,2019,Small rural (critical access),0
061318,2020,Small rural (critical access),0
061318,2021,Small rural (critical access),1
061318,2022,Small rural (critical access),0
061318,2023,Small rural (critical access),0
061318,2024,Small rural (critical access),0
061319,2019,Small rural (critical access),0
061319,2020,Small rural (critical access),0
061319,2021,Small rural (critical access),0
061319,2022,Small rural (critical access),0
061319,2023,Small rural (critical access),0
061319,2024,Small rural (critical access),0
061320,2019,Small rural (critical access),1
061320,2020,Small rural (critical access),0
061320,2021,Small rural (critical access),1
061320,2022,Small rural (critical access),0
061320,2023,Small rural (critical access),0
061320,2024,Small rural (critical access),0
061321,2019,Small rural (critical access),1
061321,2020,Small rural (critical access),0
061321,2021,Small rural (critical access),1
061321,2022,Small rural (critical access),0
061321,2023,Small rural (critical access),0
061321,2024,Small rural (critical access),0
061322,2019,Small rural (critical access),0
061322,2020,Small rural (critical access),0
061322,2021,Small rural (critical access),0
061322,2022,Small rural (critical access),0
061322,2023,Small rural (critical access),1
061322,2024,Small rural (critical access),0
061323,2019,Small rural (critical access),0
061323,2020,Small rural (critical access),0
061323,2021,Small rural (critical access),0
061323,2022,Small rural (critical access),1
061323,2023,Small rural (critical access),0
061323,2024,Small rural (critical access),0
061324,2019,Small rural (critical access),1
061324,2020,Small rural (critical access),1
061324,2021,Small rural (critical access),1
061324,2022,Small rural (critical access),1
061324,2023,Small rural (critical access),1
061324,2024,Small rural (critical access),0
061325,2019,Small rural (critical access),1
061325,2020,Small rural (critical access),1
061325,2021,Small rural (critical access),1
061325,2022,Small rural (critical access),1
061325,2023,Small rural (critical access),1
061325,2024,Small rural (critical access),1
061326,2019,Small rural (critical access),0
061326,2020,Small rural (critical access),0
061326,2021,Small rural (critical access),0
061326,2022,Small rural (critical access),0
061326,2023,Small rural (critical access),0
061326,2024,Small rural (critical access),0
061327,2019,Small rural (critical access),0
061327,2020,Small rural (critical access),0
061327,2021,Small rural (critical access),1
061327,2022,Small rural (critical access),0
061327,2023,Small rural (critical access),0
061327,2024,Small rural (critical access),0
061328,2019,Small rural (critical access),0
061328,2020,Small rural (critical access),0
061328,2021,Small rural (critical access),0
061328,2022,Small rural (critical access),0
061328,2023,Small rural (critical access),0
061328,2024,Small rural (critical access),0
061336,2019,Small rural (critical access),1
061336,2020,Small rural (critical access),1
061336,2021,Small rural (critical access),1
061336,2022,Small rural (critical access),1
061336,2023,Small rural (critical access),1
061336,2024,Small rural (critical access),1
061343,2019,Small rural (critical access),0
061343,2020,Small rural (critical access),0
061343,2021,Small rural (critical access),1
061343,2022,Small rural (critical access),0
061343,2023,Small rural (critical access),1
061343,2024,Small rural (critical access),0
061344,2019,Small rural (critical access),0
061344,2020,Small rural (critical access),0
061344,2021,Small rural (critical access),0
061344,2022,Small rural (critical access),0
061344,2023,Small rural (critical access),0
061344,2024,Small rural (critical access),0
070002,2019,General hospital,0
070002,2020,General hospital,0
070002,2021,General hospital,0
070002,2022,General hospital,0
070002,2023,General hospital,0
070002,2024,General hospital,0
070003,2019,General hospital,1
070003,2020,General hospital,1
070003,2021,General hospital,1
070003,2022,General hospital,1
070003,2023,General hospital,1
070003,2024,General hospital,1
070004,2019,General hospital,0
070004,2020,General hospital,0
070004,2021,General hospital,0
070004,2022,General hospital,0
070004,2023,General hospital,0
070004,2024,General hospital,0
070005,2019,General hospital,0
070005,2020,General hospital,0
070005,2021,General hospital,0
070005,2022,General hospital,0
070005,2023,General hospital,0
070005,2024,General hospital,0
070006,2019,General hospital,0
070006,2020,General hospital,0
070006,2021,General hospital,0
070006,2022,General hospital,0
070006,2023,General hospital,0
070006,2024,General hospital,0
070007,2019,General hospital,0
070007,2020,General hospital,0
070007,2021,General hospital,0
070007,2022,General hospital,0
070007,2023,General hospital,0
070007,2024,General hospital,0
070008,2019,General hospital,0
070008,2020,General hospital,0
070008,2021,General hospital,0
070008,2022,General hospital,0
070008,2023,General hospital,0
070008,2024,General hospital,0
070010,2019,General hospital,0
070010,2020,General hospital,0
070010,2021,General hospital,0
070010,2022,General hospital,0
070010,2023,General hospital,0
070010,2024,General hospital,0
070011,2019,General hospital,0
070011,2020,General hospital,0
070011,2021,General hospital,0
070011,2022,General hospital,0
070011,2023,General hospital,0
070011,2024,General hospital,0
070012,2019,General hospital,0
070012,2020,General hospital,0
070012,2021,General hospital,1
070012,2022,General hospital,1
070012,2023,General hospital,1
070012,2024,General hospital,1
070016,2019,General hospital,0
070016,2020,General hospital,0
070016,2021,General hospital,0
070016,2022,General hospital,0
070016,2023,General hospital,0
070016,2024,General hospital,0
070017,2019,General hospital,0
070017,2020,General hospital,0
070017,2021,General hospital,0
070017,2022,General hospital,0
070017,2023,General hospital,0
070017,2024,General hospital,0
070018,2019,General hospital,0
070018,2020,General hospital,0
070018,2021,General hospital,0
070018,2022,General hospital,0
070018,2023,General hospital,0
070018,2024,General hospital,0
070019,2019,General hospital,1
070020,2019,General hospital,0
070020,2020,General hospital,0
070020,2021,General hospital,0
070020,2022,General hospital,0
070020,2023,General hospital,0
070020,2024,General hospital,0
070021,2019,General hospital,0
070021,2020,General hospital,0
070021,2021,General hospital,0
070021,2022,General hospital,0
070021,2023,General hospital,0
070021,2024,General hospital,0
070022,2019,General hospital,0
070022,2020,General hospital,0
070022,2021,General hospital,0
070022,2022,General hospital,0
070022,2023,General hospital,0
070022,2024,General hospital,0
070024,2019,General hospital,0
070024,2020,General hospital,0
070024,2021,General hospital,0
070024,2022,General hospital,0
070024,2023,General hospital,0
070024,2024,General hospital,0
070025,2019,General hospital,0
070025,2020,General hospital,0
070025,2021,General hospital,0
070025,2022,General hospital,0
070025,2023,General hospital,0
070025,2024,General hospital,0
070027,2019,General hospital,0
070027,2020,General hospital,0
070027,2021,General hospital,0
070027,2022,General hospital,0
070027,2023,General hospital,1
070027,2024,General hospital,1
070028,2019,General hospital,0
070028,2020,General hospital,0
070028,2021,General hospital,0
070028,2022,General hospital,0
070028,2023,General hospital,0
070028,2024,General hospital,0
070029,2019,General hospital,0
070029,2020,General hospital,0
070029,2021,General hospital,0
070029,2022,General hospital,0
070029,2023,General hospital,0
070029,2024,General hospital,0
070031,2019,General hospital,0
070031,2020,General hospital,0
070031,2021,General hospital,1
070031,2022,General hospital,0
070031,2023,General hospital,0
070031,2024,General hospital,0
070033,2019,General hospital,0
070033,2020,General hospital,0
070033,2021,General hospital,0
070033,2022,General hospital,0
070033,2023,General hospital,0
070033,2024,General hospital,0
070034,2019,General hospital,0
070034,2020,General hospital,0
070034,2021,General hospital,0
070034,2022,General hospital,0
070034,2023,General hospital,0
070034,2024,General hospital,0
070035,2019,General hospital,0
070035,2020,General hospital,0
070035,2021,General hospital,0
070035,2022,General hospital,0
070035,2023,General hospital,0
070035,2024,General hospital,0
070036,2019,General hospital,1
070036,2020,General hospital,0
070036,2021,General hospital,0
070036,2022,General hospital,0
070036,2023,General hospital,0
070036,2024,General hospital,0
070038,2019,General hospital,1
070038,2020,General hospital,1
070038,2021,General hospital,1
070038,2022,General hospital,1
070038,2023,General hospital,1
070038,2024,General hospital,1
070039,2019,General hospital,0
070039,2020,General hospital,0
070039,2021,General hospital,1
070039,2022,General hospital,1
070039,2023,General hospital,1
070040,2019,General hospital,1
070040,2020,General hospital,1
070040,2021,General hospital,1
070040,2022,General hospital,1
070040,2023,General hospital,1
070040,2024,General hospital,1
080001,2019,General hospital,0
080001,2020,General hospital,0
080001,2021,General hospital,0
080001,2022,General hospital,0
080001,2023,General hospital,0
080001,2024,General hospital,0
080003,2019,General hospital,0
080003,2020,General hospital,0
080003,2021,General hospital,0
080003,2022,General hospital,0
080003,2023,General hospital,0
080003,2024,General hospital,0
080004,2019,General hospital,0
080004,2020,General hospital,0
080004,2021,General hospital,0
080004,2022,General hospital,0
080004,2023,General hospital,0
080004,2024,General hospital,0
080006,2019,General hospital,0
080006,2020,General hospital,0
080006,2021,General hospital,0
080006,2022,General hospital,0
080006,2023,General hospital,0
080006,2024,General hospital,0
080007,2019,General hospital,0
080007,2020,General hospital,0
080007,2021,General hospital,0
080007,2022,General hospital,1
080007,2023,General hospital,0
080007,2024,General hospital,0
080009,2019,General hospital,0
080009,2020,General hospital,0
080009,2021,General hospital,0
080009,2022,General hospital,0
080009,2023,General hospital,0
080009,2024,General hospital,0
090001,2019,General hospital,0
090001,2020,General hospital,0
090001,2021,General hospital,0
090001,2022,General hospital,0
090001,2023,General hospital,0
090001,2024,General hospital,0
090003,2019,General hospital,0
090003,2020,General hospital,0
090003,2021,General hospital,0
090003,2022,General hospital,0
090003,2023,General hospital,0
090003,2024,General hospital,0
090004,2019,General hospital,0
090004,2020,General hospital,0
090004,2021,General hospital,0
090004,2022,General hospital,0
090004,2023,General hospital,0
090004,2024,General hospital,0
090005,2019,General hospital,0
090005,2020,General hospital,0
090005,2021,General hospital,0
090005,2022,General hospital,0
090005,2023,General hospital,0
090005,2024,General hospital,0
090006,2019,General hospital,0
090008,2019,General hospital,0
090008,2020,General hospital,0
090008,2021,General hospital,0
090008,2022,General hospital,0
090008,2023,General hospital,0
090008,2024,General hospital,0
090011,2019,General hospital,0
090011,2020,General hospital,0
090011,2021,General hospital,0
090011,2022,General hospital,0
090011,2023,General hospital,0
090011,2024,General hospital,0
100001,2019,General hospital,0
100001,2020,General hospital,0
100001,2021,General hospital,0
100001,2022,General hospital,0
100001,2023,General hospital,0
100001,2024,General hospital,0
100002,2019,General hospital,0
100002,2020,General hospital,0
100002,2021,General hospital,0
100002,2022,General hospital,0
100002,2023,General hospital,0
100002,2024,General hospital,0
100006,2019,General hospital,0
100006,2020,General hospital,0
100006,2021,General hospital,1
100006,2022,General hospital,0
100006,2023,General hospital,0
100006,2024,General hospital,0
100007,2019,General hospital,0
100007,2020,General hospital,0
100007,2021,General hospital,0
100007,2022,General hospital,0
100007,2023,General hospital,0
100007,2024,General hospital,0
100008,2019,General hospital,0
100008,2020,General hospital,0
100008,2021,General hospital,0
100008,2022,General hospital,0
100008,2023,General hospital,0
100008,2024,General hospital,0
100012,2019,General hospital,0
100012,2020,General hospital,0
100012,2021,General hospital,0
100012,2022,General hospital,0
100012,2023,General hospital,0
100012,2024,General hospital,0
100014,2019,General hospital,0
100014,2020,General hospital,0
100014,2021,General hospital,0
100014,2022,General hospital,0
100014,2023,General hospital,0
100014,2024,General hospital,0
100017,2019,General hospital,0
100017,2020,General hospital,0
100017,2021,General hospital,0
100017,2022,General hospital,0
100017,2023,General hospital,0
100017,2024,General hospital,0
100018,2019,General hospital,1
100018,2020,General hospital,0
100018,2021,General hospital,0
100018,2022,General hospital,0
100018,2023,General hospital,0
100018,2024,General hospital,0
100019,2019,General hospital,0
100019,2020,General hospital,0
100019,2021,General hospital,0
100019,2022,General hospital,0
100019,2023,General hospital,0
100019,2024,General hospital,0
100022,2019,General hospital,0
100022,2020,General hospital,0
100022,2021,General hospital,0
100022,2022,General hospital,0
100022,2023,General hospital,0
100022,2024,General hospital,0
100023,2019,General hospital,0
100023,2020,General hospital,0
100023,2021,General hospital,0
100023,2022,General hospital,0
100023,2023,General hospital,0
100023,2024,General hospital,0
100025,2019,General hospital,0
100025,2020,General hospital,0
100025,2021,General hospital,0
100025,2022,General hospital,0
100025,2023,General hospital,0
100025,2024,General hospital,0
100026,2019,General hospital,1
100026,2020,General hospital,1
100026,2021,General hospital,1
100026,2022,General hospital,0
100026,2023,General hospital,0
100026,2024,General hospital,0
100028,2019,General hospital,0
100028,2020,General hospital,0
100028,2021,General hospital,0
100028,2022,General hospital,0
100028,2023,General hospital,0
100028,2024,General hospital,0
100029,2019,General hospital,0
100029,2020,General hospital,0
100029,2021,General hospital,0
100029,2022,General hospital,0
100029,2023,General hospital,1
100029,2024,General hospital,0
100030,2019,General hospital,0
100030,2020,General hospital,0
100030,2021,General hospital,1
100030,2022,General hospital,0
100030,2023,General hospital,0
100030,2024,General hospital,0
100032,2019,General hospital,0
100032,2020,General hospital,0
100032,2021,General hospital,1
100032,2022,General hospital,0
100032,2023,General hospital,0
100032,2024,General hospital,0
100034,2019,General hospital,0
100034,2020,General hospital,0
100034,2021,General hospital,0
100034,2022,General hospital,0
100034,2023,General hospital,0
100034,2024,General hospital,0
100035,2019,General hospital,0
100035,2020,General hospital,0
100035,2021,General hospital,0
100035,2022,General hospital,0
100035,2023,General hospital,0
100035,2024,General hospital,0
100038,2019,General hospital,0
100038,2020,General hospital,0
100038,2021,General hospital,0
100038,2022,General hospital,0
100038,2023,General hospital,0
100038,2024,General hospital,0
100039,2019,General hospital,0
100039,2020,General hospital,0
100039,2021,General hospital,0
100039,2022,General hospital,0
100039,2023,General hospital,0
100039,2024,General hospital,0
100040,2019,General hospital,0
100040,2020,General hospital,0
100040,2021,General hospital,0
100040,2022,General hospital,0
100040,2023,General hospital,0
100040,2024,General hospital,0
100043,2019,General hospital,0
100043,2020,General hospital,0
100043,2021,General hospital,0
100043,2022,General hospital,0
100043,2023,General hospital,0
100043,2024,General hospital,0
100044,2019,General hospital,0
100044,2020,General hospital,0
100044,2021,General hospital,0
100044,2022,General hospital,0
100044,2023,General hospital,1
100044,2024,General hospital,0
100045,2019,General hospital,0
100045,2020,General hospital,0
100045,2021,General hospital,0
100045,2022,General hospital,0
100045,2023,General hospital,0
100045,2024,General hospital,0
100046,2019,General hospital,0
100046,2020,General hospital,0
100046,2021,General hospital,0
100046,2022,General hospital,0
100046,2023,General hospital,0
100046,2024,General hospital,0
100047,2019,General hospital,0
100047,2020,General hospital,0
100047,2021,General hospital,0
100047,2022,General hospital,0
100047,2023,General hospital,0
100047,2024,General hospital,0
100048,2019,General hospital,0
100048,2020,General hospital,0
100048,2021,General hospital,0
100048,2022,General hospital,0
100048,2023,General hospital,0
100049,2019,General hospital,1
100049,2020,General hospital,0
100049,2021,General hospital,0
100049,2022,General hospital,0
100049,2023,General hospital,0
100049,2024,General hospital,0
100050,2019,General hospital,0
100050,2020,General hospital,0
100050,2021,General hospital,1
100050,2022,General hospital,0
100050,2023,General hospital,0
100050,2024,General hospital,0
100051,2019,General hospital,1
100051,2020,General hospital,1
100051,2021,General hospital,1
100051,2022,General hospital,0
100051,2023,General hospital,0
100051,2024,General hospital,0
100052,2019,General hospital,0
100052,2020,General hospital,0
100052,2021,General hospital,0
100052,2022,General hospital,0
100052,2023,General hospital,0
100052,2024,General hospital,0
100053,2019,General hospital,0
100053,2020,General hospital,0
100053,2021,General hospital,0
100053,2022,General hospital,0
100053,2023,General hospital,1
100053,2024,General hospital,0
100054,2019,General hospital,0
100054,2020,General hospital,0
100054,2021,General hospital,0
100054,2022,General hospital,0
100054,2023,General hospital,0
100054,2024,General hospital,0
100055,2019,General hospital,0
100055,2020,General hospital,0
100055,2021,General hospital,0
100055,2022,General hospital,0
100055,2023,General hospital,0
100055,2024,General hospital,0
100057,2019,General hospital,0
100057,2020,General hospital,0
100057,2021,General hospital,0
100057,2022,General hospital,0
100057,2023,General hospital,0
100057,2024,General hospital,0
100062,2019,General hospital,1
100062,2020,General hospital,0
100062,2021,General hospital,0
100062,2022,General hospital,0
100062,2023,General hospital,0
100062,2024,General hospital,0
100063,2019,General hospital,0
100063,2020,General hospital,0
100063,2021,General hospital,0
100063,2022,General hospital,0
100063,2023,General hospital,0
100063,2024,General hospital,0
100067,2019,General hospital,0
100067,2020,General hospital,0
100067,2021,General hospital,0
100067,2022,General hospital,0
100067,2023,General hospital,0
100067,2024,General hospital,0
100068,2019,General hospital,0
100068,2020,General hospital,0
100068,2021,General hospital,0
100068,2022,General hospital,0
100068,2023,General hospital,0
100068,2024,General hospital,0
100069,2019,General hospital,0
100069,2020,General hospital,0
100069,2021,General hospital,0
100069,2022,General hospital,0
100069,2023,General hospital,0
100069,2024,General hospital,0
100070,2019,General hospital,0
100070,2020,General hospital,0
100070,2021,General hospital,0
100070,2022,General hospital,0
100070,2023,General hospital,1
100071,2019,General hospital,0
100071,2020,General hospital,0
100071,2021,General hospital,0
100071,2022,General hospital,0
100071,2023,General hospital,0
100071,2024,General hospital,0
100072,2019,General hospital,0
100072,2020,General hospital,0
100072,2021,General hospital,0
100072,2022,General hospital,0
100072,2023,General hospital,0
100072,2024,General hospital,0
100073,2019,General hospital,0
100073,2020,General hospital,0
100073,2021,General hospital,0
100073,2022,General hospital,0
100073,2023,General hospital,0
100073,2024,General hospital,0
100075,2019,General hospital,0
100075,2020,General hospital,0
100075,2021,General hospital,0
100075,2022,General hospital,0
100075,2023,General hospital,0
100075,2024,General hospital,0
100077,2019,General hospital,0
100077,2020,General hospital,0
100077,2021,General hospital,0
100077,2022,General hospital,0
100077,2023,General hospital,0
100077,2024,General hospital,0
100080,2019,General hospital,0
100080,2020,General hospital,0
100080,2021,General hospital,0
100080,2022,General hospital,0
100080,2023,General hospital,0
100080,2024,General hospital,0
100081,2019,General hospital,0
100081,2020,General hospital,0
100081,2021,General hospital,0
100081,2022,General hospital,1
100081,2023,General hospital,1
100084,2019,General hospital,0
100084,2020,General hospital,0
100084,2021,General hospital,0
100084,2022,General hospital,0
100084,2023,General hospital,1
100084,2024,General hospital,0
100086,2019,General hospital,0
100086,2020,General hospital,0
100086,2021,General hospital,0
100086,2022,General hospital,0
100086,2023,General hospital,0
100086,2024,General hospital,0
100087,2019,General hospital,0
100087,2020,General hospital,0
100087,2021,General hospital,0
100087,2022,General hospital,0
100087,2023,General hospital,0
100087,2024,General hospital,0
100088,2019,General hospital,0
100088,2020,General hospital,0
100088,2021,General hospital,0
100088,2022,General hospital,0
100088,2023,General hospital,0
100088,2024,General hospital,0
100090,2019,General hospital,1
100090,2020,General hospital,1
100090,2021,General hospital,1
100090,2022,General hospital,1
100090,2023,General hospital,0
100090,2024,General hospital,0
100092,2019,General hospital,1
100092,2020,General hospital,1
100092,2021,General hospital,0
100092,2022,General hospital,0
100092,2023,General hospital,0
100092,2024,General hospital,0
100093,2019,General hospital,0
100093,2020,General hospital,0
100093,2021,General hospital,0
100093,2022,General hospital,0
100093,2023,General hospital,0
100093,2024,General hospital,1
100099,2019,General hospital,0
100099,2020,General hospital,0
100099,2021,General hospital,0
100099,2022,General hospital,0
100099,2023,General hospital,0
100099,2024,General hospital,0
100102,2019,General hospital,0
100102,2020,General hospital,0
100105,2019,General hospital,0
100105,2020,General hospital,0
100105,2021,General hospital,0
100105,2022,General hospital,0
100105,2023,General hospital,0
100105,2024,General hospital,0
100106,2019,General hospital,1
100106,2020,General hospital,0
100106,2021,General hospital,0
100106,2022,General hospital,0
100106,2023,General hospital,1
100107,2019,General hospital,0
100107,2020,General hospital,0
100107,2021,General hospital,0
100107,2022,General hospital,0
100107,2023,General hospital,0
100107,2024,General hospital,0
100109,2019,General hospital,0
100109,2020,General hospital,0
100109,2021,General hospital,0
100109,2022,General hospital,0
100109,2023,General hospital,0
100109,2024,General hospital,0
100110,2019,General hospital,0
100110,2020,General hospital,0
100110,2021,General hospital,0
100110,2022,General hospital,0
100110,2023,General hospital,0
100110,2024,General hospital,0
100113,2019,General hospital,0
100113,2020,General hospital,0
100113,2021,General hospital,0
100113,2022,General hospital,0
100113,2023,General hospital,0
100113,2024,General hospital,0
100117,2019,General hospital,0
100117,2020,General hospital,0
100117,2021,General hospital,0
100117,2022,General hospital,0
100117,2023,General hospital,0
100117,2024,General hospital,0
100118,2019,General hospital,0
100118,2020,General hospital,0
100118,2021,General hospital,0
100118,2022,General hospital,0
100118,2023,General hospital,0
100118,2024,General hospital,0
100121,2019,General hospital,0
100121,2020,General hospital,0
100121,2021,General hospital,0
100121,2022,General hospital,0
100121,2023,General hospital,0
100121,2024,General hospital,0
100122,2019,General hospital,0
100122,2020,General hospital,0
100122,2021,General hospital,0
100122,2022,General hospital,0
100122,2023,General hospital,0
100122,2024,General hospital,0
100124,2019,General hospital,0
100124,2020,General hospital,0
100124,2021,General hospital,0
100124,2022,General hospital,0
100124,2023,General hospital,0
100124,2024,General hospital,0
100125,2019,General hospital,0
100125,2020,General hospital,0
100125,2021,General hospital,0
100125,2022,General hospital,0
100125,2023,General hospital,0
100125,2024,General hospital,0
100126,2019,General hospital,0
100126,2020,General hospital,0
100126,2021,General hospital,0
100126,2022,General hospital,0
100126,2023,General hospital,0
100126,2024,General hospital,0
100127,2019,General hospital,0
100127,2020,General hospital,0
100127,2021,General hospital,0
100127,2022,General hospital,0
100127,2023,General hospital,0
100127,2024,General hospital,0
100128,2019,General hospital,1
100128,2020,General hospital,0
100128,2021,General hospital,0
100128,2022,General hospital,0
100128,2023,General hospital,0
100128,2024,General hospital,0
100130,2019,General hospital,0
100130,2020,General hospital,0
100130,2021,General hospital,0
100130,2022,General hospital,0
100130,2023,General hospital,0
100130,2024,General hospital,0
100131,2019,General hospital,0
100131,2020,General hospital,0
100131,2021,General hospital,0
100131,2022,General hospital,0
100131,2023,General hospital,0
100131,2024,General hospital,0
100132,2019,General hospital,0
100132,2020,General hospital,0
100132,2021,General hospital,0
100132,2022,General hospital,0
100132,2023,General hospital,0
100132,2024,General hospital,0
100134,2019,General hospital,0
100134,2020,General hospital,0
100134,2021,General hospital,0
100134,2022,General hospital,1
100134,2023,General hospital,0
100134,2024,General hospital,0
100135,2019,General hospital,0
100135,2020,General hospital,0
100135,2021,General hospital,0
100135,2022,General hospital,0
100135,2023,General hospital,0
100135,2024,General hospital,0
100137,2019,General hospital,0
100137,2020,General hospital,0
100137,2021,General hospital,0
100137,2022,General hospital,0
100137,2023,General hospital,0
100137,2024,General hospital,0
100140,2019,General hospital,0
100140,2020,General hospital,0
100140,2021,General hospital,0
100140,2022,General hospital,0
100140,2023,General hospital,0
100140,2024,General hospital,0
100142,2019,General hospital,0
100142,2020,General hospital,0
100142,2021,General hospital,0
100142,2022,General hospital,0
100142,2023,General hospital,0
100142,2024,General hospital,0
100150,2019,General hospital,0
100150,2020,General hospital,0
100150,2021,General hospital,0
100150,2022,General hospital,0
100150,2023,General hospital,0
100150,2024,General hospital,0
100151,2019,General hospital,0
100151,2020,General hospital,0
100151,2021,General hospital,0
100151,2022,General hospital,0
100151,2023,General hospital,0
100151,2024,General hospital,0
100154,2019,General hospital,0
100154,2020,General hospital,0
100154,2021,General hospital,0
100154,2022,General hospital,0
100154,2023,General hospital,0
100154,2024,General hospital,0
100156,2019,General hospital,0
100156,2020,General hospital,0
100156,2021,General hospital,0
100156,2022,General hospital,0
100156,2023,General hospital,0
100156,2024,General hospital,0
100157,2019,General hospital,0
100157,2020,General hospital,0
100157,2021,General hospital,0
100157,2022,General hospital,0
100157,2023,General hospital,0
100157,2024,General hospital,0
100161,2019,General hospital,0
100161,2020,General hospital,0
100161,2021,General hospital,0
100161,2022,General hospital,0
100161,2023,General hospital,0
100161,2024,General hospital,0
100166,2019,General hospital,0
100166,2020,General hospital,0
100166,2021,General hospital,0
100166,2022,General hospital,0
100166,2023,General hospital,0
100166,2024,General hospital,0
100167,2019,General hospital,0
100167,2020,General hospital,0
100167,2021,General hospital,0
100167,2022,General hospital,0
100167,2023,General hospital,0
100167,2024,General hospital,0
100168,2019,General hospital,0
100168,2020,General hospital,0
100168,2021,General hospital,0
100168,2022,General hospital,0
100168,2023,General hospital,0
100168,2024,General hospital,0
100173,2019,General hospital,0
100173,2020,General hospital,0
100173,2021,General hospital,0
100173,2022,General hospital,0
100173,2023,General hospital,0
100173,2024,General hospital,0
100175,2019,General hospital,0
100175,2020,General hospital,0
100175,2021,General hospital,0
100175,2022,General hospital,0
100175,2023,General hospital,0
100175,2024,General hospital,0
100176,2019,General hospital,0
100176,2020,General hospital,0
100176,2021,General hospital,0
100176,2022,General hospital,0
100176,2023,General hospital,0
100176,2024,General hospital,0
100177,2019,General hospital,0
100177,2020,General hospital,0
100177,2021,General hospital,0
100177,2022,General hospital,0
100177,2023,General hospital,0
100177,2024,General hospital,0
100179,2019,General hospital,0
100179,2020,General hospital,0
100179,2021,General hospital,0
100179,2022,General hospital,0
100179,2023,General hospital,0
100179,2024,General hospital,0
100180,2019,General hospital,0
100180,2020,General hospital,0
100180,2021,General hospital,0
100180,2022,General hospital,0
100180,2023,General hospital,0
100180,2024,General hospital,0
100181,2019,General hospital,0
100181,2020,General hospital,0
100181,2021,General hospital,0
100181,2022,General hospital,0
100181,2023,General hospital,0
100181,2024,General hospital,0
100183,2019,General hospital,0
100183,2020,General hospital,0
100183,2021,General hospital,0
100183,2022,General hospital,0
100183,2023,General hospital,1
100183,2024,General hospital,0
100187,2019,General hospital,0
100187,2020,General hospital,0
100187,2021,General hospital,0
100187,2022,General hospital,0
100187,2023,General hospital,1
100187,2024,General hospital,0
100189,2019,General hospital,0
100189,2020,General hospital,0
100189,2021,General hospital,0
100189,2022,General hospital,0
100189,2023,General hospital,0
100189,2024,General hospital,0
100191,2019,General hospital,0
100191,2020,General hospital,0
100191,2021,General hospital,0
100191,2022,General hospital,0
100191,2023,General hospital,0
100191,2024,General hospital,0
100200,2019,General hospital,0
100200,2020,General hospital,0
100200,2021,General hospital,0
100200,2022,General hospital,0
100200,2023,General hospital,0
100200,2024,General hospital,0
100204,2019,General hospital,0
100204,2020,General hospital,0
100204,2021,General hospital,0
100204,2022,General hospital,0
100204,2023,General hospital,0
100204,2024,General hospital,0
100206,2019,General hospital,0
100206,2020,General hospital,0
100206,2021,General hospital,0
100206,2022,General hospital,0
100206,2023,General hospital,0
100206,2024,General hospital,0
100209,2019,General hospital,0
100209,2020,General hospital,0
100209,2021,General hospital,0
100209,2022,General hospital,0
100209,2023,General hospital,0
100209,2024,General hospital,0
100211,2019,General hospital,0
100211,2020,General hospital,0
100211,2021,General hospital,0
100211,2022,General hospital,0
100211,2023,General hospital,0
100211,2024,General hospital,0
100212,2019,General hospital,0
100212,2020,General hospital,0
100212,2021,General hospital,0
100212,2022,General hospital,0
100212,2023,General hospital,0
100212,2024,General hospital,0
100213,2019,General hospital,0
100213,2020,General hospital,0
100213,2021,General hospital,0
100213,2022,General hospital,0
100213,2023,General hospital,0
100213,2024,General hospital,0
100217,2019,General hospital,0
100217,2020,General hospital,0
100217,2021,General hospital,0
100217,2022,General hospital,0
100217,2023,General hospital,0
100217,2024,General hospital,0
100220,2019,General hospital,0
100220,2020,General hospital,0
100220,2021,General hospital,0
100220,2022,General hospital,0
100220,2023,General hospital,0
100220,2024,General hospital,0
100223,2019,General hospital,0
100223,2020,General hospital,0
100223,2021,General hospital,0
100223,2022,General hospital,0
100223,2023,General hospital,0
100223,2024,General hospital,0
100224,2019,General hospital,0
100224,2020,General hospital,0
100224,2021,General hospital,0
100224,2022,General hospital,0
100224,2023,General hospital,0
100224,2024,General hospital,0
100226,2019,General hospital,0
100226,2020,General hospital,0
100226,2021,General hospital,0
100226,2022,General hospital,0
100226,2023,General hospital,0
100226,2024,General hospital,0
100228,2019,General hospital,0
100228,2020,General hospital,0
100228,2021,General hospital,0
100228,2022,General hospital,0
100228,2023,General hospital,0
100228,2024,General hospital,0
100230,2019,General hospital,0
100230,2020,General hospital,0
100230,2021,General hospital,0
100230,2022,General hospital,0
100230,2023,General hospital,0
100230,2024,General hospital,0
100231,2019,General hospital,0
100231,2020,General hospital,0
100231,2021,General hospital,0
100231,2022,General hospital,0
100231,2023,General hospital,0
100231,2024,General hospital,0
100232,2019,General hospital,0
100232,2020,General hospital,0
100232,2021,General hospital,0
100232,2022,General hospital,0
100232,2023,General hospital,0
100232,2024,General hospital,0
100236,2019,General hospital,0
100236,2020,General hospital,0
100236,2021,General hospital,0
100236,2022,General hospital,0
100236,2023,General hospital,0
100236,2024,General hospital,0
100238,2019,General hospital,0
100238,2020,General hospital,0
100238,2021,General hospital,0
100238,2022,General hospital,0
100238,2023,General hospital,0
100238,2024,General hospital,0
100242,2019,General hospital,0
100242,2020,General hospital,0
100242,2021,General hospital,0
100242,2022,General hospital,0
100242,2023,General hospital,0
100242,2024,General hospital,0
100243,2019,General hospital,0
100243,2020,General hospital,0
100243,2021,General hospital,0
100243,2022,General hospital,0
100243,2023,General hospital,0
100243,2024,General hospital,0
100244,2019,General hospital,0
100244,2020,General hospital,0
100244,2021,General hospital,0
100244,2022,General hospital,0
100244,2023,General hospital,0
100244,2024,General hospital,0
100246,2019,General hospital,0
100246,2020,General hospital,0
100246,2021,General hospital,0
100246,2022,General hospital,0
100246,2023,General hospital,0
100246,2024,General hospital,0
100248,2019,General hospital,0
100248,2020,General hospital,0
100248,2021,General hospital,0
100248,2022,General hospital,0
100248,2023,General hospital,0
100248,2024,General hospital,0
100249,2019,General hospital,0
100249,2020,General hospital,0
100249,2021,General hospital,0
100249,2022,General hospital,0
100249,2023,General hospital,0
100249,2024,General hospital,0
100252,2019,General hospital,0
100252,2020,General hospital,0
100252,2021,General hospital,0
100252,2022,General hospital,0
100252,2023,General hospital,0
100252,2024,General hospital,0
100253,2019,General hospital,1
100253,2020,General hospital,1
100253,2021,General hospital,0
100253,2022,General hospital,0
100253,2023,General hospital,0
100253,2024,General hospital,0
100254,2019,General hospital,0
100254,2020,General hospital,0
100254,2021,General hospital,0
100254,2022,General hospital,0
100254,2023,General hospital,0
100254,2024,General hospital,0
100255,2019,General hospital,1
100256,2019,General hospital,0
100256,2020,General hospital,0
100256,2021,General hospital,0
100256,2022,General hospital,0
100256,2023,General hospital,0
100256,2024,General hospital,0
100258,2019,General hospital,0
100258,2020,General hospital,0
100258,2021,General hospital,0
100258,2022,General hospital,0
100258,2023,General hospital,0
100258,2024,General hospital,0
100259,2019,General hospital,0
100259,2020,General hospital,0
100259,2021,General hospital,0
100259,2022,General hospital,0
100259,2023,General hospital,0
100259,2024,General hospital,0
100260,2019,General hospital,0
100260,2020,General hospital,0
100260,2021,General hospital,0
100260,2022,General hospital,0
100260,2023,General hospital,0
100260,2024,General hospital,0
100264,2019,General hospital,0
100264,2020,General hospital,0
100264,2021,General hospital,0
100264,2022,General hospital,0
100264,2023,General hospital,0
100264,2024,General hospital,0
100265,2019,General hospital,0
100265,2020,General hospital,0
100265,2021,General hospital,0
100265,2022,General hospital,0
100265,2023,General hospital,0
100265,2024,General hospital,0
100266,2019,General hospital,0
100266,2020,General hospital,0
100266,2021,General hospital,0
100266,2022,General hospital,0
100266,2023,General hospital,0
100266,2024,General hospital,1
100267,2019,General hospital,0
100267,2020,General hospital,0
100267,2021,General hospital,0
100267,2022,General hospital,0
100267,2023,General hospital,0
100267,2024,General hospital,0
100268,2019,General hospital,0
100268,2020,General hospital,0
100268,2021,General hospital,0
100268,2022,General hospital,0
100268,2023,General hospital,0
100268,2024,General hospital,0
100269,2019,General hospital,0
100269,2020,General hospital,0
100269,2021,General hospital,0
100269,2022,General hospital,0
100269,2023,General hospital,0
100269,2024,General hospital,0
100275,2019,General hospital,0
100275,2020,General hospital,0
100275,2021,General hospital,0
100275,2022,General hospital,0
100275,2023,General hospital,0
100275,2024,General hospital,0
100276,2019,General hospital,0
100276,2020,General hospital,0
100276,2021,General hospital,0
100276,2022,General hospital,0
100276,2023,General hospital,0
100276,2024,General hospital,0
100277,2019,General hospital,1
100277,2020,General hospital,1
100277,2021,General hospital,1
100277,2022,General hospital,1
100277,2023,General hospital,1
100277,2024,General hospital,1
100281,2019,General hospital,0
100281,2020,General hospital,0
100281,2021,General hospital,0
100281,2022,General hospital,0
100281,2023,General hospital,0
100281,2024,General hospital,0
100284,2019,General hospital,0
100284,2020,General hospital,0
100284,2021,General hospital,0
100284,2022,General hospital,0
100284,2023,General hospital,0
100284,2024,General hospital,0
100285,2019,General hospital,0
100285,2020,General hospital,0
100285,2021,General hospital,0
100285,2022,General hospital,0
100285,2023,General hospital,0
100285,2024,General hospital,0
100286,2019,General hospital,0
100286,2020,General hospital,0
100286,2021,General hospital,0
100286,2022,General hospital,0
100286,2023,General hospital,0
100286,2024,General hospital,0
100287,2019,General hospital,0
100287,2020,General hospital,0
100287,2021,General hospital,0
100287,2022,General hospital,0
100287,2023,General hospital,0
100287,2024,General hospital,0
100288,2019,General hospital,0
100288,2020,General hospital,0
100288,2021,General hospital,0
100288,2022,General hospital,0
100288,2023,General hospital,0
100288,2024,General hospital,0
100289,2019,General hospital,0
100289,2020,General hospital,0
100289,2021,General hospital,0
100289,2022,General hospital,0
100289,2023,General hospital,0
100289,2024,General hospital,0
100290,2019,General hospital,0
100290,2020,General hospital,0
100290,2021,General hospital,0
100290,2022,General hospital,0
100290,2023,General hospital,1
100290,2024,General hospital,0
100291,2019,General hospital,0
100291,2020,General hospital,0
100291,2021,General hospital,0
100291,2022,General hospital,0
100291,2023,General hospital,0
100291,2024,General hospital,0
100292,2019,General hospital,0
100292,2020,General hospital,0
100292,2021,General hospital,0
100292,2022,General hospital,0
100292,2023,General hospital,0
100292,2024,General hospital,0
100296,2019,General hospital,0
100296,2020,General hospital,0
100296,2021,General hospital,0
100296,2022,General hospital,0
100296,2023,General hospital,0
100296,2024,General hospital,0
100298,2019,General hospital,1
100298,2020,General hospital,1
100298,2021,General hospital,1
100298,2022,General hospital,1
100298,2023,General hospital,1
100298,2024,General hospital,1
100299,2019,General hospital,0
100299,2020,General hospital,0
100299,2021,General hospital,0
100299,2022,General hospital,0
100299,2023,General hospital,0
100299,2024,General hospital,0
100302,2019,General hospital,0
100302,2020,General hospital,0
100302,2021,General hospital,0
100302,2022,General hospital,0
100302,2023,General hospital,0
100302,2024,General hospital,0
100307,2019,General hospital,0
100307,2020,General hospital,0
100307,2021,General hospital,0
100307,2022,General hospital,0
100307,2023,General hospital,0
100307,2024,General hospital,0
100313,2019,General hospital,0
100313,2020,General hospital,0
100313,2021,General hospital,0
100313,2022,General hospital,0
100313,2023,General hospital,0
100313,2024,General hospital,0
100314,2019,General hospital,0
100314,2020,General hospital,0
100314,2021,General hospital,0
100314,2022,General hospital,0
100314,2023,General hospital,0
100314,2024,General hospital,0
100315,2019,General hospital,0
100315,2020,General hospital,0
100315,2021,General hospital,0
100315,2022,General hospital,0
100315,2023,General hospital,0
100315,2024,General hospital,0
100316,2019,General hospital,0
100316,2020,General hospital,0
100316,2021,General hospital,0
100316,2022,General hospital,0
100316,2023,General hospital,0
100316,2024,General hospital,0
100319,2019,General hospital,0
100319,2020,General hospital,0
100319,2021,General hospital,0
100319,2022,General hospital,0
100319,2023,General hospital,0
100319,2024,General hospital,0
100320,2019,General hospital,0
100320,2020,General hospital,0
100320,2021,General hospital,0
100320,2022,General hospital,0
100320,2023,General hospital,0
100320,2024,General hospital,0
100321,2019,General hospital,0
100321,2020,General hospital,0
100321,2021,General hospital,0
100321,2022,General hospital,0
100321,2023,General hospital,0
100321,2024,General hospital,0
100322,2019,General hospital,1
100322,2020,General hospital,1
100329,2019,General hospital,0
100329,2020,General hospital,0
100329,2021,General hospital,0
100329,2022,General hospital,0
100329,2023,General hospital,0
100329,2024,General hospital,0
100330,2021,General hospital,0
100330,2022,General hospital,1
100330,2023,General hospital,0
100330,2024,General hospital,0
100350,2022,General hospital,0
100350,2023,General hospital,0
100350,2024,General hospital,0
100359,2022,General hospital,1
100359,2023,General hospital,0
100359,2024,General hospital,0
100360,2022,General hospital,1
100360,2023,General hospital,0
100360,2024,General hospital,0
100361,2023,General hospital,1
100361,2024,General hospital,1
100362,2024,General hospital,1
100363,2024,General hospital,1
101300,2019,Small rural (critical access),0
101300,2020,Small rural (critical access),0
101300,2021,Small rural (critical access),1
101300,2022,Small rural (critical access),0
101300,2023,Small rural (critical access),0
101300,2024,Small rural (critical access),0
101301,2019,Small rural (critical access),0
101301,2020,Small rural (critical access),0
101303,2019,Small rural (critical access),0
101303,2020,Small rural (critical access),0
101303,2021,Small rural (critical access),0
101303,2022,Small rural (critical access),0
101303,2023,Small rural (critical access),0
101303,2024,Small rural (critical access),0
101304,2019,Small rural (critical access),1
101304,2020,Small rural (critical access),1
101304,2021,Small rural (critical access),1
101304,2022,Small rural (critical access),0
101304,2023,Small rural (critical access),0
101304,2024,Small rural (critical access),0
101305,2019,Small rural (critical access),0
101305,2020,Small rural (critical access),0
101305,2021,Small rural (critical access),1
101305,2022,Small rural (critical access),0
101305,2023,Small rural (critical access),1
101305,2024,Small rural (critical access),1
101307,2019,Small rural (critical access),0
101307,2020,Small rural (critical access),0
101307,2021,Small rural (critical access),0
101307,2022,Small rural (critical access),0
101307,2023,Small rural (critical access),1
101307,2024,Small rural (critical access),0
101308,2019,Small rural (critical access),0
101308,2020,Small rural (critical access),0
101308,2021,Small rural (critical access),0
101308,2022,Small rural (critical access),0
101308,2023,Small rural (critical access),0
101308,2024,Small rural (critical access),1
101309,2019,Small rural (critical access),0
101309,2020,Small rural (critical access),1
101309,2021,Small rural (critical access),0
101309,2022,Small rural (critical access),1
101309,2023,Small rural (critical access),0
101309,2024,Small rural (critical access),1
101310,2019,Small rural (critical access),0
101310,2020,Small rural (critical access),0
101311,2019,Small rural (critical access),1
101311,2020,Small rural (critical access),0
101311,2021,Small rural (critical access),1
101311,2022,Small rural (critical access),0
101311,2023,Small rural (critical access),0
101311,2024,Small rural (critical access),1
101312,2019,Small rural (critical access),1
101312,2020,Small rural (critical access),1
101312,2021,Small rural (critical access),1
101312,2022,Small rural (critical access),0
101312,2023,Small rural (critical access),0
101312,2024,Small rural (critical access),0
101313,2019,Small rural (critical access),0
101313,2020,Small rural (critical access),0
101313,2021,Small rural (critical access),0
101313,2022,Small rural (critical access),0
101313,2023,Small rural (critical access),0
101313,2024,Small rural (critical access),0
101314,2024,Small rural (critical access),1
101315,2024,Small rural (critical access),1
110001,2019,General hospital,0
110001,2020,General hospital,0
110001,2021,General hospital,1
110001,2022,General hospital,0
110001,2023,General hospital,1
110001,2024,General hospital,0
110002,2019,General hospital,0
110002,2020,General hospital,0
110002,2021,General hospital,0
110002,2022,General hospital,0
110002,2023,General hospital,0
110002,2024,General hospital,0
110003,2019,General hospital,1
110003,2020,General hospital,0
110003,2021,General hospital,0
110003,2022,General hospital,0
110003,2023,General hospital,0
110003,2024,General hospital,0
110005,2019,General hospital,0
110005,2020,General hospital,0
110005,2021,General hospital,0
110005,2022,General hospital,0
110005,2023,General hospital,0
110005,2024,General hospital,0
110006,2019,General hospital,0
110006,2020,General hospital,0
110006,2021,General hospital,0
110006,2022,General hospital,0
110006,2023,General hospital,0
110006,2024,General hospital,0
110007,2019,General hospital,1
110007,2020,General hospital,0
110007,2021,General hospital,0
110007,2022,General hospital,0
110007,2023,General hospital,0
110007,2024,General hospital,0
110008,2019,General hospital,0
110008,2020,General hospital,0
110008,2021,General hospital,0
110008,2022,General hospital,0
110008,2023,General hospital,0
110008,2024,General hospital,0
110010,2019,General hospital,0
110010,2020,General hospital,0
110010,2021,General hospital,0
110010,2022,General hospital,0
110010,2023,General hospital,0
110010,2024,General hospital,0
110011,2019,General hospital,0
110011,2020,General hospital,0
110011,2021,General hospital,1
110011,2022,General hospital,0
110011,2023,General hospital,0
110011,2024,General hospital,1
110015,2019,General hospital,0
110015,2020,General hospital,0
110015,2021,General hospital,1
110015,2022,General hospital,0
110015,2023,General hospital,0
110015,2024,General hospital,1
110016,2019,General hospital,0
110016,2020,General hospital,0
110016,2021,General hospital,0
110016,2022,General hospital,0
110016,2023,General hospital,0
110016,2024,General hospital,0
110018,2019,General hospital,0
110018,2020,General hospital,0
110018,2021,General hospital,0
110018,2022,General hospital,0
110018,2023,General hospital,0
110018,2024,General hospital,0
110023,2019,General hospital,0
110023,2020,General hospital,0
110023,2021,General hospital,0
110023,2022,General hospital,0
110023,2023,General hospital,0
110023,2024,General hospital,0
110024,2019,General hospital,0
110024,2020,General hospital,0
110024,2021,General hospital,0
110024,2022,General hospital,0
110024,2023,General hospital,0
110024,2024,General hospital,0
110025,2019,General hospital,1
110025,2020,General hospital,0
110025,2021,General hospital,0
110025,2022,General hospital,0
110025,2023,General hospital,0
110025,2024,General hospital,0
110026,2019,General hospital,0
110026,2020,General hospital,0
110027,2019,General hospital,0
110027,2020,General hospital,0
110027,2021,General hospital,0
110027,2022,General hospital,0
110027,2023,General hospital,0
110027,2024,General hospital,0
110028,2019,General hospital,0
110028,2020,General hospital,0
110028,2021,General hospital,0
110028,2022,General hospital,0
110028,2023,General hospital,0
110028,2024,General hospital,0
110029,2019,General hospital,0
110029,2020,General hospital,0
110029,2021,General hospital,0
110029,2022,General hospital,0
110029,2023,General hospital,0
110029,2024,General hospital,0
110030,2019,General hospital,0
110030,2020,General hospital,0
110030,2021,General hospital,0
110030,2022,General hospital,0
110030,2023,General hospital,0
110030,2024,General hospital,0
110031,2019,General hospital,0
110031,2020,General hospital,0
110031,2021,General hospital,0
110031,2022,General hospital,0
110031,2023,General hospital,0
110031,2024,General hospital,0
110032,2019,General hospital,0
110032,2020,General hospital,0
110032,2021,General hospital,0
110032,2022,General hospital,1
110032,2023,General hospital,1
110032,2024,General hospital,0
110034,2019,General hospital,0
110034,2020,General hospital,0
110034,2021,General hospital,0
110034,2022,General hospital,0
110034,2023,General hospital,0
110034,2024,General hospital,0
110035,2019,General hospital,0
110035,2020,General hospital,0
110035,2021,General hospital,0
110035,2022,General hospital,0
110035,2023,General hospital,0
110035,2024,General hospital,0
110036,2019,General hospital,0
110036,2020,General hospital,0
110036,2021,General hospital,0
110036,2022,General hospital,0
110036,2023,General hospital,0
110036,2024,General hospital,0
110038,2019,General hospital,0
110038,2020,General hospital,0
110038,2021,General hospital,0
110038,2022,General hospital,0
110038,2023,General hospital,0
110038,2024,General hospital,0
110040,2019,General hospital,0
110040,2020,General hospital,0
110040,2021,General hospital,1
110041,2019,General hospital,0
110041,2020,General hospital,0
110041,2021,General hospital,0
110041,2022,General hospital,0
110041,2023,General hospital,0
110041,2024,General hospital,0
110042,2019,General hospital,0
110042,2020,General hospital,0
110042,2021,General hospital,0
110042,2022,General hospital,0
110042,2023,General hospital,0
110042,2024,General hospital,0
110043,2019,General hospital,0
110043,2020,General hospital,0
110043,2021,General hospital,0
110043,2022,General hospital,0
110043,2023,General hospital,0
110043,2024,General hospital,0
110044,2019,General hospital,0
110044,2020,General hospital,0
110044,2021,General hospital,0
110044,2022,General hospital,0
110044,2023,General hospital,0
110044,2024,General hospital,0
110045,2019,General hospital,0
110045,2020,General hospital,0
110045,2021,General hospital,0
110045,2022,General hospital,0
110045,2023,General hospital,0
110045,2024,General hospital,0
110046,2019,General hospital,0
110046,2020,General hospital,0
110046,2021,General hospital,0
110046,2022,General hospital,0
110046,2023,General hospital,0
110046,2024,General hospital,0
110050,2019,General hospital,0
110050,2020,General hospital,0
110050,2021,General hospital,0
110050,2022,General hospital,0
110050,2023,General hospital,0
110050,2024,General hospital,0
110051,2019,General hospital,1
110051,2020,General hospital,1
110051,2021,General hospital,0
110051,2022,General hospital,0
110051,2023,General hospital,1
110051,2024,General hospital,0
110054,2019,General hospital,0
110054,2020,General hospital,0
110054,2021,General hospital,0
110054,2022,General hospital,0
110054,2023,General hospital,0
110054,2024,General hospital,0
110064,2019,General hospital,0
110064,2020,General hospital,0
110064,2021,General hospital,0
110064,2022,General hospital,0
110064,2023,General hospital,0
110064,2024,General hospital,0
110069,2019,General hospital,0
110069,2020,General hospital,0
110069,2021,General hospital,0
110069,2022,General hospital,0
110069,2023,General hospital,0
110069,2024,General hospital,0
110071,2019,General hospital,0
110071,2020,General hospital,0
110071,2021,General hospital,1
110071,2022,General hospital,1
110071,2023,General hospital,0
110071,2024,General hospital,0
110073,2019,General hospital,1
110073,2020,General hospital,1
110073,2021,General hospital,0
110073,2022,General hospital,0
110073,2023,General hospital,1
110073,2024,General hospital,1
110074,2019,General hospital,0
110074,2020,General hospital,0
110074,2021,General hospital,0
110074,2022,General hospital,0
110074,2023,General hospital,0
110074,2024,General hospital,0
110075,2019,General hospital,0
110075,2020,General hospital,0
110075,2021,General hospital,0
110075,2022,General hospital,0
110075,2023,General hospital,0
110075,2024,General hospital,0
110076,2019,General hospital,0
110076,2020,General hospital,0
110076,2021,General hospital,0
110076,2022,General hospital,0
110076,2023,General hospital,0
110076,2024,General hospital,0
110078,2019,General hospital,0
110078,2020,General hospital,0
110078,2021,General hospital,0
110078,2022,General hospital,0
110078,2023,General hospital,0
110078,2024,General hospital,0
110079,2019,General hospital,0
110079,2020,General hospital,0
110079,2021,General hospital,0
110079,2022,General hospital,0
110079,2023,General hospital,0
110079,2024,General hospital,0
110082,2019,General hospital,1
110082,2020,General hospital,0
110082,2021,General hospital,0
110082,2022,General hospital,0
110082,2023,General hospital,0
110082,2024,General hospital,0
110083,2019,General hospital,0
110083,2020,General hospital,0
110083,2021,General hospital,0
110083,2022,General hospital,0
110083,2023,General hospital,0
110083,2024,General hospital,0
110086,2019,General hospital,1
110086,2020,General hospital,1
110086,2021,General hospital,0
110086,2022,General hospital,0
110086,2023,General hospital,1
110086,2024,General hospital,1
110087,2019,General hospital,1
110087,2020,General hospital,1
110087,2021,General hospital,0
110087,2022,General hospital,0
110087,2023,General hospital,0
110087,2024,General hospital,0
110089,2019,General hospital,0
110089,2020,General hospital,0
110089,2021,General hospital,0
110089,2022,General hospital,0
110089,2023,General hospital,0
110089,2024,General hospital,0
110091,2019,General hospital,0
110091,2020,General hospital,0
110091,2021,General hospital,0
110091,2022,General hospital,0
110091,2023,General hospital,0
110091,2024,General hospital,0
110092,2019,General hospital,0
110092,2020,General hospital,0
110092,2021,General hospital,0
110092,2022,General hospital,0
110092,2023,General hospital,1
110092,2024,General hospital,0
110095,2019,General hospital,0
110095,2020,General hospital,0
110095,2021,General hospital,0
110095,2022,General hospital,0
110095,2023,General hospital,0
110095,2024,General hospital,0
110100,2019,General hospital,0
110100,2020,General hospital,0
110100,2021,General hospital,0
110100,2022,General hospital,0
110100,2023,General hospital,0
110100,2024,General hospital,0
110101,2019,General hospital,0
110101,2020,General hospital,0
110101,2021,General hospital,1
110101,2022,General hospital,1
110101,2023,General hospital,0
110101,2024,General hospital,0
110104,2019,General hospital,0
110104,2020,General hospital,0
110104,2021,General hospital,0
110104,2022,General hospital,0
110104,2023,General hospital,0
110104,2024,General hospital,0
110105,2019,General hospital,0
110105,2020,General hospital,0
110105,2021,General hospital,0
110105,2022,General hospital,0
110105,2023,General hospital,0
110105,2024,General hospital,0
110107,2019,General hospital,0
110107,2020,General hospital,0
110107,2021,General hospital,0
110107,2022,General hospital,0
110107,2023,General hospital,0
110107,2024,General hospital,0
110109,2019,General hospital,0
110109,2020,General hospital,0
110109,2021,General hospital,0
110109,2022,General hospital,0
110109,2023,General hospital,0
110109,2024,General hospital,0
110111,2019,General hospital,0
110111,2020,General hospital,0
110111,2021,General hospital,1
110111,2022,General hospital,0
110111,2023,General hospital,0
110111,2024,General hospital,0
110113,2019,General hospital,0
110113,2020,General hospital,0
110113,2021,General hospital,0
110113,2022,General hospital,0
110113,2023,General hospital,0
110113,2024,General hospital,0
110115,2019,General hospital,0
110115,2020,General hospital,0
110115,2021,General hospital,0
110115,2022,General hospital,0
110121,2019,General hospital,0
110121,2020,General hospital,0
110121,2021,General hospital,0
110121,2022,General hospital,0
110121,2023,General hospital,0
110121,2024,General hospital,0
110122,2019,General hospital,0
110122,2020,General hospital,0
110122,2021,General hospital,0
110122,2022,General hospital,0
110122,2023,General hospital,0
110122,2024,General hospital,0
110124,2019,General hospital,0
110124,2020,General hospital,0
110124,2021,General hospital,0
110124,2022,General hospital,0
110124,2023,General hospital,0
110124,2024,General hospital,0
110125,2019,General hospital,0
110125,2020,General hospital,0
110125,2021,General hospital,0
110125,2022,General hospital,0
110125,2023,General hospital,0
110125,2024,General hospital,0
110128,2019,General hospital,0
110128,2020,General hospital,0
110128,2021,General hospital,0
110128,2022,General hospital,0
110128,2023,General hospital,0
110128,2024,General hospital,0
110129,2019,General hospital,0
110129,2020,General hospital,0
110129,2021,General hospital,0
110129,2022,General hospital,0
110129,2023,General hospital,0
110129,2024,General hospital,0
110130,2019,General hospital,1
110130,2020,General hospital,1
110130,2021,General hospital,0
110130,2022,General hospital,0
110132,2019,General hospital,0
110132,2020,General hospital,0
110132,2021,General hospital,0
110132,2022,General hospital,1
110132,2023,General hospital,0
110132,2024,General hospital,0
110135,2019,General hospital,0
110135,2020,General hospital,0
110135,2021,General hospital,0
110135,2022,General hospital,0
110135,2023,General hospital,1
110135,2024,General hospital,0
110142,2019,General hospital,1
110142,2020,General hospital,1
110142,2021,General hospital,0
110142,2022,General hospital,0
110142,2023,General hospital,1
110142,2024,General hospital,0
110143,2019,General hospital,0
110143,2020,General hospital,0
110143,2021,General hospital,0
110143,2022,General hospital,0
110143,2023,General hospital,0
110143,2024,General hospital,0
110146,2019,General hospital,1
110146,2020,General hospital,0
110146,2021,General hospital,0
110146,2022,General hospital,0
110146,2023,General hospital,0
110146,2024,General hospital,0
110150,2019,General hospital,1
110150,2020,General hospital,0
110150,2021,General hospital,0
110150,2022,General hospital,0
110150,2023,General hospital,0
110150,2024,General hospital,0
110153,2019,General hospital,0
110153,2020,General hospital,0
110153,2021,General hospital,0
110153,2022,General hospital,0
110153,2023,General hospital,0
110153,2024,General hospital,1
110161,2019,General hospital,0
110161,2020,General hospital,0
110161,2021,General hospital,0
110161,2022,General hospital,0
110161,2023,General hospital,0
110161,2024,General hospital,0
110164,2019,General hospital,0
110164,2020,General hospital,0
110164,2021,General hospital,0
110164,2022,General hospital,0
110164,2023,General hospital,0
110164,2024,General hospital,0
110165,2019,General hospital,0
110165,2020,General hospital,0
110165,2021,General hospital,0
110165,2022,General hospital,0
110165,2023,General hospital,0
110165,2024,General hospital,0
110168,2019,General hospital,0
110168,2020,General hospital,0
110168,2021,General hospital,0
110168,2022,General hospital,0
110168,2023,General hospital,0
110168,2024,General hospital,0
110177,2019,General hospital,0
110177,2020,General hospital,0
110177,2021,General hospital,0
110177,2022,General hospital,0
110177,2023,General hospital,0
110177,2024,General hospital,0
110184,2019,General hospital,0
110184,2020,General hospital,0
110184,2021,General hospital,0
110184,2022,General hospital,0
110184,2023,General hospital,0
110184,2024,General hospital,0
110187,2019,General hospital,1
110189,2019,General hospital,0
110189,2020,General hospital,0
110189,2021,General hospital,0
110189,2022,General hospital,0
110189,2023,General hospital,0
110190,2019,General hospital,0
110190,2020,General hospital,0
110190,2021,General hospital,1
110190,2022,General hospital,1
110190,2023,General hospital,1
110190,2024,General hospital,1
110191,2019,General hospital,0
110191,2020,General hospital,0
110191,2021,General hospital,0
110191,2022,General hospital,0
110191,2023,General hospital,0
110191,2024,General hospital,0
110192,2019,General hospital,0
110192,2020,General hospital,0
110192,2021,General hospital,0
110192,2022,General hospital,0
110192,2023,General hospital,0
110192,2024,General hospital,0
110194,2019,General hospital,0
110194,2020,General hospital,0
110194,2021,General hospital,0
110194,2022,General hospital,0
110194,2023,General hospital,0
110194,2024,General hospital,1
110198,2019,General hospital,0
110198,2020,General hospital,0
110198,2021,General hospital,0
110198,2022,General hospital,0
110198,2023,General hospital,0
110198,2024,General hospital,0
110200,2019,General hospital,0
110200,2020,General hospital,0
110200,2021,General hospital,0
110200,2022,General hospital,0
110200,2023,General hospital,0
110200,2024,General hospital,0
110201,2019,General hospital,0
110201,2020,General hospital,0
110201,2021,General hospital,0
110201,2022,General hospital,0
110201,2023,General hospital,0
110201,2024,General hospital,0
110209,2019,General hospital,1
110209,2020,General hospital,0
110209,2021,General hospital,0
110209,2022,General hospital,0
110209,2023,General hospital,0
110209,2024,General hospital,1
110215,2019,General hospital,0
110215,2020,General hospital,0
110215,2021,General hospital,0
110215,2022,General hospital,0
110215,2023,General hospital,0
110215,2024,General hospital,0
110225,2019,General hospital,0
110225,2020,General hospital,0
110225,2021,General hospital,0
110225,2022,General hospital,0
110225,2023,General hospital,0
110225,2024,General hospital,0
110226,2019,General hospital,0
110226,2020,General hospital,0
110226,2021,General hospital,0
110226,2022,General hospital,0
110226,2023,General hospital,0
110226,2024,General hospital,0
110229,2019,General hospital,0
110229,2020,General hospital,0
110229,2021,General hospital,0
110229,2022,General hospital,0
110229,2023,General hospital,0
110229,2024,General hospital,0
110230,2019,General hospital,0
110230,2020,General hospital,0
110230,2021,General hospital,0
110230,2022,General hospital,0
110230,2023,General hospital,0
110230,2024,General hospital,0
110233,2019,General hospital,0
110233,2020,General hospital,0
110233,2021,General hospital,0
110233,2022,General hospital,0
110233,2023,General hospital,0
110233,2024,General hospital,1
110234,2019,General hospital,0
110234,2020,General hospital,0
110234,2021,General hospital,0
110234,2022,General hospital,0
110234,2023,General hospital,0
110234,2024,General hospital,0
110236,2019,General hospital,1
110236,2020,General hospital,1
110236,2021,General hospital,0
110236,2022,General hospital,0
110236,2023,General hospital,1
110236,2024,General hospital,0
110237,2021,General hospital,0
110237,2022,General hospital,0
110237,2023,General hospital,0
110237,2024,General hospital,0
110252,2022,General hospital,0
110252,2023,General hospital,0
110252,2024,General hospital,0
111300,2019,Small rural (critical access),1
111300,2020,Small rural (critical access),1
111302,2019,Small rural (critical access),0
111302,2020,Small rural (critical access),0
111302,2021,Small rural (critical access),0
111302,2022,Small rural (critical access),0
111302,2023,Small rural (critical access),1
111302,2024,Small rural (critical access),0
111303,2019,Small rural (critical access),0
111303,2020,Small rural (critical access),0
111303,2021,Small rural (critical access),0
111303,2022,Small rural (critical access),0
111303,2023,Small rural (critical access),0
111303,2024,Small rural (critical access),0
111304,2019,Small rural (critical access),1
111304,2020,Small rural (critical access),0
111304,2021,Small rural (critical access),0
111304,2022,Small rural (critical access),0
111304,2023,Small rural (critical access),0
111304,2024,Small rural (critical access),0
111305,2019,Small rural (critical access),1
111305,2020,Small rural (critical access),0
111305,2021,Small rural (critical access),0
111305,2022,Small rural (critical access),0
111305,2023,Small rural (critical access),0
111305,2024,Small rural (critical access),0
111306,2019,Small rural (critical access),1
111306,2020,Small rural (critical access),1
111306,2021,Small rural (critical access),1
111306,2022,Small rural (critical access),0
111306,2023,Small rural (critical access),1
111306,2024,Small rural (critical access),0
111308,2019,Small rural (critical access),0
111308,2020,Small rural (critical access),0
111308,2021,Small rural (critical access),0
111308,2022,Small rural (critical access),0
111308,2023,Small rural (critical access),0
111308,2024,Small rural (critical access),0
111310,2019,Small rural (critical access),0
111310,2020,Small rural (critical access),0
111310,2021,Small rural (critical access),0
111310,2022,Small rural (critical access),0
111310,2023,Small rural (critical access),0
111310,2024,Small rural (critical access),0
111311,2019,Small rural (critical access),0
111311,2020,Small rural (critical access),0
111311,2021,Small rural (critical access),0
111311,2022,Small rural (critical access),0
111311,2023,Small rural (critical access),0
111311,2024,Small rural (critical access),1
111312,2019,Small rural (critical access),0
111312,2020,Small rural (critical access),0
111312,2021,Small rural (critical access),0
111312,2022,Small rural (critical access),0
111312,2023,Small rural (critical access),0
111312,2024,Small rural (critical access),0
111313,2019,Small rural (critical access),1
111313,2020,Small rural (critical access),0
111313,2021,Small rural (critical access),1
111313,2022,Small rural (critical access),0
111313,2023,Small rural (critical access),0
111313,2024,Small rural (critical access),0
111314,2019,Small rural (critical access),1
111314,2020,Small rural (critical access),1
111314,2021,Small rural (critical access),1
111314,2022,Small rural (critical access),1
111314,2023,Small rural (critical access),1
111314,2024,Small rural (critical access),1
111316,2019,Small rural (critical access),0
111316,2020,Small rural (critical access),0
111316,2021,Small rural (critical access),1
111316,2022,Small rural (critical access),1
111316,2023,Small rural (critical access),1
111316,2024,Small rural (critical access),1
111318,2019,Small rural (critical access),1
111318,2020,Small rural (critical access),0
111318,2021,Small rural (critical access),0
111318,2022,Small rural (critical access),0
111318,2023,Small rural (critical access),0
111318,2024,Small rural (critical access),0
111319,2019,Small rural (critical access),0
111319,2020,Small rural (critical access),0
111319,2021,Small rural (critical access),0
111319,2022,Small rural (critical access),0
111319,2023,Small rural (critical access),0
111319,2024,Small rural (critical access),0
111320,2019,Small rural (critical access),0
111320,2020,Small rural (critical access),0
111320,2021,Small rural (critical access),1
111320,2022,Small rural (critical access),0
111320,2023,Small rural (critical access),0
111320,2024,Small rural (critical access),1
111323,2019,Small rural (critical access),0
111323,2020,Small rural (critical access),0
111323,2021,Small rural (critical access),0
111323,2022,Small rural (critical access),0
111323,2023,Small rural (critical access),0
111323,2024,Small rural (critical access),0
111324,2019,Small rural (critical access),1
111324,2020,Small rural (critical access),1
111324,2021,Small rural (critical access),0
111324,2022,Small rural (critical access),0
111324,2023,Small rural (critical access),1
111324,2024,Small rural (critical access),0
111325,2019,Small rural (critical access),0
111325,2020,Small rural (critical access),0
111325,2021,Small rural (critical access),1
111325,2022,Small rural (critical access),0
111325,2023,Small rural (critical access),0
111325,2024,Small rural (critical access),0
111326,2019,Small rural (critical access),0
111326,2020,Small rural (critical access),0
111326,2021,Small rural (critical access),0
111326,2022,Small rural (critical access),0
111326,2023,Small rural (critical access),0
111326,2024,Small rural (critical access),0
111327,2019,Small rural (critical access),1
111327,2020,Small rural (critical access),1
111327,2021,Small rural (critical access),0
111327,2022,Small rural (critical access),0
111327,2023,Small rural (critical access),0
111327,2024,Small rural (critical access),0
111328,2019,Small rural (critical access),0
111328,2020,Small rural (critical access),0
111328,2021,Small rural (critical access),0
111328,2022,Small rural (critical access),0
111328,2023,Small rural (critical access),0
111328,2024,Small rural (critical access),0
111329,2019,Small rural (critical access),0
111329,2020,Small rural (critical access),0
111329,2021,Small rural (critical access),0
111329,2022,Small rural (critical access),0
111329,2023,Small rural (critical access),0
111329,2024,Small rural (critical access),0
111330,2019,Small rural (critical access),0
111330,2020,Small rural (critical access),0
111330,2021,Small rural (critical access),0
111330,2022,Small rural (critical access),0
111330,2023,Small rural (critical access),0
111330,2024,Small rural (critical access),0
111331,2019,Small rural (critical access),0
111331,2020,Small rural (critical access),0
111331,2021,Small rural (critical access),0
111331,2022,Small rural (critical access),0
111331,2023,Small rural (critical access),0
111331,2024,Small rural (critical access),0
111332,2019,Small rural (critical access),0
111332,2020,Small rural (critical access),0
111332,2021,Small rural (critical access),0
111332,2022,Small rural (critical access),0
111332,2023,Small rural (critical access),0
111332,2024,Small rural (critical access),0
111333,2019,Small rural (critical access),1
111333,2020,Small rural (critical access),1
111333,2021,Small rural (critical access),0
111333,2022,Small rural (critical access),0
111333,2023,Small rural (critical access),1
111333,2024,Small rural (critical access),0
111334,2019,Small rural (critical access),1
111334,2020,Small rural (critical access),1
111334,2021,Small rural (critical access),1
111334,2022,Small rural (critical access),1
111334,2023,Small rural (critical access),1
111334,2024,Small rural (critical access),0
111335,2019,Small rural (critical access),0
111335,2020,Small rural (critical access),0
111335,2021,Small rural (critical access),0
111335,2022,Small rural (critical access),0
111335,2023,Small rural (critical access),0
111335,2024,Small rural (critical access),0
111336,2019,Small rural (critical access),1
111336,2020,Small rural (critical access),1
111336,2021,Small rural (critical access),1
111336,2022,Small rural (critical access),0
111336,2023,Small rural (critical access),0
111336,2024,Small rural (critical access),1
111337,2021,Small rural (critical access),0
111337,2022,Small rural (critical access),0
111337,2023,Small rural (critical access),0
111337,2024,Small rural (critical access),0
120001,2019,General hospital,0
120001,2020,General hospital,0
120001,2021,General hospital,0
120001,2022,General hospital,0
120001,2023,General hospital,0
120001,2024,General hospital,0
120002,2019,General hospital,1
120002,2020,General hospital,0
120002,2021,General hospital,0
120002,2022,General hospital,0
120002,2023,General hospital,0
120002,2024,General hospital,0
120004,2019,General hospital,0
120004,2020,General hospital,0
120004,2021,General hospital,0
120004,2022,General hospital,0
120004,2023,General hospital,0
120004,2024,General hospital,0
120005,2019,General hospital,0
120005,2020,General hospital,0
120005,2021,General hospital,0
120005,2022,General hospital,0
120005,2023,General hospital,0
120005,2024,General hospital,0
120006,2019,General hospital,0
120006,2020,General hospital,0
120006,2021,General hospital,0
120006,2022,General hospital,0
120006,2023,General hospital,0
120006,2024,General hospital,0
120007,2019,General hospital,1
120007,2020,General hospital,0
120007,2021,General hospital,0
120007,2022,General hospital,0
120007,2023,General hospital,0
120007,2024,General hospital,0
120011,2019,General hospital,0
120011,2020,General hospital,0
120011,2021,General hospital,0
120011,2022,General hospital,0
120011,2023,General hospital,0
120011,2024,General hospital,0
120014,2019,General hospital,0
120014,2020,General hospital,0
120014,2021,General hospital,0
120014,2022,General hospital,0
120014,2023,General hospital,0
120014,2024,General hospital,0
120019,2019,General hospital,0
120019,2020,General hospital,0
120019,2021,General hospital,0
120019,2022,General hospital,0
120019,2023,General hospital,0
120019,2024,General hospital,1
120022,2019,General hospital,0
120022,2020,General hospital,0
120022,2021,General hospital,0
120022,2022,General hospital,0
120022,2023,General hospital,0
120022,2024,General hospital,0
120026,2019,General hospital,0
120026,2020,General hospital,0
120026,2021,General hospital,0
120026,2022,General hospital,0
120026,2023,General hospital,0
120026,2024,General hospital,0
120028,2019,General hospital,0
120028,2020,General hospital,0
120028,2021,General hospital,0
120028,2022,General hospital,0
120028,2023,General hospital,0
120028,2024,General hospital,0
121300,2019,Small rural (critical access),0
121300,2020,Small rural (critical access),0
121300,2021,Small rural (critical access),0
121300,2022,Small rural (critical access),0
121300,2023,Small rural (critical access),0
121300,2024,Small rural (critical access),0
121301,2019,Small rural (critical access),0
121301,2020,Small rural (critical access),0
121301,2021,Small rural (critical access),0
121301,2022,Small rural (critical access),1
121301,2023,Small rural (critical access),1
121301,2024,Small rural (critical access),1
121302,2019,Small rural (critical access),0
121302,2020,Small rural (critical access),0
121302,2021,Small rural (critical access),0
121302,2022,Small rural (critical access),0
121302,2023,Small rural (critical access),0
121302,2024,Small rural (critical access),1
121303,2019,Small rural (critical access),0
121303,2020,Small rural (critical access),0
121303,2021,Small rural (critical access),1
121303,2022,Small rural (critical access),0
121303,2023,Small rural (critical access),0
121303,2024,Small rural (critical access),0
121304,2019,Small rural (critical access),0
121304,2020,Small rural (critical access),0
121304,2021,Small rural (critical access),0
121304,2022,Small rural (critical access),1
121304,2023,Small rural (critical access),0
121304,2024,Small rural (critical access),0
121305,2019,Small rural (critical access),1
121305,2020,Small rural (critical access),1
121305,2021,Small rural (critical access),1
121305,2022,Small rural (critical access),1
121305,2023,Small rural (critical access),1
121305,2024,Small rural (critical access),1
121306,2019,Small rural (critical access),0
121306,2020,Small rural (critical access),0
121306,2021,Small rural (critical access),0
121306,2022,Small rural (critical access),0
121306,2023,Small rural (critical access),0
121306,2024,Small rural (critical access),0
121307,2019,Small rural (critical access),1
121307,2020,Small rural (critical access),1
121307,2021,Small rural (critical access),0
121307,2022,Small rural (critical access),0
121307,2023,Small rural (critical access),1
121307,2024,Small rural (critical access),1
121308,2019,Small rural (critical access),1
121308,2020,Small rural (critical access),1
121308,2021,Small rural (critical access),1
121308,2022,Small rural (critical access),1
121308,2023,Small rural (critical access),1
121308,2024,Small rural (critical access),1
130002,2019,General hospital,0
130002,2020,General hospital,0
130002,2021,General hospital,0
130002,2022,General hospital,0
130002,2023,General hospital,0
130002,2024,General hospital,0
130003,2019,General hospital,0
130003,2020,General hospital,0
130003,2021,General hospital,0
130003,2022,General hospital,0
130003,2023,General hospital,0
130003,2024,General hospital,0
130006,2019,General hospital,0
130006,2020,General hospital,0
130006,2021,General hospital,0
130006,2022,General hospital,0
130006,2023,General hospital,0
130006,2024,General hospital,0
130007,2019,General hospital,0
130007,2020,General hospital,0
130007,2021,General hospital,0
130007,2022,General hospital,0
130007,2023,General hospital,0
130007,2024,General hospital,0
130013,2019,General hospital,0
130013,2020,General hospital,0
130013,2021,General hospital,0
130013,2022,General hospital,0
130013,2023,General hospital,0
130013,2024,General hospital,0
130014,2019,General hospital,0
130014,2020,General hospital,0
130014,2021,General hospital,0
130014,2022,General hospital,0
130014,2023,General hospital,0
130014,2024,General hospital,0
130018,2019,General hospital,0
130018,2020,General hospital,0
130018,2021,General hospital,0
130018,2022,General hospital,0
130018,2023,General hospital,0
130018,2024,General hospital,0
130025,2019,General hospital,0
130025,2020,General hospital,0
130025,2021,General hospital,0
130025,2022,General hospital,0
130025,2023,General hospital,0
130025,2024,General hospital,0
130028,2019,General hospital,1
130028,2020,General hospital,1
130028,2021,General hospital,0
130028,2022,General hospital,0
130028,2023,General hospital,0
130028,2024,General hospital,0
130049,2019,General hospital,0
130049,2020,General hospital,0
130049,2021,General hospital,0
130049,2022,General hospital,0
130049,2023,General hospital,0
130049,2024,General hospital,0
130063,2019,General hospital,1
130063,2020,General hospital,1
130063,2021,General hospital,1
130063,2022,General hospital,1
130063,2023,General hospital,1
130063,2024,General hospital,1
130065,2019,General hospital,0
130065,2020,General hospital,0
130065,2021,General hospital,0
130065,2022,General hospital,0
130065,2023,General hospital,0
130065,2024,General hospital,0
130066,2019,General hospital,0
130066,2020,General hospital,0
130066,2021,General hospital,0
130066,2022,General hospital,0
130066,2023,General hospital,0
130066,2024,General hospital,0
130067,2019,General hospital,1
130071,2019,General hospital,1
130071,2020,General hospital,0
130071,2021,General hospital,0
130071,2022,General hospital,0
130071,2023,General hospital,0
130071,2024,General hospital,0
130072,2019,General hospital,1
130073,2020,General hospital,1
130073,2021,General hospital,0
130073,2022,General hospital,0
130073,2023,General hospital,1
130073,2024,General hospital,1
130074,2021,General hospital,0
130074,2022,General hospital,0
130074,2023,General hospital,0
130074,2024,General hospital,0
131301,2019,Small rural (critical access),0
131301,2020,Small rural (critical access),0
131301,2021,Small rural (critical access),1
131301,2022,Small rural (critical access),0
131301,2023,Small rural (critical access),0
131301,2024,Small rural (critical access),0
131302,2019,Small rural (critical access),0
131302,2020,Small rural (critical access),0
131302,2021,Small rural (critical access),0
131302,2022,Small rural (critical access),0
131302,2023,Small rural (critical access),0
131302,2024,Small rural (critical access),0
131303,2019,Small rural (critical access),0
131303,2020,Small rural (critical access),0
131303,2021,Small rural (critical access),1
131303,2022,Small rural (critical access),0
131303,2023,Small rural (critical access),0
131303,2024,Small rural (critical access),1
131304,2019,Small rural (critical access),1
131304,2020,Small rural (critical access),0
131304,2021,Small rural (critical access),0
131304,2022,Small rural (critical access),0
131304,2023,Small rural (critical access),1
131304,2024,Small rural (critical access),0
131305,2019,Small rural (critical access),1
131305,2020,Small rural (critical access),1
131305,2021,Small rural (critical access),1
131305,2022,Small rural (critical access),1
131305,2023,Small rural (critical access),1
131305,2024,Small rural (critical access),1
131307,2019,Small rural (critical access),1
131307,2020,Small rural (critical access),1
131307,2021,Small rural (critical access),0
131307,2022,Small rural (critical access),1
131307,2023,Small rural (critical access),1
131307,2024,Small rural (critical access),1
131308,2019,Small rural (critical access),0
131308,2020,Small rural (critical access),0
131308,2021,Small rural (critical access),0
131308,2022,Small rural (critical access),0
131308,2023,Small rural (critical access),0
131308,2024,Small rural (critical access),0
131309,2019,Small rural (critical access),1
131309,2020,Small rural (critical access),1
131309,2021,Small rural (critical access),0
131309,2022,Small rural (critical access),0
131309,2023,Small rural (critical access),1
131309,2024,Small rural (critical access),1
131310,2019,Small rural (critical access),0
131310,2020,Small rural (critical access),0
131310,2021,Small rural (critical access),0
131310,2022,Small rural (critical access),0
131310,2023,Small rural (critical access),0
131310,2024,Small rural (critical access),0
131311,2019,Small rural (critical access),0
131311,2020,Small rural (critical access),0
131311,2021,Small rural (critical access),0
131311,2022,Small rural (critical access),0
131311,2023,Small rural (critical access),0
131311,2024,Small rural (critical access),0
131312,2019,Small rural (critical access),0
131312,2020,Small rural (critical access),0
131312,2021,Small rural (critical access),0
131312,2022,Small rural (critical access),0
131312,2023,Small rural (critical access),0
131312,2024,Small rural (critical access),0
131313,2019,Small rural (critical access),0
131313,2020,Small rural (critical access),0
131313,2021,Small rural (critical access),0
131313,2022,Small rural (critical access),0
131313,2023,Small rural (critical access),0
131313,2024,Small rural (critical access),0
131314,2019,Small rural (critical access),0
131314,2020,Small rural (critical access),0
131314,2021,Small rural (critical access),1
131314,2022,Small rural (critical access),1
131314,2023,Small rural (critical access),1
131314,2024,Small rural (critical access),1
131315,2019,Small rural (critical access),0
131315,2020,Small rural (critical access),0
131315,2021,Small rural (critical access),0
131315,2022,Small rural (critical access),0
131315,2023,Small rural (critical access),1
131315,2024,Small rural (critical access),0
131316,2019,Small rural (critical access),1
131316,2020,Small rural (critical access),1
131316,2021,Small rural (critical access),0
131316,2022,Small rural (critical access),1
131316,2023,Small rural (critical access),1
131316,2024,Small rural (critical access),1
131317,2019,Small rural (critical access),0
131317,2020,Small rural (critical access),0
131317,2021,Small rural (critical access),0
131317,2022,Small rural (critical access),0
131317,2023,Small rural (critical access),0
131317,2024,Small rural (critical access),1
131318,2019,Small rural (critical access),0
131318,2020,Small rural (critical access),0
131318,2021,Small rural (critical access),0
131318,2022,Small rural (critical access),0
131318,2023,Small rural (critical access),0
131318,2024,Small rural (critical access),0
131319,2019,Small rural (critical access),1
131319,2020,Small rural (critical access),0
131319,2021,Small rural (critical access),0
131319,2022,Small rural (critical access),0
131319,2023,Small rural (critical access),1
131319,2024,Small rural (critical access),1
131320,2019,Small rural (critical access),0
131320,2020,Small rural (critical access),0
131320,2021,Small rural (critical access),1
131320,2022,Small rural (critical access),1
131320,2023,Small rural (critical access),1
131320,2024,Small rural (critical access),1
131321,2019,Small rural (critical access),0
131321,2020,Small rural (critical access),0
131321,2021,Small rural (critical access),1
131321,2022,Small rural (critical access),1
131321,2023,Small rural (critical access),1
131321,2024,Small rural (critical access),1
131322,2019,Small rural (critical access),0
131322,2020,Small rural (critical access),0
131322,2021,Small rural (critical access),0
131322,2022,Small rural (critical access),0
131322,2023,Small rural (critical access),0
131322,2024,Small rural (critical access),0
131323,2019,Small rural (critical access),0
131323,2020,Small rural (critical access),0
131323,2021,Small rural (critical access),0
131323,2022,Small rural (critical access),0
131323,2023,Small rural (critical access),0
131323,2024,Small rural (critical access),0
131324,2019,Small rural (critical access),1
131324,2020,Small rural (critical access),1
131324,2021,Small rural (critical access),0
131324,2022,Small rural (critical access),0
131324,2023,Small rural (critical access),0
131324,2024,Small rural (critical access),0
131325,2019,Small rural (critical access),0
131325,2020,Small rural (critical access),0
131325,2021,Small rural (critical access),0
131325,2022,Small rural (critical access),0
131325,2023,Small rural (critical access),1
131325,2024,Small rural (critical access),1
131326,2019,Small rural (critical access),0
131326,2020,Small rural (critical access),0
131326,2021,Small rural (critical access),0
131326,2022,Small rural (critical access),0
131326,2023,Small rural (critical access),0
131326,2024,Small rural (critical access),0
131327,2019,Small rural (critical access),0
131327,2020,Small rural (critical access),0
131327,2021,Small rural (critical access),0
131327,2022,Small rural (critical access),0
131327,2023,Small rural (critical access),0
131327,2024,Small rural (critical access),0
131328,2019,Small rural (critical access),0
131328,2020,Small rural (critical access),0
131328,2021,Small rural (critical access),0
131328,2022,Small rural (critical access),1
131328,2023,Small rural (critical access),0
131328,2024,Small rural (critical access),0
140001,2019,General hospital,0
140001,2020,General hospital,0
140001,2021,General hospital,0
140001,2022,General hospital,0
140001,2023,General hospital,0
140001,2024,General hospital,0
140002,2019,General hospital,0
140002,2020,General hospital,0
140002,2021,General hospital,0
140002,2022,General hospital,0
140002,2023,General hospital,0
140002,2024,General hospital,0
140007,2019,General hospital,0
140007,2020,General hospital,0
140007,2021,General hospital,0
140007,2022,General hospital,0
140007,2023,General hospital,0
140007,2024,General hospital,0
140008,2019,General hospital,0
140008,2020,General hospital,0
140008,2021,General hospital,0
140008,2022,General hospital,0
140008,2023,General hospital,0
140008,2024,General hospital,0
140010,2019,General hospital,0
140010,2020,General hospital,0
140010,2021,General hospital,0
140010,2022,General hospital,0
140010,2023,General hospital,0
140010,2024,General hospital,0
140011,2019,General hospital,0
140011,2020,General hospital,0
140011,2021,General hospital,0
140011,2022,General hospital,0
140011,2023,General hospital,0
140011,2024,General hospital,0
140012,2019,General hospital,0
140012,2020,General hospital,0
140012,2021,General hospital,0
140012,2022,General hospital,0
140012,2023,General hospital,0
140012,2024,General hospital,0
140013,2019,General hospital,0
140013,2020,General hospital,0
140013,2021,General hospital,0
140013,2022,General hospital,0
140013,2023,General hospital,0
140013,2024,General hospital,0
140015,2019,General hospital,0
140015,2020,General hospital,0
140015,2021,General hospital,0
140015,2022,General hospital,0
140015,2023,General hospital,0
140015,2024,General hospital,0
140018,2019,General hospital,0
140018,2020,General hospital,0
140018,2021,General hospital,0
140018,2022,General hospital,0
140018,2023,General hospital,0
140018,2024,General hospital,0
140019,2019,General hospital,0
140019,2020,General hospital,0
140019,2021,General hospital,1
140019,2022,General hospital,1
140019,2023,General hospital,0
140029,2019,General hospital,1
140029,2020,General hospital,1
140029,2021,General hospital,0
140029,2022,General hospital,0
140029,2023,General hospital,0
140029,2024,General hospital,0
140030,2019,General hospital,0
140030,2020,General hospital,0
140030,2021,General hospital,0
140030,2022,General hospital,0
140030,2023,General hospital,0
140030,2024,General hospital,0
140032,2019,General hospital,0
140032,2020,General hospital,0
140032,2021,General hospital,0
140032,2022,General hospital,0
140032,2023,General hospital,0
140032,2024,General hospital,0
140033,2019,General hospital,1
140033,2020,General hospital,1
140034,2019,General hospital,0
140034,2020,General hospital,0
140034,2021,General hospital,0
140034,2022,General hospital,0
140034,2023,General hospital,0
140034,2024,General hospital,0
140040,2019,General hospital,0
140040,2020,General hospital,0
140040,2021,General hospital,1
140040,2022,General hospital,1
140040,2023,General hospital,1
140043,2019,General hospital,0
140043,2020,General hospital,0
140043,2021,General hospital,0
140043,2022,General hospital,0
140043,2023,General hospital,1
140043,2024,General hospital,1
140046,2019,General hospital,0
140046,2020,General hospital,0
140046,2021,General hospital,0
140046,2022,General hospital,0
140046,2023,General hospital,0
140046,2024,General hospital,0
140048,2019,General hospital,0
140048,2020,General hospital,0
140048,2021,General hospital,1
140048,2022,General hospital,0
140048,2023,General hospital,0
140048,2024,General hospital,0
140049,2019,General hospital,0
140049,2020,General hospital,0
140049,2021,General hospital,1
140049,2022,General hospital,0
140049,2023,General hospital,0
140049,2024,General hospital,0
140052,2019,General hospital,0
140052,2020,General hospital,0
140052,2021,General hospital,0
140052,2022,General hospital,0
140052,2023,General hospital,0
140052,2024,General hospital,0
140053,2019,General hospital,0
140053,2020,General hospital,0
140053,2021,General hospital,0
140053,2022,General hospital,0
140053,2023,General hospital,0
140053,2024,General hospital,0
140054,2019,General hospital,1
140054,2020,General hospital,1
140054,2021,General hospital,0
140054,2022,General hospital,0
140054,2023,General hospital,0
140054,2024,General hospital,0
140058,2019,General hospital,0
140058,2020,General hospital,0
140058,2021,General hospital,0
140058,2022,General hospital,0
140059,2019,General hospital,1
140059,2020,General hospital,0
140059,2021,General hospital,0
140059,2022,General hospital,0
140059,2023,General hospital,0
140059,2024,General hospital,0
140062,2019,General hospital,0
140062,2020,General hospital,0
140062,2021,General hospital,0
140062,2022,General hospital,0
140062,2023,General hospital,1
140062,2024,General hospital,0
140063,2019,General hospital,0
140063,2020,General hospital,0
140063,2021,General hospital,0
140063,2022,General hospital,0
140063,2023,General hospital,0
140063,2024,General hospital,0
140064,2019,General hospital,0
140064,2020,General hospital,0
140064,2021,General hospital,0
140064,2022,General hospital,0
140064,2023,General hospital,0
140064,2024,General hospital,0
140065,2019,General hospital,0
140065,2020,General hospital,0
140065,2021,General hospital,0
140065,2022,General hospital,0
140065,2023,General hospital,0
140065,2024,General hospital,0
140067,2019,General hospital,0
140067,2020,General hospital,0
140067,2021,General hospital,0
140067,2022,General hospital,0
140067,2023,General hospital,0
140067,2024,General hospital,0
140068,2019,General hospital,0
140068,2020,General hospital,0
140068,2021,General hospital,0
140068,2022,General hospital,1
140068,2023,General hospital,1
140068,2024,General hospital,0
140077,2019,General hospital,1
140077,2020,General hospital,1
140077,2021,General hospital,1
140077,2022,General hospital,1
140077,2023,General hospital,1
140077,2024,General hospital,1
140080,2019,General hospital,0
140080,2020,General hospital,0
140080,2021,General hospital,0
140080,2022,General hospital,0
140080,2023,General hospital,1
140080,2024,General hospital,0
140082,2019,General hospital,0
140082,2020,General hospital,0
140082,2021,General hospital,1
140082,2022,General hospital,0
140082,2023,General hospital,0
140082,2024,General hospital,0
140083,2019,General hospital,0
140083,2020,General hospital,0
140083,2021,General hospital,0
140083,2022,General hospital,0
140083,2023,General hospital,0
140083,2024,General hospital,0
140084,2019,General hospital,0
140084,2020,General hospital,0
140084,2021,General hospital,0
140084,2022,General hospital,0
140084,2023,General hospital,0
140084,2024,General hospital,0
140088,2019,General hospital,0
140088,2020,General hospital,0
140088,2021,General hospital,0
140088,2022,General hospital,0
140088,2023,General hospital,0
140088,2024,General hospital,0
140089,2019,General hospital,0
140089,2020,General hospital,0
140089,2021,General hospital,0
140089,2022,General hospital,0
140089,2023,General hospital,0
140089,2024,General hospital,0
140091,2019,General hospital,0
140091,2020,General hospital,0
140091,2021,General hospital,0
140091,2022,General hospital,0
140091,2023,General hospital,0
140091,2024,General hospital,0
140093,2019,General hospital,0
140093,2020,General hospital,0
140093,2021,General hospital,0
140093,2022,General hospital,0
140093,2023,General hospital,0
140093,2024,General hospital,0
140095,2019,General hospital,0
140095,2020,General hospital,0
140095,2021,General hospital,0
140095,2022,General hospital,1
140095,2023,General hospital,1
140095,2024,General hospital,1
140100,2019,General hospital,0
140100,2020,General hospital,0
140100,2021,General hospital,0
140100,2022,General hospital,0
140100,2023,General hospital,0
140100,2024,General hospital,1
140101,2019,General hospital,0
140101,2020,General hospital,0
140101,2021,General hospital,0
140101,2022,General hospital,0
140101,2023,General hospital,0
140101,2024,General hospital,0
140103,2019,General hospital,0
140103,2020,General hospital,0
140103,2021,General hospital,0
140103,2022,General hospital,0
140103,2023,General hospital,0
140103,2024,General hospital,0
140110,2019,General hospital,0
140110,2020,General hospital,0
140110,2021,General hospital,0
140110,2022,General hospital,0
140110,2023,General hospital,0
140110,2024,General hospital,0
140113,2019,General hospital,0
140113,2020,General hospital,0
140113,2021,General hospital,0
140113,2022,General hospital,0
140113,2023,General hospital,0
140113,2024,General hospital,0
140114,2019,General hospital,0
140114,2020,General hospital,0
140114,2021,General hospital,0
140114,2022,General hospital,0
140114,2023,General hospital,0
140114,2024,General hospital,0
140115,2019,General hospital,0
140115,2020,General hospital,0
140115,2021,General hospital,0
140115,2022,General hospital,0
140115,2023,General hospital,0
140115,2024,General hospital,0
140116,2019,General hospital,0
140116,2020,General hospital,0
140116,2021,General hospital,0
140116,2022,General hospital,0
140116,2023,General hospital,0
140116,2024,General hospital,0
140117,2019,General hospital,0
140117,2020,General hospital,0
140117,2021,General hospital,0
140117,2022,General hospital,0
140117,2023,General hospital,1
140117,2024,General hospital,0
140118,2019,General hospital,0
140118,2020,General hospital,0
140119,2019,General hospital,0
140119,2020,General hospital,0
140119,2021,General hospital,0
140119,2022,General hospital,0
140119,2023,General hospital,0
140119,2024,General hospital,0
140120,2019,General hospital,0
140120,2020,General hospital,0
140120,2021,General hospital,0
140120,2022,General hospital,0
140120,2023,General hospital,0
140120,2024,General hospital,0
140122,2019,General hospital,0
140122,2020,General hospital,0
140122,2021,General hospital,0
140122,2022,General hospital,0
140122,2023,General hospital,0
140122,2024,General hospital,0
140124,2019,General hospital,0
140124,2020,General hospital,0
140124,2021,General hospital,0
140124,2022,General hospital,0
140124,2023,General hospital,0
140124,2024,General hospital,0
140125,2019,General hospital,0
140125,2020,General hospital,0
140125,2021,General hospital,0
140125,2022,General hospital,0
140125,2023,General hospital,0
140125,2024,General hospital,0
140127,2019,General hospital,0
140127,2020,General hospital,0
140127,2021,General hospital,1
140127,2022,General hospital,0
140127,2023,General hospital,1
140127,2024,General hospital,0
140130,2019,General hospital,0
140130,2020,General hospital,0
140130,2021,General hospital,0
140130,2022,General hospital,0
140130,2023,General hospital,0
140130,2024,General hospital,0
140133,2019,General hospital,0
140133,2020,General hospital,0
140133,2021,General hospital,0
140133,2022,General hospital,0
140133,2023,General hospital,0
140133,2024,General hospital,0
140135,2019,General hospital,0
140135,2020,General hospital,0
140135,2021,General hospital,0
140135,2022,General hospital,0
140135,2023,General hospital,0
140135,2024,General hospital,1
140137,2019,General hospital,0
140137,2020,General hospital,0
140137,2021,General hospital,1
140137,2022,General hospital,1
140137,2023,General hospital,0
140137,2024,General hospital,0
140143,2019,General hospital,0
140143,2020,General hospital,0
140143,2021,General hospital,0
140143,2022,General hospital,0
140143,2023,General hospital,0
140145,2019,General hospital,0
140145,2020,General hospital,0
140145,2021,General hospital,0
140145,2022,General hospital,0
140145,2023,General hospital,0
140145,2024,General hospital,0
140147,2019,General hospital,0
140147,2020,General hospital,0
140147,2021,General hospital,0
140147,2022,General hospital,0
140147,2023,General hospital,0
140147,2024,General hospital,0
140148,2019,General hospital,0
140148,2020,General hospital,0
140148,2021,General hospital,0
140148,2022,General hospital,0
140148,2023,General hospital,0
140148,2024,General hospital,0
140150,2019,General hospital,0
140150,2020,General hospital,0
140150,2021,General hospital,0
140150,2022,General hospital,0
140150,2023,General hospital,0
140150,2024,General hospital,0
140155,2019,General hospital,0
140155,2020,General hospital,0
140155,2021,General hospital,0
140155,2022,General hospital,0
140155,2023,General hospital,0
140155,2024,General hospital,0
140158,2019,General hospital,0
140158,2020,General hospital,0
140158,2021,General hospital,1
140158,2022,General hospital,1
140158,2023,General hospital,1
140158,2024,General hospital,1
140160,2019,General hospital,1
140160,2020,General hospital,0
140160,2021,General hospital,0
140160,2022,General hospital,0
140160,2023,General hospital,0
140160,2024,General hospital,0
140161,2019,General hospital,0
140161,2020,General hospital,0
140161,2021,General hospital,0
140161,2022,General hospital,0
140161,2023,General hospital,0
140161,2024,General hospital,0
140162,2019,General hospital,0
140162,2020,General hospital,0
140162,2021,General hospital,0
140162,2022,General hospital,0
140162,2023,General hospital,0
140162,2024,General hospital,0
140164,2019,General hospital,0
140164,2020,General hospital,0
140164,2021,General hospital,0
140164,2022,General hospital,0
140164,2023,General hospital,0
140164,2024,General hospital,0
140166,2019,General hospital,0
140166,2020,General hospital,0
140166,2021,General hospital,0
140166,2022,General hospital,0
140166,2023,General hospital,0
140166,2024,General hospital,0
140167,2019,General hospital,0
140167,2020,General hospital,0
140167,2021,General hospital,0
140167,2022,General hospital,0
140167,2023,General hospital,0
140172,2019,General hospital,0
140172,2020,General hospital,0
140172,2021,General hospital,0
140172,2022,General hospital,0
140172,2023,General hospital,0
140172,2024,General hospital,0
140174,2019,General hospital,0
140174,2020,General hospital,0
140174,2021,General hospital,0
140174,2022,General hospital,0
140174,2023,General hospital,0
140174,2024,General hospital,0
140177,2019,General hospital,1
140177,2020,General hospital,1
140177,2021,General hospital,0
140177,2022,General hospital,1
140177,2023,General hospital,1
140177,2024,General hospital,1
140179,2019,General hospital,0
140179,2020,General hospital,0
140179,2021,General hospital,0
140179,2022,General hospital,0
140179,2023,General hospital,0
140179,2024,General hospital,0
140180,2019,General hospital,0
140180,2020,General hospital,0
140180,2021,General hospital,0
140180,2022,General hospital,0
140180,2023,General hospital,1
140180,2024,General hospital,0
140181,2019,General hospital,0
140181,2020,General hospital,0
140181,2021,General hospital,0
140181,2022,General hospital,0
140181,2023,General hospital,0
140181,2024,General hospital,0
140182,2019,General hospital,0
140182,2020,General hospital,0
140182,2021,General hospital,1
140182,2022,General hospital,0
140182,2023,General hospital,0
140182,2024,General hospital,0
140184,2019,General hospital,0
140184,2020,General hospital,0
140184,2021,General hospital,0
140184,2022,General hospital,0
140184,2023,General hospital,0
140184,2024,General hospital,0
140185,2019,General hospital,0
140185,2020,General hospital,0
140185,2021,General hospital,1
140185,2022,General hospital,0
140185,2023,General hospital,0
140185,2024,General hospital,0
140186,2019,General hospital,0
140186,2020,General hospital,0
140186,2021,General hospital,0
140186,2022,General hospital,0
140186,2023,General hospital,0
140186,2024,General hospital,0
140187,2019,General hospital,0
140187,2020,General hospital,0
140187,2021,General hospital,0
140187,2022,General hospital,0
140187,2023,General hospital,0
140187,2024,General hospital,0
140189,2019,General hospital,0
140189,2020,General hospital,0
140189,2021,General hospital,0
140189,2022,General hospital,0
140189,2023,General hospital,0
140189,2024,General hospital,0
140191,2019,General hospital,0
140191,2020,General hospital,0
140191,2021,General hospital,0
140191,2022,General hospital,0
140191,2023,General hospital,1
140191,2024,General hospital,0
140197,2019,General hospital,0
140197,2020,General hospital,0
140197,2021,General hospital,0
140197,2022,General hospital,0
140197,2023,General hospital,0
140197,2024,General hospital,0
140200,2019,General hospital,0
140200,2020,General hospital,0
140200,2021,General hospital,0
140200,2022,General hospital,0
140200,2023,General hospital,0
140200,2024,General hospital,0
140202,2019,General hospital,0
140202,2020,General hospital,0
140202,2021,General hospital,0
140202,2022,General hospital,0
140202,2023,General hospital,0
140202,2024,General hospital,0
140206,2019,General hospital,0
140206,2020,General hospital,0
140206,2021,General hospital,0
140206,2022,General hospital,0
140206,2023,General hospital,0
140206,2024,General hospital,0
140208,2019,General hospital,0
140208,2020,General hospital,0
140208,2021,General hospital,1
140208,2022,General hospital,0
140208,2023,General hospital,0
140208,2024,General hospital,0
140209,2019,General hospital,0
140209,2020,General hospital,0
140209,2021,General hospital,0
140209,2022,General hospital,0
140209,2023,General hospital,0
140209,2024,General hospital,0
140210,2019,General hospital,0
140210,2020,General hospital,0
140210,2021,General hospital,0
140210,2022,General hospital,0
140210,2023,General hospital,0
140210,2024,General hospital,0
140211,2019,General hospital,0
140211,2020,General hospital,0
140211,2021,General hospital,0
140211,2022,General hospital,0
140211,2023,General hospital,0
140211,2024,General hospital,0
140213,2019,General hospital,0
140213,2020,General hospital,0
140213,2021,General hospital,0
140213,2022,General hospital,0
140213,2023,General hospital,0
140213,2024,General hospital,0
140217,2019,General hospital,0
140217,2020,General hospital,0
140217,2021,General hospital,0
140217,2022,General hospital,0
140217,2023,General hospital,0
140217,2024,General hospital,0
140223,2019,General hospital,0
140223,2020,General hospital,0
140223,2021,General hospital,0
140223,2022,General hospital,0
140223,2023,General hospital,0
140223,2024,General hospital,0
140224,2019,General hospital,0
140224,2020,General hospital,0
140224,2021,General hospital,0
140224,2022,General hospital,0
140224,2023,General hospital,1
140224,2024,General hospital,0
140228,2019,General hospital,0
140228,2020,General hospital,0
140228,2021,General hospital,0
140228,2022,General hospital,0
140228,2023,General hospital,0
140228,2024,General hospital,0
140231,2019,General hospital,1
140231,2020,General hospital,0
140231,2021,General hospital,0
140231,2022,General hospital,0
140231,2023,General hospital,0
140231,2024,General hospital,0
140233,2019,General hospital,0
140233,2020,General hospital,0
140233,2021,General hospital,0
140233,2022,General hospital,0
140233,2023,General hospital,0
140233,2024,General hospital,0
140234,2019,General hospital,1
140234,2020,General hospital,1
140234,2021,General hospital,1
140234,2022,General hospital,1
140234,2023,General hospital,1
140239,2019,General hospital,0
140239,2020,General hospital,0
140239,2021,General hospital,0
140239,2022,General hospital,0
140239,2023,General hospital,0
140239,2024,General hospital,0
140240,2019,General hospital,0
140240,2020,General hospital,0
140240,2021,General hospital,1
140242,2019,General hospital,0
140242,2020,General hospital,0
140242,2021,General hospital,0
140242,2022,General hospital,0
140242,2023,General hospital,0
140242,2024,General hospital,0
140250,2019,General hospital,0
140250,2020,General hospital,0
140251,2019,General hospital,0
140251,2020,General hospital,0
140251,2021,General hospital,1
140251,2022,General hospital,1
140251,2023,General hospital,1
140251,2024,General hospital,1
140252,2019,General hospital,0
140252,2020,General hospital,0
140252,2021,General hospital,0
140252,2022,General hospital,0
140252,2023,General hospital,0
140252,2024,General hospital,0
140258,2019,General hospital,0
140258,2020,General hospital,0
140258,2021,General hospital,0
140258,2022,General hospital,0
140258,2023,General hospital,0
140258,2024,General hospital,0
140275,2019,General hospital,0
140275,2020,General hospital,0
140275,2021,General hospital,0
140275,2022,General hospital,0
140275,2023,General hospital,0
140275,2024,General hospital,0
140276,2019,General hospital,0
140276,2020,General hospital,0
140276,2021,General hospital,0
140276,2022,General hospital,0
140276,2023,General hospital,0
140276,2024,General hospital,0
140280,2019,General hospital,0
140280,2020,General hospital,0
140280,2021,General hospital,0
140280,2022,General hospital,0
140280,2023,General hospital,0
140280,2024,General hospital,0
140281,2019,General hospital,0
140281,2020,General hospital,0
140281,2021,General hospital,0
140281,2022,General hospital,0
140281,2023,General hospital,0
140281,2024,General hospital,0
140286,2019,General hospital,0
140286,2020,General hospital,0
140286,2021,General hospital,0
140286,2022,General hospital,0
140286,2023,General hospital,0
140286,2024,General hospital,0
140288,2019,General hospital,0
140288,2020,General hospital,0
140288,2021,General hospital,0
140288,2022,General hospital,0
140288,2023,General hospital,0
140288,2024,General hospital,0
140289,2019,General hospital,0
140289,2020,General hospital,0
140289,2021,General hospital,0
140289,2022,General hospital,0
140289,2023,General hospital,0
140289,2024,General hospital,0
140290,2019,General hospital,0
140290,2020,General hospital,0
140290,2021,General hospital,0
140290,2022,General hospital,0
140290,2023,General hospital,0
140290,2024,General hospital,0
140291,2019,General hospital,0
140291,2020,General hospital,0
140291,2021,General hospital,0
140291,2022,General hospital,0
140291,2023,General hospital,1
140291,2024,General hospital,0
140292,2019,General hospital,0
140292,2020,General hospital,0
140292,2021,General hospital,0
140292,2022,General hospital,0
140292,2023,General hospital,0
140292,2024,General hospital,0
140294,2019,General hospital,0
140294,2020,General hospital,0
140294,2021,General hospital,0
140294,2022,General hospital,0
140294,2023,General hospital,0
140294,2024,General hospital,0
140300,2019,General hospital,0
140300,2020,General hospital,0
140300,2021,General hospital,0
140300,2022,General hospital,0
140300,2023,General hospital,0
140300,2024,General hospital,0
140304,2019,General hospital,0
140304,2020,General hospital,0
140304,2021,General hospital,0
140304,2022,General hospital,0
140304,2023,General hospital,0
140304,2024,General hospital,0
140307,2019,General hospital,0
140307,2020,General hospital,0
140308,2024,General hospital,1
141300,2019,Small rural (critical access),0
141300,2020,Small rural (critical access),1
141300,2021,Small rural (critical access),0
141300,2022,Small rural (critical access),0
141300,2023,Small rural (critical access),0
141300,2024,Small rural (critical access),0
141301,2019,Small rural (critical access),0
141301,2020,Small rural (critical access),0
141301,2021,Small rural (critical access),0
141301,2022,Small rural (critical access),0
141301,2023,Small rural (critical access),0
141301,2024,Small rural (critical access),1
141302,2019,Small rural (critical access),0
141302,2020,Small rural (critical access),0
141302,2021,Small rural (critical access),0
141302,2022,Small rural (critical access),0
141302,2023,Small rural (critical access),0
141302,2024,Small rural (critical access),0
141303,2019,Small rural (critical access),0
141303,2020,Small rural (critical access),0
141303,2021,Small rural (critical access),0
141303,2022,Small rural (critical access),0
141303,2023,Small rural (critical access),0
141303,2024,Small rural (critical access),0
141304,2019,Small rural (critical access),0
141304,2020,Small rural (critical access),0
141304,2021,Small rural (critical access),0
141304,2022,Small rural (critical access),0
141304,2023,Small rural (critical access),0
141304,2024,Small rural (critical access),0
141305,2019,Small rural (critical access),0
141305,2020,Small rural (critical access),0
141305,2021,Small rural (critical access),0
141305,2022,Small rural (critical access),0
141305,2023,Small rural (critical access),0
141305,2024,Small rural (critical access),0
141306,2019,Small rural (critical access),0
141306,2020,Small rural (critical access),0
141306,2021,Small rural (critical access),0
141306,2022,Small rural (critical access),0
141306,2023,Small rural (critical access),0
141306,2024,Small rural (critical access),0
141307,2019,Small rural (critical access),0
141307,2020,Small rural (critical access),0
141307,2021,Small rural (critical access),0
141307,2022,Small rural (critical access),1
141307,2023,Small rural (critical access),1
141307,2024,Small rural (critical access),1
141308,2019,Small rural (critical access),0
141308,2020,Small rural (critical access),0
141308,2021,Small rural (critical access),1
141308,2022,Small rural (critical access),1
141308,2023,Small rural (critical access),0
141308,2024,Small rural (critical access),0
141309,2019,Small rural (critical access),0
141309,2020,Small rural (critical access),0
141309,2021,Small rural (critical access),1
141309,2022,Small rural (critical access),0
141309,2023,Small rural (critical access),1
141309,2024,Small rural (critical access),0
141310,2019,Small rural (critical access),0
141310,2020,Small rural (critical access),0
141310,2021,Small rural (critical access),0
141310,2022,Small rural (critical access),0
141310,2023,Small rural (critical access),0
141310,2024,Small rural (critical access),0
141311,2019,Small rural (critical access),0
141311,2020,Small rural (critical access),0
141311,2021,Small rural (critical access),1
141311,2022,Small rural (critical access),0
141311,2023,Small rural (critical access),0
141311,2024,Small rural (critical access),0
141312,2019,Small rural (critical access),0
141312,2020,Small rural (critical access),0
141312,2021,Small rural (critical access),0
141312,2022,Small rural (critical access),0
141312,2023,Small rural (critical access),1
141312,2024,Small rural (critical access),0
141313,2019,Small rural (critical access),0
141313,2020,Small rural (critical access),0
141313,2021,Small rural (critical access),0
141313,2022,Small rural (critical access),0
141313,2023,Small rural (critical access),0
141313,2024,Small rural (critical access),1
141315,2019,Small rural (critical access),0
141315,2020,Small rural (critical access),0
141315,2021,Small rural (critical access),0
141315,2022,Small rural (critical access),0
141315,2023,Small rural (critical access),0
141315,2024,Small rural (critical access),1
141316,2019,Small rural (critical access),1
141316,2020,Small rural (critical access),0
141316,2021,Small rural (critical access),0
141316,2022,Small rural (critical access),1
141316,2023,Small rural (critical access),0
141316,2024,Small rural (critical access),0
141317,2019,Small rural (critical access),1
141317,2020,Small rural (critical access),0
141317,2021,Small rural (critical access),0
141317,2022,Small rural (critical access),0
141317,2023,Small rural (critical access),0
141317,2024,Small rural (critical access),0
141318,2019,Small rural (critical access),0
141318,2020,Small rural (critical access),0
141318,2021,Small rural (critical access),0
141318,2022,Small rural (critical access),0
141318,2023,Small rural (critical access),0
141318,2024,Small rural (critical access),0
141319,2019,Small rural (critical access),0
141319,2020,Small rural (critical access),0
141319,2021,Small rural (critical access),0
141319,2022,Small rural (critical access),0
141319,2023,Small rural (critical access),0
141319,2024,Small rural (critical access),0
141320,2019,Small rural (critical access),0
141320,2020,Small rural (critical access),0
141320,2021,Small rural (critical access),1
141320,2022,Small rural (critical access),0
141320,2023,Small rural (critical access),0
141320,2024,Small rural (critical access),0
141321,2019,Small rural (critical access),0
141321,2020,Small rural (critical access),0
141321,2021,Small rural (critical access),1
141321,2022,Small rural (critical access),0
141321,2023,Small rural (critical access),0
141321,2024,Small rural (critical access),1
141322,2019,Small rural (critical access),1
141322,2020,Small rural (critical access),0
141322,2021,Small rural (critical access),0
141322,2022,Small rural (critical access),0
141322,2023,Small rural (critical access),0
141322,2024,Small rural (critical access),1
141323,2019,Small rural (critical access),0
141323,2020,Small rural (critical access),0
141323,2021,Small rural (critical access),0
141323,2022,Small rural (critical access),0
141323,2023,Small rural (critical access),0
141323,2024,Small rural (critical access),0
141324,2019,Small rural (critical access),0
141324,2020,Small rural (critical access),0
141324,2021,Small rural (critical access),0
141324,2022,Small rural (critical access),0
141324,2023,Small rural (critical access),1
141324,2024,Small rural (critical access),0
141325,2019,Small rural (critical access),0
141325,2020,Small rural (critical access),0
141325,2021,Small rural (critical access),0
141325,2022,Small rural (critical access),0
141325,2023,Small rural (critical access),0
141325,2024,Small rural (critical access),0
141326,2019,Small rural (critical access),1
141326,2020,Small rural (critical access),1
141326,2021,Small rural (critical access),0
141326,2022,Small rural (critical access),0
141326,2023,Small rural (critical access),0
141326,2024,Small rural (critical access),0
141327,2019,Small rural (critical access),0
141327,2020,Small rural (critical access),0
141327,2021,Small rural (critical access),0
141327,2022,Small rural (critical access),0
141327,2023,Small rural (critical access),0
141327,2024,Small rural (critical access),1
141328,2019,Small rural (critical access),0
141328,2020,Small rural (critical access),0
141328,2021,Small rural (critical access),0
141328,2022,Small rural (critical access),0
141328,2023,Small rural (critical access),0
141328,2024,Small rural (critical access),0
141329,2019,Small rural (critical access),1
141329,2020,Small rural (critical access),1
141329,2021,Small rural (critical access),1
141329,2022,Small rural (critical access),0
141329,2023,Small rural (critical access),1
141329,2024,Small rural (critical access),1
141330,2019,Small rural (critical access),1
141330,2020,Small rural (critical access),1
141330,2021,Small rural (critical access),1
141330,2022,Small rural (critical access),1
141330,2023,Small rural (critical access),1
141330,2024,Small rural (critical access),1
141331,2019,Small rural (critical access),1
141331,2020,Small rural (critical access),1
141331,2021,Small rural (critical access),0
141331,2022,Small rural (critical access),0
141331,2023,Small rural (critical access),0
141331,2024,Small rural (critical access),0
141332,2019,Small rural (critical access),0
141332,2020,Small rural (critical access),0
141332,2021,Small rural (critical access),0
141332,2022,Small rural (critical access),0
141332,2023,Small rural (critical access),0
141332,2024,Small rural (critical access),0
141333,2019,Small rural (critical access),0
141333,2020,Small rural (critical access),0
141333,2021,Small rural (critical access),0
141333,2022,Small rural (critical access),0
141333,2023,Small rural (critical access),0
141333,2024,Small rural (critical access),1
141334,2019,Small rural (critical access),0
141334,2020,Small rural (critical access),0
141334,2021,Small rural (critical access),0
141334,2022,Small rural (critical access),0
141334,2023,Small rural (critical access),0
141334,2024,Small rural (critical access),0
141335,2019,Small rural (critical access),0
141335,2020,Small rural (critical access),0
141335,2021,Small rural (critical access),0
141335,2022,Small rural (critical access),0
141335,2023,Small rural (critical access),0
141335,2024,Small rural (critical access),0
141336,2019,Small rural (critical access),0
141336,2020,Small rural (critical access),0
141336,2021,Small rural (critical access),0
141336,2022,Small rural (critical access),0
141336,2023,Small rural (critical access),0
141336,2024,Small rural (critical access),0
141337,2019,Small rural (critical access),0
141337,2020,Small rural (critical access),0
141337,2021,Small rural (critical access),0
141337,2022,Small rural (critical access),1
141337,2023,Small rural (critical access),0
141337,2024,Small rural (critical access),0
141338,2019,Small rural (critical access),0
141338,2020,Small rural (critical access),0
141338,2021,Small rural (critical access),0
141338,2022,Small rural (critical access),0
141338,2023,Small rural (critical access),0
141338,2024,Small rural (critical access),0
141339,2019,Small rural (critical access),0
141339,2020,Small rural (critical access),0
141339,2021,Small rural (critical access),0
141339,2022,Small rural (critical access),0
141339,2023,Small rural (critical access),0
141339,2024,Small rural (critical access),0
141340,2019,Small rural (critical access),0
141340,2020,Small rural (critical access),0
141340,2021,Small rural (critical access),0
141340,2022,Small rural (critical access),1
141340,2023,Small rural (critical access),0
141340,2024,Small rural (critical access),0
141341,2019,Small rural (critical access),1
141341,2020,Small rural (critical access),1
141341,2021,Small rural (critical access),1
141341,2022,Small rural (critical access),0
141341,2023,Small rural (critical access),0
141341,2024,Small rural (critical access),0
141342,2019,Small rural (critical access),0
141342,2020,Small rural (critical access),0
141342,2021,Small rural (critical access),0
141342,2022,Small rural (critical access),0
141342,2023,Small rural (critical access),0
141342,2024,Small rural (critical access),0
141343,2019,Small rural (critical access),0
141343,2020,Small rural (critical access),0
141343,2021,Small rural (critical access),1
141343,2022,Small rural (critical access),0
141343,2023,Small rural (critical access),0
141343,2024,Small rural (critical access),0
141344,2019,Small rural (critical access),0
141344,2020,Small rural (critical access),0
141344,2021,Small rural (critical access),0
141344,2022,Small rural (critical access),1
141344,2023,Small rural (critical access),1
141344,2024,Small rural (critical access),0
141345,2019,Small rural (critical access),0
141345,2020,Small rural (critical access),0
141345,2021,Small rural (critical access),1
141345,2022,Small rural (critical access),0
141345,2023,Small rural (critical access),1
141345,2024,Small rural (critical access),0
141346,2019,Small rural (critical access),1
141346,2020,Small rural (critical access),1
141346,2021,Small rural (critical access),0
141346,2022,Small rural (critical access),1
141346,2023,Small rural (critical access),0
141346,2024,Small rural (critical access),0
141347,2019,Small rural (critical access),0
141347,2020,Small rural (critical access),0
141347,2021,Small rural (critical access),0
141347,2022,Small rural (critical access),0
141347,2023,Small rural (critical access),0
141347,2024,Small rural (critical access),0
141348,2019,Small rural (critical access),0
141348,2020,Small rural (critical access),0
141348,2021,Small rural (critical access),0
141348,2022,Small rural (critical access),0
141348,2023,Small rural (critical access),0
141348,2024,Small rural (critical access),0
141349,2019,Small rural (critical access),0
141349,2020,Small rural (critical access),0
141349,2021,Small rural (critical access),0
141349,2022,Small rural (critical access),0
141349,2023,Small rural (critical access),0
141349,2024,Small rural (critical access),0
141350,2019,Small rural (critical access),0
141350,2020,Small rural (critical access),0
141350,2021,Small rural (critical access),0
141350,2022,Small rural (critical access),0
141350,2023,Small rural (critical access),0
141350,2024,Small rural (critical access),0
141351,2019,Small rural (critical access),0
141351,2020,Small rural (critical access),0
141351,2021,Small rural (critical access),0
141351,2022,Small rural (critical access),1
141351,2023,Small rural (critical access),0
141351,2024,Small rural (critical access),0
141352,2023,Small rural (critical access),0
141352,2024,Small rural (critical access),1
141353,2024,Small rural (critical access),0
141354,2024,Small rural (critical access),1
150001,2019,General hospital,0
150001,2020,General hospital,0
150001,2021,General hospital,0
150001,2022,General hospital,0
150001,2023,General hospital,0
150001,2024,General hospital,0
150002,2019,General hospital,0
150002,2020,General hospital,0
150002,2021,General hospital,0
150002,2022,General hospital,0
150002,2023,General hospital,0
150002,2024,General hospital,0
150004,2019,General hospital,0
150004,2020,General hospital,0
150004,2021,General hospital,0
150004,2022,General hospital,0
150004,2023,General hospital,0
150005,2019,General hospital,1
150005,2020,General hospital,0
150005,2021,General hospital,0
150005,2022,General hospital,0
150005,2023,General hospital,0
150005,2024,General hospital,0
150006,2019,General hospital,0
150006,2020,General hospital,0
150006,2021,General hospital,0
150006,2022,General hospital,0
150006,2023,General hospital,0
150006,2024,General hospital,0
150007,2019,General hospital,0
150007,2020,General hospital,0
150007,2021,General hospital,0
150007,2022,General hospital,0
150007,2023,General hospital,0
150007,2024,General hospital,0
150008,2019,General hospital,0
150008,2020,General hospital,0
150008,2021,General hospital,0
150008,2022,General hospital,0
150008,2023,General hospital,0
150008,2024,General hospital,0
150009,2019,General hospital,0
150009,2020,General hospital,0
150009,2021,General hospital,0
150009,2022,General hospital,0
150009,2023,General hospital,0
150009,2024,General hospital,0
150010,2019,General hospital,0
150010,2020,General hospital,0
150010,2021,General hospital,0
150010,2022,General hospital,0
150010,2023,General hospital,0
150010,2024,General hospital,1
150011,2019,General hospital,0
150011,2020,General hospital,0
150011,2021,General hospital,0
150011,2022,General hospital,0
150011,2023,General hospital,0
150011,2024,General hospital,0
150012,2019,General hospital,0
150012,2020,General hospital,0
150012,2021,General hospital,0
150012,2022,General hospital,0
150012,2023,General hospital,0
150012,2024,General hospital,0
150015,2019,General hospital,0
150015,2020,General hospital,0
150015,2021,General hospital,0
150015,2022,General hospital,0
150015,2023,General hospital,0
150015,2024,General hospital,0
150017,2019,General hospital,0
150017,2020,General hospital,0
150017,2021,General hospital,0
150017,2022,General hospital,0
150017,2023,General hospital,0
150017,2024,General hospital,0
150018,2019,General hospital,0
150018,2020,General hospital,0
150018,2021,General hospital,0
150018,2022,General hospital,0
150018,2023,General hospital,0
150018,2024,General hospital,0
150021,2019,General hospital,0
150021,2020,General hospital,0
150021,2021,General hospital,0
150021,2022,General hospital,0
150021,2023,General hospital,0
150021,2024,General hospital,0
150022,2019,General hospital,0
150022,2020,General hospital,0
150022,2021,General hospital,0
150022,2022,General hospital,0
150022,2023,General hospital,0
150022,2024,General hospital,0
150023,2019,General hospital,0
150023,2020,General hospital,0
150023,2021,General hospital,0
150023,2022,General hospital,0
150023,2023,General hospital,0
150023,2024,General hospital,0
150024,2019,General hospital,0
150024,2020,General hospital,0
150024,2021,General hospital,0
150024,2022,General hospital,0
150024,2023,General hospital,1
150024,2024,General hospital,0
150026,2019,General hospital,0
150026,2020,General hospital,0
150026,2021,General hospital,0
150026,2022,General hospital,0
150026,2023,General hospital,0
150026,2024,General hospital,0
150029,2021,General hospital,1
150029,2022,General hospital,1
150030,2019,General hospital,0
150030,2020,General hospital,0
150030,2021,General hospital,0
150030,2022,General hospital,0
150030,2023,General hospital,0
150030,2024,General hospital,0
150034,2019,General hospital,0
150034,2020,General hospital,0
150034,2021,General hospital,0
150034,2022,General hospital,0
150034,2023,General hospital,0
150034,2024,General hospital,0
150035,2019,General hospital,0
150035,2020,General hospital,0
150035,2021,General hospital,0
150035,2022,General hospital,0
150035,2023,General hospital,0
150035,2024,General hospital,0
150037,2019,General hospital,0
150037,2020,General hospital,0
150037,2021,General hospital,0
150037,2022,General hospital,0
150037,2023,General hospital,0
150037,2024,General hospital,0
150042,2019,General hospital,0
150042,2020,General hospital,0
150042,2021,General hospital,0
150042,2022,General hospital,0
150042,2023,General hospital,0
150042,2024,General hospital,0
150044,2019,General hospital,1
150044,2020,General hospital,0
150044,2021,General hospital,0
150044,2022,General hospital,0
150044,2023,General hospital,0
150044,2024,General hospital,0
150045,2019,General hospital,0
150045,2020,General hospital,0
150045,2021,General hospital,0
150045,2022,General hospital,0
150045,2023,General hospital,0
150045,2024,General hospital,0
150046,2019,General hospital,0
150046,2020,General hospital,0
150046,2021,General hospital,0
150046,2022,General hospital,0
150046,2023,General hospital,0
150046,2024,General hospital,0
150047,2019,General hospital,0
150047,2020,General hospital,0
150047,2021,General hospital,0
150047,2022,General hospital,0
150047,2023,General hospital,0
150047,2024,General hospital,0
150048,2019,General hospital,0
150048,2020,General hospital,0
150048,2021,General hospital,0
150048,2022,General hospital,0
150048,2023,General hospital,0
150048,2024,General hospital,0
150051,2019,General hospital,0
150051,2020,General hospital,0
150051,2021,General hospital,0
150051,2022,General hospital,0
150051,2023,General hospital,0
150051,2024,General hospital,0
150056,2019,General hospital,0
150056,2020,General hospital,0
150056,2021,General hospital,0
150056,2022,General hospital,0
150056,2023,General hospital,0
150056,2024,General hospital,0
150057,2019,General hospital,0
150057,2020,General hospital,0
150057,2021,General hospital,0
150057,2022,General hospital,0
150057,2023,General hospital,0
150057,2024,General hospital,0
150058,2019,General hospital,0
150058,2020,General hospital,0
150058,2021,General hospital,0
150058,2022,General hospital,0
150058,2023,General hospital,0
150058,2024,General hospital,0
150059,2019,General hospital,0
150059,2020,General hospital,0
150059,2021,General hospital,0
150059,2022,General hospital,0
150059,2023,General hospital,0
150059,2024,General hospital,0
150061,2019,General hospital,0
150061,2020,General hospital,0
150061,2021,General hospital,0
150061,2022,General hospital,0
150061,2023,General hospital,0
150061,2024,General hospital,0
150064,2019,General hospital,0
150064,2020,General hospital,0
150065,2019,General hospital,0
150065,2020,General hospital,0
150065,2021,General hospital,0
150065,2022,General hospital,0
150065,2023,General hospital,0
150065,2024,General hospital,0
150069,2019,General hospital,0
150069,2020,General hospital,0
150069,2021,General hospital,0
150069,2022,General hospital,0
150069,2023,General hospital,1
150069,2024,General hospital,0
150072,2019,General hospital,0
150072,2020,General hospital,0
150072,2021,General hospital,0
150072,2022,General hospital,0
150072,2023,General hospital,0
150072,2024,General hospital,0
150074,2019,General hospital,0
150074,2020,General hospital,0
150074,2021,General hospital,0
150074,2022,General hospital,0
150074,2023,General hospital,0
150074,2024,General hospital,0
150075,2019,General hospital,0
150075,2020,General hospital,0
150075,2021,General hospital,0
150075,2022,General hospital,0
150075,2023,General hospital,0
150075,2024,General hospital,0
150076,2019,General hospital,0
150076,2020,General hospital,0
150076,2021,General hospital,0
150076,2022,General hospital,0
150076,2023,General hospital,0
150076,2024,General hospital,0
150082,2019,General hospital,0
150082,2020,General hospital,0
150082,2021,General hospital,0
150082,2022,General hospital,0
150082,2023,General hospital,0
150082,2024,General hospital,0
150084,2019,General hospital,0
150084,2020,General hospital,0
150084,2021,General hospital,0
150084,2022,General hospital,0
150084,2023,General hospital,0
150084,2024,General hospital,1
150086,2019,General hospital,0
150086,2020,General hospital,0
150086,2021,General hospital,0
150086,2022,General hospital,0
150086,2023,General hospital,0
150086,2024,General hospital,0
150088,2019,General hospital,0
150088,2020,General hospital,0
150088,2021,General hospital,0
150088,2022,General hospital,0
150088,2023,General hospital,0
150088,2024,General hospital,1
150089,2019,General hospital,0
150089,2020,General hospital,0
150089,2021,General hospital,0
150089,2022,General hospital,0
150089,2023,General hospital,0
150089,2024,General hospital,0
150090,2019,General hospital,0
150090,2020,General hospital,0
150090,2021,General hospital,0
150090,2022,General hospital,0
150090,2023,General hospital,0
150090,2024,General hospital,0
150091,2019,General hospital,0
150091,2020,General hospital,0
150091,2021,General hospital,0
150091,2022,General hospital,0
150091,2023,General hospital,0
150091,2024,General hospital,0
150097,2019,General hospital,0
150097,2020,General hospital,0
150097,2021,General hospital,1
150097,2022,General hospital,0
150097,2023,General hospital,0
150097,2024,General hospital,0
150100,2019,General hospital,0
150100,2020,General hospital,0
150100,2021,General hospital,0
150100,2022,General hospital,0
150100,2023,General hospital,0
150100,2024,General hospital,1
150101,2019,General hospital,0
150101,2020,General hospital,0
150101,2021,General hospital,0
150101,2022,General hospital,0
150101,2023,General hospital,0
150101,2024,General hospital,0
150102,2019,General hospital,0
150102,2020,General hospital,0
150102,2021,General hospital,0
150102,2022,General hospital,0
150102,2023,General hospital,0
150102,2024,General hospital,0
150104,2019,General hospital,0
150104,2020,General hospital,0
150104,2021,General hospital,1
150104,2022,General hospital,1
150104,2023,General hospital,0
150104,2024,General hospital,0
150109,2019,General hospital,0
150109,2020,General hospital,0
150109,2021,General hospital,0
150109,2022,General hospital,0
150109,2023,General hospital,0
150109,2024,General hospital,0
150112,2019,General hospital,0
150112,2020,General hospital,0
150112,2021,General hospital,0
150112,2022,General hospital,0
150112,2023,General hospital,0
150112,2024,General hospital,0
150113,2019,General hospital,0
150113,2020,General hospital,0
150113,2021,General hospital,0
150113,2022,General hospital,0
150113,2023,General hospital,0
150113,2024,General hospital,0
150115,2019,General hospital,0
150115,2020,General hospital,0
150115,2021,General hospital,0
150115,2022,General hospital,0
150115,2023,General hospital,0
150115,2024,General hospital,0
150125,2019,General hospital,0
150125,2020,General hospital,0
150125,2021,General hospital,0
150125,2022,General hospital,0
150125,2023,General hospital,0
150125,2024,General hospital,0
150126,2019,General hospital,0
150126,2020,General hospital,0
150126,2021,General hospital,0
150126,2022,General hospital,0
150126,2023,General hospital,0
150126,2024,General hospital,0
150128,2019,General hospital,0
150128,2020,General hospital,0
150128,2021,General hospital,0
150128,2022,General hospital,0
150128,2023,General hospital,0
150128,2024,General hospital,0
150133,2019,General hospital,0
150133,2020,General hospital,0
150133,2021,General hospital,0
150133,2022,General hospital,0
150133,2023,General hospital,0
150133,2024,General hospital,0
150146,2019,General hospital,0
150146,2020,General hospital,0
150146,2021,General hospital,0
150146,2022,General hospital,0
150146,2023,General hospital,0
150146,2024,General hospital,0
150149,2019,General hospital,1
150149,2020,General hospital,1
150149,2021,General hospital,1
150149,2022,General hospital,0
150149,2023,General hospital,0
150149,2024,General hospital,0
150150,2019,General hospital,0
150150,2020,General hospital,0
150150,2021,General hospital,0
150150,2022,General hospital,0
150150,2023,General hospital,0
150150,2024,General hospital,0
150153,2019,General hospital,0
150153,2020,General hospital,0
150153,2021,General hospital,0
150153,2022,General hospital,0
150153,2023,General hospital,0
150153,2024,General hospital,1
150157,2019,General hospital,0
150157,2020,General hospital,0
150157,2021,General hospital,0
150157,2022,General hospital,0
150157,2023,General hospital,0
150157,2024,General hospital,1
150158,2019,General hospital,0
150158,2020,General hospital,0
150158,2021,General hospital,0
150158,2022,General hospital,0
150158,2023,General hospital,0
150158,2024,General hospital,0
150160,2019,General hospital,1
150160,2020,General hospital,1
150160,2021,General hospital,1
150160,2022,General hospital,1
150160,2023,General hospital,1
150160,2024,General hospital,1
150161,2019,General hospital,0
150161,2020,General hospital,0
150161,2021,General hospital,0
150161,2022,General hospital,0
150161,2023,General hospital,0
150161,2024,General hospital,0
150162,2019,General hospital,0
150162,2020,General hospital,0
150162,2021,General hospital,0
150162,2022,General hospital,0
150162,2023,General hospital,0
150162,2024,General hospital,0
150165,2019,General hospital,0
150165,2020,General hospital,0
150165,2021,General hospital,0
150165,2022,General hospital,0
150165,2023,General hospital,0
150165,2024,General hospital,0
150166,2019,General hospital,1
150166,2020,General hospital,1
150166,2021,General hospital,1
150166,2022,General hospital,1
150166,2023,General hospital,1
150166,2024,General hospital,1
150167,2019,General hospital,0
150167,2020,General hospital,0
150167,2021,General hospital,0
150167,2022,General hospital,0
150167,2023,General hospital,0
150167,2024,General hospital,0
150168,2019,General hospital,0
150168,2020,General hospital,0
150168,2021,General hospital,0
150168,2022,General hospital,0
150168,2023,General hospital,0
150168,2024,General hospital,0
150169,2019,General hospital,0
150169,2020,General hospital,0
150169,2021,General hospital,0
150169,2022,General hospital,0
150169,2023,General hospital,0
150169,2024,General hospital,0
150172,2019,General hospital,1
150172,2020,General hospital,1
150172,2021,General hospital,1
150172,2022,General hospital,1
150172,2023,General hospital,0
150172,2024,General hospital,0
150173,2019,General hospital,0
150173,2020,General hospital,0
150173,2021,General hospital,0
150173,2022,General hospital,0
150173,2023,General hospital,0
150173,2024,General hospital,0
150176,2019,General hospital,0
150177,2019,General hospital,0
150177,2020,General hospital,0
150177,2021,General hospital,0
150177,2022,General hospital,0
150177,2023,General hospital,0
150177,2024,General hospital,0
150179,2019,General hospital,1
150179,2020,General hospital,1
150179,2021,General hospital,1
150179,2022,General hospital,1
150179,2023,General hospital,1
150179,2024,General hospital,1
150181,2019,General hospital,0
150181,2020,General hospital,0
150181,2021,General hospital,0
150181,2022,General hospital,0
150181,2023,General hospital,0
150181,2024,General hospital,1
150182,2019,General hospital,0
150183,2019,General hospital,0
150183,2020,General hospital,0
150183,2021,General hospital,0
150183,2022,General hospital,0
150183,2023,General hospital,0
150183,2024,General hospital,0
150184,2019,General hospital,1
150191,2022,General hospital,1
150191,2023,General hospital,1
150191,2024,General hospital,0
150193,2023,General hospital,1
150193,2024,General hospital,1
151300,2019,Small rural (critical access),1
151300,2020,Small rural (critical access),1
151300,2021,Small rural (critical access),1
151300,2022,Small rural (critical access),1
151300,2023,Small rural (critical access),1
151300,2024,Small rural (critical access),1
151301,2019,Small rural (critical access),0
151301,2020,Small rural (critical access),0
151301,2021,Small rural (critical access),0
151301,2022,Small rural (critical access),0
151301,2023,Small rural (critical access),0
151301,2024,Small rural (critical access),1
151302,2019,Small rural (critical access),0
151302,2020,Small rural (critical access),0
151302,2021,Small rural (critical access),0
151302,2022,Small rural (critical access),0
151302,2023,Small rural (critical access),0
151303,2019,Small rural (critical access),1
151303,2020,Small rural (critical access),0
151303,2021,Small rural (critical access),0
151303,2022,Small rural (critical access),0
151303,2023,Small rural (critical access),0
151303,2024,Small rural (critical access),1
151304,2019,Small rural (critical access),0
151304,2020,Small rural (critical access),0
151304,2021,Small rural (critical access),0
151304,2022,Small rural (critical access),0
151304,2023,Small rural (critical access),0
151304,2024,Small rural (critical access),0
151305,2019,Small rural (critical access),0
151305,2020,Small rural (critical access),0
151305,2021,Small rural (critical access),0
151305,2022,Small rural (critical access),0
151305,2023,Small rural (critical access),0
151305,2024,Small rural (critical access),0
151306,2019,Small rural (critical access),0
151306,2020,Small rural (critical access),0
151306,2021,Small rural (critical access),0
151306,2022,Small rural (critical access),0
151306,2023,Small rural (critical access),0
151306,2024,Small rural (critical access),0
151307,2019,Small rural (critical access),0
151307,2020,Small rural (critical access),0
151307,2021,Small rural (critical access),0
151307,2022,Small rural (critical access),0
151307,2023,Small rural (critical access),0
151307,2024,Small rural (critical access),1
151308,2019,Small rural (critical access),0
151308,2020,Small rural (critical access),0
151308,2021,Small rural (critical access),0
151308,2022,Small rural (critical access),0
151308,2023,Small rural (critical access),0
151308,2024,Small rural (critical access),1
151309,2019,Small rural (critical access),0
151309,2020,Small rural (critical access),0
151309,2021,Small rural (critical access),0
151309,2022,Small rural (critical access),0
151309,2023,Small rural (critical access),0
151309,2024,Small rural (critical access),1
151310,2019,Small rural (critical access),0
151310,2020,Small rural (critical access),0
151310,2021,Small rural (critical access),0
151310,2022,Small rural (critical access),0
151310,2023,Small rural (critical access),0
151310,2024,Small rural (critical access),0
151311,2019,Small rural (critical access),0
151311,2020,Small rural (critical access),0
151311,2021,Small rural (critical access),0
151311,2022,Small rural (critical access),0
151311,2023,Small rural (critical access),0
151311,2024,Small rural (critical access),0
151312,2019,Small rural (critical access),0
151312,2020,Small rural (critical access),0
151312,2021,Small rural (critical access),0
151312,2022,Small rural (critical access),0
151312,2023,Small rural (critical access),0
151312,2024,Small rural (critical access),0
151313,2019,Small rural (critical access),0
151313,2020,Small rural (critical access),0
151313,2021,Small rural (critical access),0
151313,2022,Small rural (critical access),0
151313,2023,Small rural (critical access),0
151313,2024,Small rural (critical access),1
151314,2019,Small rural (critical access),1
151314,2020,Small rural (critical access),0
151314,2021,Small rural (critical access),0
151314,2022,Small rural (critical access),0
151314,2023,Small rural (critical access),0
151314,2024,Small rural (critical access),1
151315,2019,Small rural (critical access),0
151315,2020,Small rural (critical access),0
151315,2021,Small rural (critical access),0
151315,2022,Small rural (critical access),0
151315,2023,Small rural (critical access),0
151315,2024,Small rural (critical access),0
151316,2019,Small rural (critical access),0
151316,2020,Small rural (critical access),0
151316,2021,Small rural (critical access),0
151316,2022,Small rural (critical access),0
151316,2023,Small rural (critical access),0
151316,2024,Small rural (critical access),0
151317,2019,Small rural (critical access),0
151317,2020,Small rural (critical access),0
151317,2021,Small rural (critical access),0
151317,2022,Small rural (critical access),0
151317,2023,Small rural (critical access),0
151317,2024,Small rural (critical access),0
151318,2019,Small rural (critical access),0
151318,2020,Small rural (critical access),0
151318,2021,Small rural (critical access),0
151318,2022,Small rural (critical access),0
151318,2023,Small rural (critical access),0
151318,2024,Small rural (critical access),0
151319,2019,Small rural (critical access),1
151319,2020,Small rural (critical access),1
151319,2021,Small rural (critical access),0
151319,2022,Small rural (critical access),0
151319,2023,Small rural (critical access),1
151319,2024,Small rural (critical access),0
151320,2019,Small rural (critical access),0
151320,2020,Small rural (critical access),0
151320,2021,Small rural (critical access),0
151320,2022,Small rural (critical access),0
151320,2023,Small rural (critical access),0
151320,2024,Small rural (critical access),0
151322,2019,Small rural (critical access),1
151322,2020,Small rural (critical access),1
151322,2021,Small rural (critical access),1
151322,2022,Small rural (critical access),0
151322,2023,Small rural (critical access),1
151322,2024,Small rural (critical access),1
151323,2019,Small rural (critical access),0
151323,2020,Small rural (critical access),0
151323,2021,Small rural (critical access),0
151323,2022,Small rural (critical access),0
151323,2023,Small rural (critical access),0
151323,2024,Small rural (critical access),0
151324,2019,Small rural (critical access),0
151324,2020,Small rural (critical access),0
151324,2021,Small rural (critical access),0
151324,2022,Small rural (critical access),0
151324,2023,Small rural (critical access),0
151324,2024,Small rural (critical access),0
151325,2019,Small rural (critical access),0
151325,2020,Small rural (critical access),0
151325,2021,Small rural (critical access),0
151325,2022,Small rural (critical access),0
151325,2023,Small rural (critical access),0
151325,2024,Small rural (critical access),1
151326,2019,Small rural (critical access),0
151326,2020,Small rural (critical access),0
151326,2021,Small rural (critical access),0
151326,2022,Small rural (critical access),0
151326,2023,Small rural (critical access),0
151326,2024,Small rural (critical access),0
151327,2019,Small rural (critical access),0
151327,2020,Small rural (critical access),0
151327,2021,Small rural (critical access),1
151327,2022,Small rural (critical access),1
151327,2023,Small rural (critical access),0
151327,2024,Small rural (critical access),1
151328,2019,Small rural (critical access),0
151328,2020,Small rural (critical access),0
151328,2021,Small rural (critical access),0
151328,2022,Small rural (critical access),0
151328,2023,Small rural (critical access),0
151328,2024,Small rural (critical access),0
151329,2019,Small rural (critical access),0
151329,2020,Small rural (critical access),0
151329,2021,Small rural (critical access),0
151329,2022,Small rural (critical access),0
151329,2023,Small rural (critical access),0
151329,2024,Small rural (critical access),0
151330,2019,Small rural (critical access),0
151330,2020,Small rural (critical access),0
151330,2021,Small rural (critical access),0
151330,2022,Small rural (critical access),0
151330,2023,Small rural (critical access),0
151330,2024,Small rural (critical access),0
151331,2019,Small rural (critical access),0
151331,2020,Small rural (critical access),0
151331,2021,Small rural (critical access),0
151331,2022,Small rural (critical access),1
151331,2023,Small rural (critical access),0
151331,2024,Small rural (critical access),0
151332,2019,Small rural (critical access),1
151332,2020,Small rural (critical access),1
151332,2021,Small rural (critical access),0
151332,2022,Small rural (critical access),0
151332,2023,Small rural (critical access),0
151332,2024,Small rural (critical access),0
151333,2019,Small rural (critical access),0
151333,2020,Small rural (critical access),0
151333,2021,Small rural (critical access),0
151333,2022,Small rural (critical access),0
151333,2023,Small rural (critical access),0
151333,2024,Small rural (critical access),0
151334,2019,Small rural (critical access),0
151334,2020,Small rural (critical access),0
151334,2021,Small rural (critical access),0
151334,2022,Small rural (critical access),0
151334,2023,Small rural (critical access),0
151334,2024,Small rural (critical access),0
151335,2019,Small rural (critical access),0
151335,2020,Small rural (critical access),0
151335,2021,Small rural (critical access),0
151335,2022,Small rural (critical access),0
160001,2019,General hospital,0
160001,2020,General hospital,0
160001,2021,General hospital,0
160001,2022,General hospital,0
160001,2023,General hospital,0
160001,2024,General hospital,0
160005,2019,General hospital,0
160005,2020,General hospital,0
160005,2021,General hospital,0
160005,2022,General hospital,0
160005,2023,General hospital,0
160005,2024,General hospital,0
160008,2019,General hospital,0
160008,2020,General hospital,0
160008,2021,General hospital,0
160008,2022,General hospital,0
160008,2023,General hospital,1
160013,2019,General hospital,0
160013,2020,General hospital,0
160013,2021,General hospital,0
160013,2022,General hospital,0
160013,2023,General hospital,0
160013,2024,General hospital,0
160016,2019,General hospital,0
160016,2020,General hospital,0
160016,2021,General hospital,0
160016,2022,General hospital,0
160016,2023,General hospital,0
160016,2024,General hospital,0
160024,2019,General hospital,0
160024,2020,General hospital,0
160028,2019,General hospital,0
160028,2020,General hospital,0
160028,2021,General hospital,0
160028,2022,General hospital,0
160028,2023,General hospital,1
160028,2024,General hospital,0
160029,2019,General hospital,1
160029,2020,General hospital,1
160029,2021,General hospital,1
160029,2022,General hospital,1
160029,2023,General hospital,0
160029,2024,General hospital,1
160030,2019,General hospital,0
160030,2020,General hospital,0
160030,2021,General hospital,0
160030,2022,General hospital,0
160030,2023,General hospital,0
160030,2024,General hospital,0
160032,2019,General hospital,0
160032,2020,General hospital,0
160032,2021,General hospital,0
160032,2022,General hospital,0
160032,2023,General hospital,0
160032,2024,General hospital,0
160033,2019,General hospital,0
160033,2020,General hospital,0
160033,2021,General hospital,0
160033,2022,General hospital,0
160033,2023,General hospital,0
160033,2024,General hospital,0
160040,2019,General hospital,0
160040,2020,General hospital,0
160040,2021,General hospital,0
160040,2022,General hospital,0
160040,2023,General hospital,0
160040,2024,General hospital,0
160045,2019,General hospital,0
160045,2020,General hospital,0
160045,2021,General hospital,0
160045,2022,General hospital,0
160045,2023,General hospital,0
160045,2024,General hospital,0
160047,2019,General hospital,0
160047,2020,General hospital,0
160047,2021,General hospital,0
160047,2022,General hospital,0
160047,2023,General hospital,0
160047,2024,General hospital,0
160057,2019,General hospital,0
160057,2020,General hospital,0
160057,2021,General hospital,0
160057,2022,General hospital,0
160057,2023,General hospital,0
160057,2024,General hospital,0
160058,2019,General hospital,0
160058,2020,General hospital,0
160058,2021,General hospital,0
160058,2022,General hospital,0
160058,2023,General hospital,0
160058,2024,General hospital,0
160064,2019,General hospital,0
160064,2020,General hospital,0
160064,2021,General hospital,0
160064,2022,General hospital,0
160064,2023,General hospital,0
160064,2024,General hospital,0
160067,2019,General hospital,0
160067,2020,General hospital,0
160067,2021,General hospital,0
160067,2022,General hospital,0
160067,2023,General hospital,0
160067,2024,General hospital,0
160069,2019,General hospital,0
160069,2020,General hospital,0
160069,2021,General hospital,0
160069,2022,General hospital,0
160069,2023,General hospital,0
160069,2024,General hospital,0
160079,2019,General hospital,0
160079,2020,General hospital,0
160079,2021,General hospital,0
160079,2022,General hospital,0
160079,2023,General hospital,0
160079,2024,General hospital,0
160080,2019,General hospital,0
160080,2020,General hospital,0
160080,2021,General hospital,0
160080,2022,General hospital,0
160080,2023,General hospital,0
160080,2024,General hospital,0
160082,2019,General hospital,0
160082,2020,General hospital,0
160082,2021,General hospital,0
160082,2022,General hospital,0
160082,2023,General hospital,0
160082,2024,General hospital,0
160083,2019,General hospital,0
160083,2020,General hospital,0
160083,2021,General hospital,0
160083,2022,General hospital,0
160083,2023,General hospital,0
160083,2024,General hospital,0
160089,2019,General hospital,0
160089,2020,General hospital,0
160089,2021,General hospital,0
160089,2022,General hospital,0
160089,2023,General hospital,0
160089,2024,General hospital,0
160101,2019,General hospital,0
160101,2020,General hospital,0
160101,2021,General hospital,0
160101,2022,General hospital,0
160101,2023,General hospital,0
160101,2024,General hospital,0
160104,2019,General hospital,0
160104,2020,General hospital,0
160104,2021,General hospital,0
160104,2022,General hospital,0
160104,2023,General hospital,0
160104,2024,General hospital,0
160110,2019,General hospital,0
160110,2020,General hospital,0
160110,2021,General hospital,0
160110,2022,General hospital,0
160110,2023,General hospital,0
160110,2024,General hospital,0
160112,2019,General hospital,0
160112,2020,General hospital,0
160112,2021,General hospital,0
160112,2022,General hospital,0
160112,2023,General hospital,0
160112,2024,General hospital,0
160117,2019,General hospital,0
160117,2020,General hospital,0
160117,2021,General hospital,0
160117,2022,General hospital,0
160117,2023,General hospital,0
160117,2024,General hospital,0
160122,2019,General hospital,0
160122,2020,General hospital,0
160122,2021,General hospital,0
160124,2019,General hospital,0
160124,2020,General hospital,0
160124,2021,General hospital,0
160124,2022,General hospital,0
160124,2023,General hospital,0
160124,2024,General hospital,0
160146,2019,General hospital,0
160146,2020,General hospital,0
160146,2021,General hospital,0
160146,2022,General hospital,0
160146,2023,General hospital,0
160146,2024,General hospital,0
160147,2019,General hospital,1
160147,2020,General hospital,1
160147,2021,General hospital,0
160147,2022,General hospital,0
160147,2023,General hospital,0
160147,2024,General hospital,0
160153,2019,General hospital,0
160153,2020,General hospital,0
160153,2021,General hospital,0
160153,2022,General hospital,0
160153,2023,General hospital,0
160153,2024,General hospital,0
161300,2019,Small rural (critical access),0
161300,2020,Small rural (critical access),0
161300,2021,Small rural (critical access),0
161300,2022,Small rural (critical access),0
161300,2023,Small rural (critical access),0
161300,2024,Small rural (critical access),0
161301,2019,Small rural (critical access),0
161301,2020,Small rural (critical access),0
161301,2021,Small rural (critical access),0
161301,2022,Small rural (critical access),0
161301,2023,Small rural (critical access),0
161301,2024,Small rural (critical access),0
161302,2019,Small rural (critical access),0
161302,2020,Small rural (critical access),0
161302,2021,Small rural (critical access),0
161302,2022,Small rural (critical access),0
161302,2023,Small rural (critical access),0
161302,2024,Small rural (critical access),0
161303,2019,Small rural (critical access),1
161303,2020,Small rural (critical access),0
161303,2021,Small rural (critical access),0
161303,2022,Small rural (critical access),0
161303,2023,Small rural (critical access),0
161303,2024,Small rural (critical access),0
161304,2019,Small rural (critical access),0
161304,2020,Small rural (critical access),0
161304,2021,Small rural (critical access),0
161304,2022,Small rural (critical access),0
161304,2023,Small rural (critical access),1
161304,2024,Small rural (critical access),0
161305,2019,Small rural (critical access),0
161305,2020,Small rural (critical access),0
161305,2021,Small rural (critical access),0
161305,2022,Small rural (critical access),0
161305,2023,Small rural (critical access),0
161305,2024,Small rural (critical access),0
161306,2019,Small rural (critical access),0
161306,2020,Small rural (critical access),0
161306,2021,Small rural (critical access),0
161306,2022,Small rural (critical access),0
161306,2023,Small rural (critical access),0
161306,2024,Small rural (critical access),0
161307,2019,Small rural (critical access),0
161307,2020,Small rural (critical access),0
161307,2021,Small rural (critical access),0
161307,2022,Small rural (critical access),0
161307,2023,Small rural (critical access),0
161307,2024,Small rural (critical access),0
161308,2019,Small rural (critical access),0
161308,2020,Small rural (critical access),0
161308,2021,Small rural (critical access),0
161308,2022,Small rural (critical access),0
161308,2023,Small rural (critical access),0
161308,2024,Small rural (critical access),0
161309,2019,Small rural (critical access),0
161309,2020,Small rural (critical access),0
161309,2021,Small rural (critical access),0
161309,2022,Small rural (critical access),0
161309,2023,Small rural (critical access),1
161309,2024,Small rural (critical access),0
161310,2019,Small rural (critical access),0
161310,2020,Small rural (critical access),0
161310,2021,Small rural (critical access),0
161310,2022,Small rural (critical access),0
161310,2023,Small rural (critical access),0
161310,2024,Small rural (critical access),0
161311,2019,Small rural (critical access),0
161311,2020,Small rural (critical access),0
161311,2021,Small rural (critical access),0
161311,2022,Small rural (critical access),1
161311,2023,Small rural (critical access),0
161311,2024,Small rural (critical access),0
161312,2019,Small rural (critical access),0
161312,2020,Small rural (critical access),0
161312,2021,Small rural (critical access),0
161312,2022,Small rural (critical access),0
161312,2023,Small rural (critical access),0
161312,2024,Small rural (critical access),0
161313,2019,Small rural (critical access),0
161313,2020,Small rural (critical access),0
161313,2021,Small rural (critical access),0
161313,2022,Small rural (critical access),0
161313,2023,Small rural (critical access),0
161313,2024,Small rural (critical access),0
161314,2019,Small rural (critical access),0
161314,2020,Small rural (critical access),0
161314,2021,Small rural (critical access),0
161314,2022,Small rural (critical access),0
161314,2023,Small rural (critical access),0
161314,2024,Small rural (critical access),0
161315,2019,Small rural (critical access),1
161315,2020,Small rural (critical access),0
161315,2021,Small rural (critical access),0
161315,2022,Small rural (critical access),0
161315,2023,Small rural (critical access),0
161315,2024,Small rural (critical access),0
161316,2019,Small rural (critical access),0
161316,2020,Small rural (critical access),0
161316,2021,Small rural (critical access),0
161316,2022,Small rural (critical access),0
161316,2023,Small rural (critical access),1
161316,2024,Small rural (critical access),0
161317,2019,Small rural (critical access),0
161317,2020,Small rural (critical access),0
161317,2021,Small rural (critical access),0
161317,2022,Small rural (critical access),0
161317,2023,Small rural (critical access),0
161317,2024,Small rural (critical access),1
161318,2019,Small rural (critical access),0
161318,2020,Small rural (critical access),0
161318,2021,Small rural (critical access),0
161318,2022,Small rural (critical access),1
161318,2023,Small rural (critical access),0
161318,2024,Small rural (critical access),0
161319,2019,Small rural (critical access),0
161319,2020,Small rural (critical access),0
161319,2021,Small rural (critical access),0
161319,2022,Small rural (critical access),0
161319,2023,Small rural (critical access),0
161319,2024,Small rural (critical access),0
161320,2019,Small rural (critical access),1
161320,2020,Small rural (critical access),0
161320,2021,Small rural (critical access),0
161320,2022,Small rural (critical access),0
161320,2023,Small rural (critical access),0
161320,2024,Small rural (critical access),1
161321,2019,Small rural (critical access),0
161321,2020,Small rural (critical access),0
161321,2021,Small rural (critical access),0
161321,2022,Small rural (critical access),0
161321,2023,Small rural (critical access),0
161321,2024,Small rural (critical access),0
161322,2019,Small rural (critical access),1
161322,2020,Small rural (critical access),1
161322,2021,Small rural (critical access),1
161322,2022,Small rural (critical access),1
161322,2023,Small rural (critical access),1
161322,2024,Small rural (critical access),1
161323,2019,Small rural (critical access),0
161323,2020,Small rural (critical access),0
161323,2021,Small rural (critical access),0
161323,2022,Small rural (critical access),0
161323,2023,Small rural (critical access),0
161323,2024,Small rural (critical access),0
161324,2019,Small rural (critical access),0
161324,2020,Small rural (critical access),1
161324,2021,Small rural (critical access),0
161324,2022,Small rural (critical access),0
161324,2023,Small rural (critical access),1
161324,2024,Small rural (critical access),1
161325,2019,Small rural (critical access),1
161325,2020,Small rural (critical access),1
161325,2021,Small rural (critical access),0
161325,2022,Small rural (critical access),0
161325,2023,Small rural (critical access),0
161325,2024,Small rural (critical access),0
161326,2019,Small rural (critical access),0
161326,2020,Small rural (critical access),0
161326,2021,Small rural (critical access),0
161326,2022,Small rural (critical access),0
161326,2023,Small rural (critical access),0
161326,2024,Small rural (critical access),0
161327,2019,Small rural (critical access),1
161327,2020,Small rural (critical access),1
161327,2021,Small rural (critical access),0
161327,2022,Small rural (critical access),0
161327,2023,Small rural (critical access),0
161327,2024,Small rural (critical access),0
161328,2019,Small rural (critical access),0
161328,2020,Small rural (critical access),0
161328,2021,Small rural (critical access),0
161328,2022,Small rural (critical access),0
161328,2023,Small rural (critical access),0
161328,2024,Small rural (critical access),0
161329,2019,Small rural (critical access),0
161329,2020,Small rural (critical access),0
161329,2021,Small rural (critical access),0
161329,2022,Small rural (critical access),0
161329,2023,Small rural (critical access),0
161329,2024,Small rural (critical access),0
161330,2019,Small rural (critical access),1
161330,2020,Small rural (critical access),0
161330,2021,Small rural (critical access),0
161330,2022,Small rural (critical access),0
161330,2023,Small rural (critical access),1
161330,2024,Small rural (critical access),0
161331,2019,Small rural (critical access),0
161331,2020,Small rural (critical access),0
161331,2021,Small rural (critical access),0
161331,2022,Small rural (critical access),0
161331,2023,Small rural (critical access),0
161331,2024,Small rural (critical access),0
161332,2019,Small rural (critical access),1
161332,2020,Small rural (critical access),1
161332,2021,Small rural (critical access),0
161332,2022,Small rural (critical access),0
161332,2023,Small rural (critical access),0
161332,2024,Small rural (critical access),0
161333,2019,Small rural (critical access),0
161333,2020,Small rural (critical access),0
161333,2021,Small rural (critical access),0
161333,2022,Small rural (critical access),0
161333,2023,Small rural (critical access),0
161333,2024,Small rural (critical access),0
161334,2019,Small rural (critical access),0
161334,2020,Small rural (critical access),0
161334,2021,Small rural (critical access),0
161334,2022,Small rural (critical access),1
161334,2023,Small rural (critical access),0
161334,2024,Small rural (critical access),1
161335,2019,Small rural (critical access),0
161335,2020,Small rural (critical access),0
161335,2021,Small rural (critical access),0
161335,2022,Small rural (critical access),0
161335,2023,Small rural (critical access),0
161335,2024,Small rural (critical access),0
161336,2019,Small rural (critical access),0
161336,2020,Small rural (critical access),0
161336,2021,Small rural (critical access),0
161336,2022,Small rural (critical access),0
161336,2023,Small rural (critical access),0
161336,2024,Small rural (critical access),0
161337,2019,Small rural (critical access),0
161337,2020,Small rural (critical access),0
161337,2021,Small rural (critical access),1
161337,2022,Small rural (critical access),0
161337,2023,Small rural (critical access),0
161337,2024,Small rural (critical access),0
161338,2019,Small rural (critical access),0
161338,2020,Small rural (critical access),0
161338,2021,Small rural (critical access),0
161338,2022,Small rural (critical access),0
161338,2023,Small rural (critical access),0
161338,2024,Small rural (critical access),0
161339,2019,Small rural (critical access),1
161339,2020,Small rural (critical access),1
161339,2021,Small rural (critical access),1
161339,2022,Small rural (critical access),0
161339,2023,Small rural (critical access),0
161339,2024,Small rural (critical access),0
161340,2019,Small rural (critical access),0
161340,2020,Small rural (critical access),0
161340,2021,Small rural (critical access),0
161340,2022,Small rural (critical access),0
161340,2023,Small rural (critical access),1
161340,2024,Small rural (critical access),0
161341,2019,Small rural (critical access),0
161341,2020,Small rural (critical access),0
161341,2021,Small rural (critical access),0
161341,2022,Small rural (critical access),0
161341,2023,Small rural (critical access),0
161341,2024,Small rural (critical access),0
161342,2019,Small rural (critical access),0
161342,2020,Small rural (critical access),0
161342,2021,Small rural (critical access),0
161342,2022,Small rural (critical access),0
161342,2023,Small rural (critical access),0
161342,2024,Small rural (critical access),0
161343,2019,Small rural (critical access),0
161343,2020,Small rural (critical access),0
161343,2021,Small rural (critical access),0
161343,2022,Small rural (critical access),0
161343,2023,Small rural (critical access),0
161343,2024,Small rural (critical access),0
161344,2019,Small rural (critical access),0
161344,2020,Small rural (critical access),0
161344,2021,Small rural (critical access),0
161344,2022,Small rural (critical access),0
161344,2023,Small rural (critical access),1
161344,2024,Small rural (critical access),1
161345,2019,Small rural (critical access),0
161345,2020,Small rural (critical access),0
161345,2021,Small rural (critical access),0
161345,2022,Small rural (critical access),0
161345,2023,Small rural (critical access),0
161345,2024,Small rural (critical access),0
161346,2019,Small rural (critical access),0
161346,2020,Small rural (critical access),0
161346,2021,Small rural (critical access),0
161346,2022,Small rural (critical access),0
161346,2023,Small rural (critical access),0
161346,2024,Small rural (critical access),0
161347,2019,Small rural (critical access),1
161347,2020,Small rural (critical access),1
161347,2021,Small rural (critical access),0
161347,2022,Small rural (critical access),0
161347,2023,Small rural (critical access),0
161347,2024,Small rural (critical access),0
161348,2019,Small rural (critical access),0
161348,2020,Small rural (critical access),0
161348,2021,Small rural (critical access),0
161348,2022,Small rural (critical access),0
161348,2023,Small rural (critical access),0
161348,2024,Small rural (critical access),0
161349,2019,Small rural (critical access),1
161349,2020,Small rural (critical access),0
161349,2021,Small rural (critical access),0
161349,2022,Small rural (critical access),0
161349,2023,Small rural (critical access),0
161349,2024,Small rural (critical access),0
161350,2019,Small rural (critical access),0
161350,2020,Small rural (critical access),0
161350,2021,Small rural (critical access),0
161350,2022,Small rural (critical access),0
161350,2023,Small rural (critical access),0
161350,2024,Small rural (critical access),0
161351,2019,Small rural (critical access),0
161351,2020,Small rural (critical access),0
161351,2021,Small rural (critical access),0
161351,2022,Small rural (critical access),0
161351,2023,Small rural (critical access),0
161351,2024,Small rural (critical access),0
161352,2019,Small rural (critical access),0
161352,2020,Small rural (critical access),0
161352,2021,Small rural (critical access),1
161352,2022,Small rural (critical access),1
161352,2023,Small rural (critical access),1
161352,2024,Small rural (critical access),1
161353,2019,Small rural (critical access),0
161353,2020,Small rural (critical access),0
161353,2021,Small rural (critical access),0
161353,2022,Small rural (critical access),0
161353,2023,Small rural (critical access),0
161353,2024,Small rural (critical access),0
161354,2019,Small rural (critical access),0
161354,2020,Small rural (critical access),1
161354,2021,Small rural (critical access),0
161354,2022,Small rural (critical access),0
161354,2023,Small rural (critical access),1
161354,2024,Small rural (critical access),0
161355,2019,Small rural (critical access),0
161355,2020,Small rural (critical access),0
161355,2021,Small rural (critical access),0
161355,2022,Small rural (critical access),1
161355,2023,Small rural (critical access),0
161355,2024,Small rural (critical access),0
161356,2019,Small rural (critical access),0
161356,2020,Small rural (critical access),0
161356,2021,Small rural (critical access),0
161356,2022,Small rural (critical access),0
161356,2023,Small rural (critical access),0
161356,2024,Small rural (critical access),0
161357,2019,Small rural (critical access),0
161357,2020,Small rural (critical access),0
161357,2021,Small rural (critical access),0
161357,2022,Small rural (critical access),0
161357,2023,Small rural (critical access),0
161357,2024,Small rural (critical access),0
161358,2019,Small rural (critical access),1
161358,2020,Small rural (critical access),1
161358,2021,Small rural (critical access),0
161358,2022,Small rural (critical access),0
161358,2023,Small rural (critical access),1
161358,2024,Small rural (critical access),0
161359,2019,Small rural (critical access),0
161359,2020,Small rural (critical access),0
161359,2021,Small rural (critical access),1
161359,2022,Small rural (critical access),0
161359,2023,Small rural (critical access),0
161359,2024,Small rural (critical access),1
161360,2019,Small rural (critical access),0
161360,2020,Small rural (critical access),0
161360,2021,Small rural (critical access),0
161360,2022,Small rural (critical access),0
161360,2023,Small rural (critical access),0
161360,2024,Small rural (critical access),0
161361,2019,Small rural (critical access),0
161361,2020,Small rural (critical access),0
161361,2021,Small rural (critical access),0
161361,2022,Small rural (critical access),0
161361,2023,Small rural (critical access),0
161361,2024,Small rural (critical access),0
161362,2019,Small rural (critical access),1
161362,2020,Small rural (critical access),1
161362,2021,Small rural (critical access),1
161362,2022,Small rural (critical access),0
161362,2023,Small rural (critical access),0
161362,2024,Small rural (critical access),0
161363,2019,Small rural (critical access),0
161363,2020,Small rural (critical access),0
161363,2021,Small rural (critical access),1
161363,2022,Small rural (critical access),0
161363,2023,Small rural (critical access),0
161363,2024,Small rural (critical access),0
161364,2019,Small rural (critical access),0
161364,2020,Small rural (critical access),0
161364,2021,Small rural (critical access),0
161364,2022,Small rural (critical access),0
161364,2023,Small rural (critical access),1
161364,2024,Small rural (critical access),0
161365,2019,Small rural (critical access),0
161365,2020,Small rural (critical access),0
161365,2021,Small rural (critical access),0
161365,2022,Small rural (critical access),0
161365,2023,Small rural (critical access),0
161365,2024,Small rural (critical access),0
161366,2019,Small rural (critical access),1
161366,2020,Small rural (critical access),1
161366,2021,Small rural (critical access),0
161366,2022,Small rural (critical access),0
161366,2023,Small rural (critical access),0
161366,2024,Small rural (critical access),0
161367,2019,Small rural (critical access),0
161367,2020,Small rural (critical access),0
161367,2021,Small rural (critical access),0
161367,2022,Small rural (critical access),0
161367,2023,Small rural (critical access),0
161367,2024,Small rural (critical access),0
161368,2019,Small rural (critical access),0
161368,2020,Small rural (critical access),0
161368,2021,Small rural (critical access),0
161368,2022,Small rural (critical access),0
161368,2023,Small rural (critical access),0
161368,2024,Small rural (critical access),0
161369,2019,Small rural (critical access),1
161369,2020,Small rural (critical access),1
161369,2021,Small rural (critical access),0
161369,2022,Small rural (critical access),0
161369,2023,Small rural (critical access),1
161369,2024,Small rural (critical access),1
161370,2019,Small rural (critical access),0
161370,2020,Small rural (critical access),0
161370,2021,Small rural (critical access),0
161370,2022,Small rural (critical access),0
161370,2023,Small rural (critical access),1
161370,2024,Small rural (critical access),0
161371,2019,Small rural (critical access),1
161371,2020,Small rural (critical access),0
161371,2021,Small rural (critical access),0
161371,2022,Small rural (critical access),0
161371,2023,Small rural (critical access),0
161371,2024,Small rural (critical access),0
161372,2019,Small rural (critical access),0
161372,2020,Small rural (critical access),0
161372,2021,Small rural (critical access),0
161372,2022,Small rural (critical access),0
161372,2023,Small rural (critical access),0
161372,2024,Small rural (critical access),0
161373,2019,Small rural (critical access),0
161373,2020,Small rural (critical access),0
161373,2021,Small rural (critical access),0
161373,2022,Small rural (critical access),0
161373,2023,Small rural (critical access),1
161373,2024,Small rural (critical access),0
161374,2019,Small rural (critical access),0
161374,2020,Small rural (critical access),0
161374,2021,Small rural (critical access),0
161374,2022,Small rural (critical access),0
161374,2023,Small rural (critical access),0
161374,2024,Small rural (critical access),0
161375,2019,Small rural (critical access),0
161375,2020,Small rural (critical access),0
161375,2021,Small rural (critical access),0
161375,2022,Small rural (critical access),0
161375,2023,Small rural (critical access),0
161375,2024,Small rural (critical access),0
161376,2019,Small rural (critical access),0
161376,2020,Small rural (critical access),0
161376,2021,Small rural (critical access),0
161376,2022,Small rural (critical access),0
161376,2023,Small rural (critical access),0
161376,2024,Small rural (critical access),0
161377,2019,Small rural (critical access),0
161377,2020,Small rural (critical access),0
161377,2021,Small rural (critical access),0
161377,2022,Small rural (critical access),0
161377,2023,Small rural (critical access),0
161377,2024,Small rural (critical access),0
161378,2019,Small rural (critical access),0
161378,2020,Small rural (critical access),0
161378,2021,Small rural (critical access),0
161378,2022,Small rural (critical access),0
161378,2023,Small rural (critical access),0
161378,2024,Small rural (critical access),0
161379,2019,Small rural (critical access),0
161379,2020,Small rural (critical access),0
161379,2021,Small rural (critical access),0
161379,2022,Small rural (critical access),0
161379,2023,Small rural (critical access),0
161379,2024,Small rural (critical access),0
161380,2019,Small rural (critical access),0
161380,2020,Small rural (critical access),0
161380,2021,Small rural (critical access),0
161380,2022,Small rural (critical access),0
161380,2023,Small rural (critical access),0
161380,2024,Small rural (critical access),0
161381,2019,Small rural (critical access),0
161381,2020,Small rural (critical access),0
161381,2021,Small rural (critical access),0
161381,2022,Small rural (critical access),0
161381,2023,Small rural (critical access),0
161381,2024,Small rural (critical access),0
170006,2019,General hospital,0
170006,2020,General hospital,0
170006,2021,General hospital,1
170006,2022,General hospital,0
170006,2023,General hospital,0
170006,2024,General hospital,0
170009,2019,General hospital,0
170009,2020,General hospital,0
170009,2021,General hospital,0
170009,2022,General hospital,0
170009,2023,General hospital,0
170009,2024,General hospital,0
170012,2019,General hospital,0
170012,2020,General hospital,0
170012,2021,General hospital,0
170012,2022,General hospital,0
170012,2023,General hospital,0
170012,2024,General hospital,0
170013,2019,General hospital,0
170013,2020,General hospital,0
170013,2021,General hospital,0
170013,2022,General hospital,0
170013,2023,General hospital,0
170013,2024,General hospital,0
170014,2019,General hospital,0
170014,2020,General hospital,0
170014,2021,General hospital,0
170014,2022,General hospital,0
170014,2023,General hospital,0
170014,2024,General hospital,0
170016,2019,General hospital,0
170016,2020,General hospital,0
170016,2021,General hospital,0
170016,2022,General hospital,0
170016,2023,General hospital,0
170016,2024,General hospital,0
170017,2019,General hospital,0
170017,2020,General hospital,0
170017,2021,General hospital,0
170017,2022,General hospital,0
170017,2023,General hospital,1
170017,2024,General hospital,1
170020,2019,General hospital,0
170020,2020,General hospital,0
170020,2021,General hospital,0
170020,2022,General hospital,0
170020,2023,General hospital,0
170020,2024,General hospital,0
170023,2019,General hospital,0
170023,2020,General hospital,0
170023,2021,General hospital,0
170023,2022,General hospital,0
170023,2023,General hospital,0
170023,2024,General hospital,0
170027,2019,General hospital,1
170027,2020,General hospital,0
170027,2021,General hospital,0
170027,2022,General hospital,0
170027,2023,General hospital,0
170027,2024,General hospital,0
170039,2019,General hospital,1
170039,2020,General hospital,1
170040,2019,General hospital,0
170040,2020,General hospital,0
170040,2021,General hospital,0
170040,2022,General hospital,0
170040,2023,General hospital,0
170040,2024,General hospital,0
170049,2019,General hospital,0
170049,2020,General hospital,0
170049,2021,General hospital,0
170049,2022,General hospital,0
170049,2023,General hospital,0
170049,2024,General hospital,0
170058,2019,General hospital,0
170068,2019,General hospital,0
170068,2020,General hospital,0
170068,2021,General hospital,0
170068,2022,General hospital,0
170068,2023,General hospital,0
170068,2024,General hospital,0
170074,2019,General hospital,1
170074,2020,General hospital,1
170074,2021,General hospital,0
170074,2022,General hospital,0
170074,2023,General hospital,1
170074,2024,General hospital,0
170075,2019,General hospital,1
170075,2020,General hospital,1
170075,2021,General hospital,0
170075,2022,General hospital,0
170075,2023,General hospital,0
170086,2019,General hospital,0
170086,2020,General hospital,0
170086,2021,General hospital,0
170086,2022,General hospital,0
170086,2023,General hospital,0
170086,2024,General hospital,0
170103,2019,General hospital,0
170103,2020,General hospital,0
170103,2021,General hospital,0
170103,2022,General hospital,0
170103,2023,General hospital,0
170103,2024,General hospital,0
170104,2019,General hospital,0
170104,2020,General hospital,0
170104,2021,General hospital,0
170104,2022,General hospital,0
170104,2023,General hospital,0
170104,2024,General hospital,0
170105,2019,General hospital,1
170105,2020,General hospital,1
170105,2021,General hospital,0
170105,2022,General hospital,0
170105,2023,General hospital,0
170105,2024,General hospital,0
170109,2019,General hospital,0
170109,2020,General hospital,0
170109,2021,General hospital,0
170109,2022,General hospital,0
170109,2023,General hospital,0
170109,2024,General hospital,0
170110,2019,General hospital,0
170110,2020,General hospital,0
170110,2021,General hospital,0
170110,2022,General hospital,0
170110,2023,General hospital,0
170110,2024,General hospital,0
170120,2019,General hospital,0
170120,2020,General hospital,0
170120,2021,General hospital,0
170120,2022,General hospital,0
170120,2023,General hospital,0
170120,2024,General hospital,0
170122,2019,General hospital,0
170122,2020,General hospital,0
170122,2021,General hospital,0
170122,2022,General hospital,0
170122,2023,General hospital,0
170122,2024,General hospital,0
170123,2019,General hospital,0
170123,2020,General hospital,0
170123,2021,General hospital,0
170123,2022,General hospital,0
170123,2023,General hospital,0
170123,2024,General hospital,0
170133,2019,General hospital,0
170133,2020,General hospital,0
170137,2019,General hospital,0
170137,2020,General hospital,0
170137,2021,General hospital,0
170137,2022,General hospital,0
170137,2023,General hospital,0
170137,2024,General hospital,0
170142,2019,General hospital,0
170142,2020,General hospital,0
170142,2021,General hospital,0
170142,2022,General hospital,0
170142,2023,General hospital,0
170142,2024,General hospital,0
170145,2019,General hospital,0
170145,2020,General hospital,0
170145,2021,General hospital,0
170145,2022,General hospital,0
170145,2023,General hospital,0
170146,2019,General hospital,0
170146,2020,General hospital,0
170146,2021,General hospital,0
170146,2022,General hospital,0
170146,2023,General hospital,0
170146,2024,General hospital,0
170150,2019,General hospital,0
170150,2020,General hospital,0
170150,2021,General hospital,1
170150,2022,General hospital,1
170150,2023,General hospital,0
170166,2019,General hospital,1
170166,2020,General hospital,1
170166,2021,General hospital,1
170166,2022,General hospital,1
170166,2023,General hospital,1
170175,2019,General hospital,0
170175,2020,General hospital,0
170175,2021,General hospital,0
170175,2022,General hospital,0
170175,2023,General hospital,0
170175,2024,General hospital,0
170176,2019,General hospital,0
170176,2020,General hospital,0
170176,2021,General hospital,0
170176,2022,General hospital,0
170176,2023,General hospital,0
170176,2024,General hospital,0
170182,2019,General hospital,0
170182,2020,General hospital,0
170182,2021,General hospital,0
170182,2022,General hospital,0
170182,2023,General hospital,0
170182,2024,General hospital,0
170183,2019,General hospital,1
170183,2020,General hospital,0
170183,2021,General hospital,0
170183,2022,General hospital,0
170183,2023,General hospital,0
170183,2024,General hospital,0
170185,2019,General hospital,0
170185,2020,General hospital,0
170185,2021,General hospital,0
170185,2022,General hospital,0
170185,2023,General hospital,0
170185,2024,General hospital,0
170186,2019,General hospital,0
170186,2020,General hospital,0
170186,2021,General hospital,0
170186,2022,General hospital,0
170186,2023,General hospital,0
170186,2024,General hospital,0
170187,2019,General hospital,0
170187,2020,General hospital,0
170187,2021,General hospital,0
170187,2022,General hospital,0
170187,2023,General hospital,0
170187,2024,General hospital,0
170188,2019,General hospital,0
170188,2020,General hospital,0
170188,2021,General hospital,0
170188,2022,General hospital,0
170188,2023,General hospital,0
170188,2024,General hospital,0
170190,2019,General hospital,0
170190,2020,General hospital,0
170190,2021,General hospital,0
170190,2022,General hospital,0
170190,2023,General hospital,0
170190,2024,General hospital,0
170191,2019,General hospital,1
170191,2020,General hospital,1
170191,2021,General hospital,0
170191,2022,General hospital,0
170191,2023,General hospital,0
170191,2024,General hospital,0
170194,2019,General hospital,0
170194,2020,General hospital,0
170194,2021,General hospital,0
170194,2022,General hospital,0
170194,2023,General hospital,0
170194,2024,General hospital,0
170196,2019,General hospital,0
170196,2020,General hospital,0
170196,2021,General hospital,0
170196,2022,General hospital,0
170196,2023,General hospital,0
170196,2024,General hospital,0
170197,2019,General hospital,1
170197,2020,General hospital,1
170197,2021,General hospital,0
170197,2022,General hospital,0
170197,2023,General hospital,0
170197,2024,General hospital,0
170198,2019,General hospital,1
170198,2020,General hospital,0
170198,2021,General hospital,1
170198,2022,General hospital,0
170198,2023,General hospital,0
170198,2024,General hospital,0
170199,2019,General hospital,1
170199,2020,General hospital,1
170199,2021,General hospital,1
170199,2022,General hospital,1
170199,2023,General hospital,1
170199,2024,General hospital,1
170200,2019,General hospital,0
170200,2020,General hospital,0
170200,2021,General hospital,0
170200,2022,General hospital,0
170200,2023,General hospital,0
170200,2024,General hospital,0
170201,2019,General hospital,1
170201,2020,General hospital,1
170203,2019,General hospital,0
170203,2020,General hospital,0
170203,2021,General hospital,1
170203,2022,General hospital,0
170203,2023,General hospital,0
170203,2024,General hospital,0
170204,2020,General hospital,1
170204,2021,General hospital,1
170204,2022,General hospital,1
170204,2023,General hospital,1
170204,2024,General hospital,0
171300,2019,Small rural (critical access),1
171300,2020,Small rural (critical access),1
171300,2021,Small rural (critical access),0
171300,2022,Small rural (critical access),0
171300,2023,Small rural (critical access),0
171300,2024,Small rural (critical access),0
171301,2019,Small rural (critical access),0
171301,2020,Small rural (critical access),0
171301,2021,Small rural (critical access),0
171301,2022,Small rural (critical access),0
171301,2023,Small rural (critical access),0
171301,2024,Small rural (critical access),0
171302,2019,Small rural (critical access),1
171302,2020,Small rural (critical access),1
171303,2019,Small rural (critical access),0
171303,2020,Small rural (critical access),0
171303,2021,Small rural (critical access),0
171303,2022,Small rural (critical access),0
171303,2023,Small rural (critical access),0
171303,2024,Small rural (critical access),0
171304,2019,Small rural (critical access),1
171304,2020,Small rural (critical access),0
171304,2021,Small rural (critical access),0
171304,2022,Small rural (critical access),0
171304,2023,Small rural (critical access),0
171304,2024,Small rural (critical access),0
171306,2019,Small rural (critical access),0
171306,2020,Small rural (critical access),0
171306,2021,Small rural (critical access),0
171306,2022,Small rural (critical access),0
171306,2023,Small rural (critical access),0
171306,2024,Small rural (critical access),0
171307,2019,Small rural (critical access),0
171307,2020,Small rural (critical access),0
171307,2021,Small rural (critical access),1
171307,2022,Small rural (critical access),0
171307,2023,Small rural (critical access),0
171307,2024,Small rural (critical access),1
171308,2019,Small rural (critical access),0
171308,2020,Small rural (critical access),0
171308,2021,Small rural (critical access),0
171308,2022,Small rural (critical access),0
171308,2023,Small rural (critical access),0
171308,2024,Small rural (critical access),0
171309,2019,Small rural (critical access),1
171309,2020,Small rural (critical access),1
171309,2021,Small rural (critical access),0
171309,2022,Small rural (critical access),0
171309,2023,Small rural (critical access),0
171309,2024,Small rural (critical access),0
171310,2019,Small rural (critical access),0
171310,2020,Small rural (critical access),0
171310,2021,Small rural (critical access),0
171310,2022,Small rural (critical access),0
171310,2023,Small rural (critical access),0
171310,2024,Small rural (critical access),0
171311,2019,Small rural (critical access),1
171311,2020,Small rural (critical access),1
171311,2021,Small rural (critical access),1
171311,2022,Small rural (critical access),1
171311,2023,Small rural (critical access),1
171311,2024,Small rural (critical access),1
171312,2019,Small rural (critical access),0
171312,2020,Small rural (critical access),0
171312,2021,Small rural (critical access),0
171312,2022,Small rural (critical access),0
171312,2023,Small rural (critical access),0
171312,2024,Small rural (critical access),0
171313,2019,Small rural (critical access),0
171313,2020,Small rural (critical access),0
171313,2021,Small rural (critical access),1
171313,2022,Small rural (critical access),0
171313,2023,Small rural (critical access),0
171313,2024,Small rural (critical access),0
171314,2019,Small rural (critical access),0
171314,2020,Small rural (critical access),0
171314,2021,Small rural (critical access),0
171314,2022,Small rural (critical access),0
171314,2023,Small rural (critical access),0
171314,2024,Small rural (critical access),1
171315,2019,Small rural (critical access),0
171315,2020,Small rural (critical access),0
171315,2021,Small rural (critical access),0
171315,2022,Small rural (critical access),0
171315,2023,Small rural (critical access),0
171315,2024,Small rural (critical access),0
171316,2019,Small rural (critical access),0
171316,2020,Small rural (critical access),0
171316,2021,Small rural (critical access),0
171316,2022,Small rural (critical access),0
171316,2023,Small rural (critical access),0
171316,2024,Small rural (critical access),0
171317,2019,Small rural (critical access),1
171317,2020,Small rural (critical access),1
171317,2021,Small rural (critical access),1
171317,2022,Small rural (critical access),1
171317,2023,Small rural (critical access),0
171317,2024,Small rural (critical access),1
171318,2019,Small rural (critical access),0
171318,2020,Small rural (critical access),0
171318,2021,Small rural (critical access),0
171318,2022,Small rural (critical access),0
171318,2023,Small rural (critical access),0
171318,2024,Small rural (critical access),1
171319,2019,Small rural (critical access),0
171319,2020,Small rural (critical access),0
171319,2021,Small rural (critical access),0
171319,2022,Small rural (critical access),0
171319,2023,Small rural (critical access),0
171319,2024,Small rural (critical access),0
171321,2019,Small rural (critical access),1
171321,2020,Small rural (critical access),1
171321,2021,Small rural (critical access),1
171321,2022,Small rural (critical access),1
171321,2023,Small rural (critical access),1
171321,2024,Small rural (critical access),1
171322,2019,Small rural (critical access),1
171322,2020,Small rural (critical access),1
171322,2021,Small rural (critical access),0
171322,2022,Small rural (critical access),1
171322,2023,Small rural (critical access),1
171322,2024,Small rural (critical access),1
171323,2019,Small rural (critical access),1
171323,2020,Small rural (critical access),1
171323,2021,Small rural (critical access),0
171323,2022,Small rural (critical access),0
171323,2023,Small rural (critical access),0
171323,2024,Small rural (critical access),0
171324,2019,Small rural (critical access),0
171324,2020,Small rural (critical access),0
171324,2021,Small rural (critical access),0
171324,2022,Small rural (critical access),0
171324,2023,Small rural (critical access),0
171324,2024,Small rural (critical access),0
171325,2019,Small rural (critical access),0
171325,2020,Small rural (critical access),0
171325,2021,Small rural (critical access),0
171325,2022,Small rural (critical access),0
171325,2023,Small rural (critical access),0
171325,2024,Small rural (critical access),0
171326,2019,Small rural (critical access),1
171326,2020,Small rural (critical access),1
171326,2021,Small rural (critical access),0
171326,2022,Small rural (critical access),0
171326,2023,Small rural (critical access),1
171326,2024,Small rural (critical access),1
171327,2019,Small rural (critical access),0
171327,2020,Small rural (critical access),0
171327,2021,Small rural (critical access),0
171327,2022,Small rural (critical access),0
171327,2023,Small rural (critical access),0
171327,2024,Small rural (critical access),0
171328,2019,Small rural (critical access),0
171328,2020,Small rural (critical access),0
171328,2021,Small rural (critical access),0
171328,2022,Small rural (critical access),0
171328,2023,Small rural (critical access),0
171328,2024,Small rural (critical access),0
171329,2019,Small rural (critical access),1
171329,2020,Small rural (critical access),1
171329,2021,Small rural (critical access),0
171329,2022,Small rural (critical access),1
171329,2023,Small rural (critical access),1
171329,2024,Small rural (critical access),1
171330,2019,Small rural (critical access),0
171330,2020,Small rural (critical access),0
171330,2021,Small rural (critical access),1
171330,2022,Small rural (critical access),1
171330,2023,Small rural (critical access),1
171330,2024,Small rural (critical access),0
171331,2019,Small rural (critical access),0
171331,2020,Small rural (critical access),0
171331,2021,Small rural (critical access),0
171331,2022,Small rural (critical access),0
171331,2023,Small rural (critical access),0
171331,2024,Small rural (critical access),0
171332,2019,Small rural (critical access),0
171332,2020,Small rural (critical access),0
171332,2021,Small rural (critical access),0
171332,2022,Small rural (critical access),0
171332,2023,Small rural (critical access),0
171332,2024,Small rural (critical access),0
171333,2019,Small rural (critical access),0
171333,2020,Small rural (critical access),0
171333,2021,Small rural (critical access),0
171333,2022,Small rural (critical access),0
171333,2023,Small rural (critical access),0
171333,2024,Small rural (critical access),0
171334,2019,Small rural (critical access),0
171334,2020,Small rural (critical access),0
171334,2021,Small rural (critical access),0
171334,2022,Small rural (critical access),0
171334,2023,Small rural (critical access),0
171334,2024,Small rural (critical access),0
171335,2019,Small rural (critical access),1
171335,2020,Small rural (critical access),1
171335,2021,Small rural (critical access),1
171335,2022,Small rural (critical access),1
171335,2023,Small rural (critical access),1
171335,2024,Small rural (critical access),1
171336,2019,Small rural (critical access),0
171336,2020,Small rural (critical access),0
171336,2021,Small rural (critical access),0
171336,2022,Small rural (critical access),0
171336,2023,Small rural (critical access),1
171336,2024,Small rural (critical access),1
171337,2019,Small rural (critical access),0
171337,2020,Small rural (critical access),0
171337,2021,Small rural (critical access),0
171337,2022,Small rural (critical access),0
171337,2023,Small rural (critical access),0
171337,2024,Small rural (critical access),0
171338,2019,Small rural (critical access),0
171338,2020,Small rural (critical access),0
171338,2021,Small rural (critical access),0
171338,2022,Small rural (critical access),0
171338,2023,Small rural (critical access),0
171338,2024,Small rural (critical access),0
171339,2019,Small rural (critical access),0
171339,2020,Small rural (critical access),0
171339,2021,Small rural (critical access),0
171339,2022,Small rural (critical access),0
171339,2023,Small rural (critical access),0
171339,2024,Small rural (critical access),0
171340,2019,Small rural (critical access),1
171340,2020,Small rural (critical access),1
171340,2021,Small rural (critical access),1
171340,2022,Small rural (critical access),1
171340,2023,Small rural (critical access),0
171340,2024,Small rural (critical access),1
171341,2019,Small rural (critical access),0
171341,2020,Small rural (critical access),0
171341,2021,Small rural (critical access),0
171341,2022,Small rural (critical access),0
171341,2023,Small rural (critical access),0
171341,2024,Small rural (critical access),0
171342,2019,Small rural (critical access),1
171342,2020,Small rural (critical access),1
171342,2021,Small rural (critical access),1
171342,2022,Small rural (critical access),0
171342,2023,Small rural (critical access),1
171342,2024,Small rural (critical access),0
171343,2019,Small rural (critical access),1
171343,2020,Small rural (critical access),1
171343,2021,Small rural (critical access),1
171343,2022,Small rural (critical access),1
171343,2023,Small rural (critical access),1
171343,2024,Small rural (critical access),1
171344,2019,Small rural (critical access),0
171344,2020,Small rural (critical access),0
171344,2021,Small rural (critical access),0
171344,2022,Small rural (critical access),0
171344,2023,Small rural (critical access),0
171344,2024,Small rural (critical access),0
171345,2019,Small rural (critical access),0
171345,2020,Small rural (critical access),0
171345,2021,Small rural (critical access),1
171345,2022,Small rural (critical access),0
171345,2023,Small rural (critical access),0
171345,2024,Small rural (critical access),0
171346,2019,Small rural (critical access),0
171346,2020,Small rural (critical access),0
171346,2021,Small rural (critical access),0
171346,2022,Small rural (critical access),0
171346,2023,Small rural (critical access),0
171346,2024,Small rural (critical access),1
171347,2019,Small rural (critical access),0
171347,2020,Small rural (critical access),0
171347,2021,Small rural (critical access),0
171347,2022,Small rural (critical access),0
171347,2023,Small rural (critical access),0
171347,2024,Small rural (critical access),1
171348,2019,Small rural (critical access),0
171348,2020,Small rural (critical access),0
171348,2021,Small rural (critical access),0
171348,2022,Small rural (critical access),1
171348,2023,Small rural (critical access),0
171348,2024,Small rural (critical access),0
171349,2019,Small rural (critical access),0
171349,2020,Small rural (critical access),0
171349,2021,Small rural (critical access),0
171349,2022,Small rural (critical access),1
171349,2023,Small rural (critical access),0
171349,2024,Small rural (critical access),0
171350,2019,Small rural (critical access),0
171350,2020,Small rural (critical access),0
171350,2021,Small rural (critical access),0
171350,2022,Small rural (critical access),1
171350,2023,Small rural (critical access),0
171350,2024,Small rural (critical access),1
171351,2019,Small rural (critical access),1
171351,2020,Small rural (critical access),1
171351,2021,Small rural (critical access),1
171351,2022,Small rural (critical access),1
171351,2023,Small rural (critical access),1
171351,2024,Small rural (critical access),1
171352,2019,Small rural (critical access),0
171352,2020,Small rural (critical access),0
171352,2021,Small rural (critical access),1
171352,2022,Small rural (critical access),0
171352,2023,Small rural (critical access),0
171352,2024,Small rural (critical access),0
171353,2019,Small rural (critical access),0
171353,2020,Small rural (critical access),0
171353,2021,Small rural (critical access),0
171353,2022,Small rural (critical access),0
171353,2023,Small rural (critical access),0
171353,2024,Small rural (critical access),0
171354,2019,Small rural (critical access),0
171354,2020,Small rural (critical access),0
171354,2021,Small rural (critical access),0
171354,2022,Small rural (critical access),0
171354,2023,Small rural (critical access),0
171354,2024,Small rural (critical access),0
171355,2019,Small rural (critical access),0
171355,2020,Small rural (critical access),0
171355,2021,Small rural (critical access),0
171355,2022,Small rural (critical access),0
171355,2023,Small rural (critical access),0
171355,2024,Small rural (critical access),0
171356,2019,Small rural (critical access),0
171356,2020,Small rural (critical access),0
171356,2021,Small rural (critical access),0
171356,2022,Small rural (critical access),0
171356,2023,Small rural (critical access),1
171356,2024,Small rural (critical access),0
171357,2019,Small rural (critical access),1
171357,2020,Small rural (critical access),1
171357,2021,Small rural (critical access),1
171357,2022,Small rural (critical access),0
171357,2023,Small rural (critical access),0
171357,2024,Small rural (critical access),0
171358,2019,Small rural (critical access),0
171358,2020,Small rural (critical access),0
171358,2021,Small rural (critical access),0
171358,2022,Small rural (critical access),0
171358,2023,Small rural (critical access),0
171358,2024,Small rural (critical access),0
171359,2019,Small rural (critical access),0
171359,2020,Small rural (critical access),0
171359,2021,Small rural (critical access),0
171359,2022,Small rural (critical access),1
171359,2023,Small rural (critical access),1
171359,2024,Small rural (critical access),1
171360,2019,Small rural (critical access),0
171360,2020,Small rural (critical access),0
171360,2021,Small rural (critical access),1
171360,2022,Small rural (critical access),1
171360,2023,Small rural (critical access),1
171360,2024,Small rural (critical access),1
171361,2019,Small rural (critical access),0
171361,2020,Small rural (critical access),0
171361,2021,Small rural (critical access),0
171361,2022,Small rural (critical access),0
171361,2023,Small rural (critical access),0
171361,2024,Small rural (critical access),0
171362,2019,Small rural (critical access),1
171362,2020,Small rural (critical access),0
171362,2021,Small rural (critical access),0
171362,2022,Small rural (critical access),0
171362,2023,Small rural (critical access),0
171362,2024,Small rural (critical access),0
171363,2019,Small rural (critical access),0
171363,2020,Small rural (critical access),0
171363,2021,Small rural (critical access),0
171363,2022,Small rural (critical access),0
171363,2023,Small rural (critical access),0
171363,2024,Small rural (critical access),0
171364,2019,Small rural (critical access),0
171364,2020,Small rural (critical access),0
171364,2021,Small rural (critical access),0
171364,2022,Small rural (critical access),0
171364,2023,Small rural (critical access),0
171364,2024,Small rural (critical access),0
171365,2019,Small rural (critical access),0
171365,2020,Small rural (critical access),0
171365,2021,Small rural (critical access),1
171365,2022,Small rural (critical access),1
171365,2023,Small rural (critical access),1
171365,2024,Small rural (critical access),0
171367,2019,Small rural (critical access),0
171367,2020,Small rural (critical access),0
171367,2021,Small rural (critical access),0
171367,2022,Small rural (critical access),0
171367,2023,Small rural (critical access),0
171367,2024,Small rural (critical access),0
171368,2019,Small rural (critical access),0
171368,2020,Small rural (critical access),0
171368,2021,Small rural (critical access),0
171368,2022,Small rural (critical access),0
171368,2023,Small rural (critical access),0
171368,2024,Small rural (critical access),0
171369,2019,Small rural (critical access),0
171369,2020,Small rural (critical access),0
171369,2021,Small rural (critical access),0
171369,2022,Small rural (critical access),0
171369,2023,Small rural (critical access),1
171369,2024,Small rural (critical access),0
171370,2019,Small rural (critical access),1
171370,2020,Small rural (critical access),1
171370,2021,Small rural (critical access),0
171370,2022,Small rural (critical access),0
171370,2023,Small rural (critical access),0
171370,2024,Small rural (critical access),1
171371,2019,Small rural (critical access),0
171371,2020,Small rural (critical access),0
171371,2021,Small rural (critical access),1
171371,2022,Small rural (critical access),1
171371,2023,Small rural (critical access),0
171371,2024,Small rural (critical access),0
171372,2019,Small rural (critical access),0
171372,2020,Small rural (critical access),0
171372,2021,Small rural (critical access),0
171372,2022,Small rural (critical access),0
171372,2023,Small rural (critical access),0
171372,2024,Small rural (critical access),0
171373,2019,Small rural (critical access),0
171373,2020,Small rural (critical access),0
171373,2021,Small rural (critical access),0
171373,2022,Small rural (critical access),0
171373,2023,Small rural (critical access),0
171373,2024,Small rural (critical access),0
171374,2019,Small rural (critical access),0
171374,2020,Small rural (critical access),0
171374,2021,Small rural (critical access),0
171374,2022,Small rural (critical access),0
171374,2023,Small rural (critical access),0
171374,2024,Small rural (critical access),0
171375,2019,Small rural (critical access),0
171375,2020,Small rural (critical access),0
171375,2021,Small rural (critical access),0
171375,2022,Small rural (critical access),0
171375,2023,Small rural (critical access),0
171375,2024,Small rural (critical access),0
171376,2019,Small rural (critical access),0
171376,2020,Small rural (critical access),0
171376,2021,Small rural (critical access),1
171376,2022,Small rural (critical access),1
171376,2023,Small rural (critical access),1
171376,2024,Small rural (critical access),0
171377,2019,Small rural (critical access),0
171377,2020,Small rural (critical access),0
171377,2021,Small rural (critical access),0
171377,2022,Small rural (critical access),0
171377,2023,Small rural (critical access),0
171377,2024,Small rural (critical access),0
171378,2019,Small rural (critical access),1
171378,2020,Small rural (critical access),1
171378,2021,Small rural (critical access),0
171378,2022,Small rural (critical access),0
171378,2023,Small rural (critical access),0
171378,2024,Small rural (critical access),0
171379,2019,Small rural (critical access),0
171379,2020,Small rural (critical access),0
171379,2021,Small rural (critical access),0
171379,2022,Small rural (critical access),0
171379,2023,Small rural (critical access),1
171379,2024,Small rural (critical access),0
171380,2019,Small rural (critical access),0
171380,2020,Small rural (critical access),0
171380,2021,Small rural (critical access),0
171380,2022,Small rural (critical access),0
171380,2023,Small rural (critical access),0
171380,2024,Small rural (critical access),0
171381,2019,Small rural (critical access),0
171381,2020,Small rural (critical access),0
171381,2021,Small rural (critical access),0
171381,2022,Small rural (critical access),0
171381,2023,Small rural (critical access),0
171381,2024,Small rural (critical access),0
171382,2019,Small rural (critical access),0
171382,2020,Small rural (critical access),0
171382,2021,Small rural (critical access),0
171382,2022,Small rural (critical access),0
171382,2023,Small rural (critical access),0
171382,2024,Small rural (critical access),0
171383,2019,Small rural (critical access),0
171383,2020,Small rural (critical access),0
171383,2021,Small rural (critical access),0
171383,2022,Small rural (critical access),1
171383,2023,Small rural (critical access),0
171383,2024,Small rural (critical access),0
171384,2019,Small rural (critical access),0
171384,2020,Small rural (critical access),0
171384,2021,Small rural (critical access),0
171384,2022,Small rural (critical access),0
171384,2023,Small rural (critical access),0
171384,2024,Small rural (critical access),0
171385,2020,Small rural (critical access),0
171385,2021,Small rural (critical access),1
171385,2022,Small rural (critical access),1
171385,2023,Small rural (critical access),1
171385,2024,Small rural (critical access),0
180001,2019,General hospital,0
180001,2020,General hospital,0
180001,2021,General hospital,0
180001,2022,General hospital,0
180001,2023,General hospital,0
180001,2024,General hospital,0
180002,2019,General hospital,1
180002,2020,General hospital,1
180002,2021,General hospital,1
180002,2022,General hospital,0
180002,2023,General hospital,0
180002,2024,General hospital,0
180004,2019,General hospital,0
180004,2020,General hospital,0
180004,2021,General hospital,0
180004,2022,General hospital,0
180004,2023,General hospital,0
180004,2024,General hospital,0
180005,2019,General hospital,0
180005,2020,General hospital,0
180005,2021,General hospital,1
180005,2022,General hospital,0
180005,2023,General hospital,0
180005,2024,General hospital,0
180009,2019,General hospital,0
180009,2020,General hospital,0
180009,2021,General hospital,0
180009,2022,General hospital,0
180009,2023,General hospital,0
180009,2024,General hospital,0
180010,2019,General hospital,0
180010,2020,General hospital,0
180010,2021,General hospital,0
180010,2022,General hospital,0
180010,2023,General hospital,1
180010,2024,General hospital,0
180011,2019,General hospital,1
180011,2020,General hospital,1
180011,2021,General hospital,1
180011,2022,General hospital,0
180011,2023,General hospital,0
180011,2024,General hospital,0
180012,2019,General hospital,0
180012,2020,General hospital,0
180012,2021,General hospital,0
180012,2022,General hospital,0
180012,2023,General hospital,0
180012,2024,General hospital,0
180013,2019,General hospital,0
180013,2020,General hospital,0
180013,2021,General hospital,0
180013,2022,General hospital,0
180013,2023,General hospital,0
180013,2024,General hospital,0
180016,2019,General hospital,0
180016,2020,General hospital,0
180016,2021,General hospital,0
180016,2022,General hospital,0
180016,2023,General hospital,0
180016,2024,General hospital,0
180017,2019,General hospital,0
180017,2020,General hospital,0
180017,2021,General hospital,0
180017,2022,General hospital,0
180017,2023,General hospital,1
180017,2024,General hospital,0
180018,2019,General hospital,0
180018,2020,General hospital,0
180018,2021,General hospital,0
180018,2022,General hospital,0
180018,2023,General hospital,0
180018,2024,General hospital,0
180019,2019,General hospital,0
180019,2020,General hospital,0
180019,2021,General hospital,0
180019,2022,General hospital,0
180019,2023,General hospital,0
180019,2024,General hospital,0
180020,2019,General hospital,1
180020,2020,General hospital,1
180020,2021,General hospital,1
180020,2022,General hospital,0
180020,2023,General hospital,0
180020,2024,General hospital,0
180021,2019,General hospital,1
180021,2020,General hospital,1
180024,2019,General hospital,0
180024,2020,General hospital,0
180024,2021,General hospital,0
180024,2022,General hospital,0
180024,2023,General hospital,0
180024,2024,General hospital,0
180025,2019,General hospital,1
180025,2020,General hospital,1
180025,2021,General hospital,1
180025,2022,General hospital,0
180025,2023,General hospital,0
180025,2024,General hospital,0
180027,2019,General hospital,0
180027,2020,General hospital,0
180027,2021,General hospital,0
180027,2022,General hospital,0
180027,2023,General hospital,0
180027,2024,General hospital,0
180029,2019,General hospital,1
180029,2020,General hospital,1
180029,2021,General hospital,1
180029,2022,General hospital,0
180029,2023,General hospital,0
180029,2024,General hospital,0
180035,2019,General hospital,0
180035,2020,General hospital,0
180035,2021,General hospital,0
180035,2022,General hospital,0
180035,2023,General hospital,0
180035,2024,General hospital,0
180036,2019,General hospital,0
180036,2020,General hospital,0
180036,2021,General hospital,1
180038,2019,General hospital,0
180038,2020,General hospital,0
180038,2021,General hospital,0
180038,2022,General hospital,0
180038,2023,General hospital,0
180038,2024,General hospital,0
180040,2019,General hospital,1
180040,2020,General hospital,1
180040,2021,General hospital,1
180040,2022,General hospital,0
180040,2023,General hospital,0
180040,2024,General hospital,0
180043,2019,General hospital,0
180043,2020,General hospital,0
180043,2021,General hospital,0
180043,2022,General hospital,0
180043,2023,General hospital,0
180043,2024,General hospital,0
180044,2019,General hospital,0
180044,2020,General hospital,0
180044,2021,General hospital,0
180044,2022,General hospital,0
180044,2023,General hospital,0
180044,2024,General hospital,0
180045,2019,General hospital,0
180045,2020,General hospital,0
180045,2021,General hospital,0
180045,2022,General hospital,0
180045,2023,General hospital,0
180045,2024,General hospital,0
180046,2019,General hospital,0
180046,2020,General hospital,0
180046,2021,General hospital,0
180046,2022,General hospital,0
180046,2023,General hospital,0
180046,2024,General hospital,0
180048,2019,General hospital,0
180048,2020,General hospital,0
180048,2021,General hospital,1
180048,2022,General hospital,0
180048,2023,General hospital,0
180048,2024,General hospital,0
180049,2019,General hospital,1
180049,2020,General hospital,0
180049,2021,General hospital,0
180049,2022,General hospital,0
180049,2023,General hospital,0
180049,2024,General hospital,0
180050,2019,General hospital,1
180050,2020,General hospital,1
180050,2021,General hospital,1
180050,2022,General hospital,0
180050,2023,General hospital,0
180050,2024,General hospital,0
180051,2019,General hospital,0
180051,2020,General hospital,0
180051,2021,General hospital,0
180051,2022,General hospital,0
180051,2023,General hospital,1
180051,2024,General hospital,0
180053,2019,General hospital,0
180053,2020,General hospital,0
180056,2019,General hospital,1
180056,2020,General hospital,0
180056,2021,General hospital,0
180056,2022,General hospital,0
180056,2023,General hospital,0
180056,2024,General hospital,0
180064,2019,General hospital,1
180064,2020,General hospital,1
180064,2021,General hospital,1
180064,2022,General hospital,1
180064,2023,General hospital,1
180064,2024,General hospital,0
180066,2019,General hospital,0
180066,2020,General hospital,0
180066,2021,General hospital,0
180066,2022,General hospital,0
180066,2023,General hospital,0
180066,2024,General hospital,0
180067,2019,General hospital,0
180067,2020,General hospital,0
180067,2021,General hospital,0
180067,2022,General hospital,0
180067,2023,General hospital,0
180067,2024,General hospital,0
180069,2019,General hospital,1
180069,2020,General hospital,1
180069,2021,General hospital,1
180069,2022,General hospital,0
180069,2023,General hospital,0
180069,2024,General hospital,0
180070,2019,General hospital,1
180070,2020,General hospital,0
180070,2021,General hospital,0
180070,2022,General hospital,0
180070,2023,General hospital,0
180070,2024,General hospital,0
180078,2019,General hospital,0
180078,2020,General hospital,0
180078,2021,General hospital,1
180078,2022,General hospital,0
180078,2023,General hospital,0
180078,2024,General hospital,0
180079,2019,General hospital,0
180079,2020,General hospital,0
180079,2021,General hospital,0
180079,2022,General hospital,0
180079,2023,General hospital,0
180079,2024,General hospital,0
180080,2019,General hospital,1
180080,2020,General hospital,0
180080,2021,General hospital,0
180080,2022,General hospital,0
180080,2023,General hospital,0
180080,2024,General hospital,0
180087,2019,General hospital,1
180087,2020,General hospital,0
180087,2021,General hospital,0
180087,2022,General hospital,1
180087,2023,General hospital,0
180087,2024,General hospital,0
180088,2019,General hospital,0
180088,2020,General hospital,0
180088,2021,General hospital,0
180088,2022,General hospital,0
180088,2023,General hospital,0
180088,2024,General hospital,0
180092,2019,General hospital,0
180092,2020,General hospital,0
180092,2021,General hospital,0
180092,2022,General hospital,0
180092,2023,General hospital,0
180092,2024,General hospital,0
180093,2019,General hospital,1
180093,2020,General hospital,0
180093,2021,General hospital,0
180093,2022,General hospital,0
180093,2023,General hospital,0
180093,2024,General hospital,0
180095,2019,General hospital,1
180095,2020,General hospital,0
180095,2021,General hospital,0
180095,2022,General hospital,0
180095,2023,General hospital,0
180101,2019,General hospital,0
180101,2020,General hospital,0
180101,2021,General hospital,0
180101,2022,General hospital,0
180101,2023,General hospital,0
180101,2024,General hospital,0
180102,2019,General hospital,0
180102,2020,General hospital,0
180102,2021,General hospital,0
180102,2022,General hospital,0
180102,2023,General hospital,0
180102,2024,General hospital,0
180103,2019,General hospital,1
180103,2020,General hospital,0
180103,2021,General hospital,0
180103,2022,General hospital,0
180103,2023,General hospital,0
180103,2024,General hospital,0
180104,2019,General hospital,1
180104,2020,General hospital,0
180104,2021,General hospital,0
180104,2022,General hospital,0
180104,2023,General hospital,0
180104,2024,General hospital,0
180105,2019,General hospital,1
180105,2020,General hospital,0
180105,2021,General hospital,0
180105,2022,General hospital,0
180105,2023,General hospital,0
180105,2024,General hospital,0
180106,2019,General hospital,0
180106,2020,General hospital,0
180106,2021,General hospital,1
180106,2022,General hospital,1
180106,2023,General hospital,0
180115,2019,General hospital,1
180115,2020,General hospital,0
180115,2021,General hospital,0
180115,2022,General hospital,0
180115,2023,General hospital,0
180115,2024,General hospital,0
180116,2019,General hospital,0
180116,2020,General hospital,0
180116,2021,General hospital,0
180116,2022,General hospital,0
180116,2023,General hospital,0
180116,2024,General hospital,0
180124,2019,General hospital,0
180124,2020,General hospital,0
180124,2021,General hospital,0
180124,2022,General hospital,0
180124,2023,General hospital,0
180124,2024,General hospital,0
180127,2019,General hospital,0
180127,2020,General hospital,0
180127,2021,General hospital,0
180127,2022,General hospital,0
180127,2023,General hospital,0
180127,2024,General hospital,0
180128,2019,General hospital,0
180128,2020,General hospital,0
180128,2021,General hospital,0
180128,2022,General hospital,0
180128,2023,General hospital,0
180128,2024,General hospital,0
180130,2019,General hospital,1
180130,2020,General hospital,0
180130,2021,General hospital,0
180130,2022,General hospital,0
180130,2023,General hospital,0
180130,2024,General hospital,0
180132,2019,General hospital,0
180132,2020,General hospital,0
180132,2021,General hospital,0
180132,2022,General hospital,0
180132,2023,General hospital,0
180132,2024,General hospital,0
180138,2019,General hospital,1
180138,2020,General hospital,0
180138,2021,General hospital,0
180138,2022,General hospital,0
180138,2023,General hospital,0
180138,2024,General hospital,0
180139,2019,General hospital,0
180139,2020,General hospital,0
180139,2021,General hospital,0
180139,2022,General hospital,0
180139,2023,General hospital,0
180139,2024,General hospital,0
180141,2019,General hospital,0
180141,2020,General hospital,0
180141,2021,General hospital,0
180141,2022,General hospital,0
180141,2023,General hospital,0
180141,2024,General hospital,0
180143,2019,General hospital,0
180143,2020,General hospital,0
180143,2021,General hospital,0
180143,2022,General hospital,0
180143,2023,General hospital,1
180143,2024,General hospital,0
180149,2019,General hospital,0
180149,2020,General hospital,0
180149,2021,General hospital,0
180149,2022,General hospital,0
180149,2023,General hospital,1
180149,2024,General hospital,0
180154,2021,General hospital,1
180154,2022,General hospital,1
180154,2023,General hospital,1
180154,2024,General hospital,1
180155,2024,General hospital,1
180156,2024,General hospital,1
181301,2019,Small rural (critical access),0
181301,2020,Small rural (critical access),0
181301,2021,Small rural (critical access),0
181301,2022,Small rural (critical access),0
181301,2023,Small rural (critical access),0
181301,2024,Small rural (critical access),0
181302,2019,Small rural (critical access),1
181302,2020,Small rural (critical access),1
181302,2021,Small rural (critical access),1
181302,2022,Small rural (critical access),0
181302,2023,Small rural (critical access),0
181302,2024,Small rural (critical access),0
181304,2019,Small rural (critical access),1
181304,2020,Small rural (critical access),1
181304,2021,Small rural (critical access),0
181304,2022,Small rural (critical access),0
181304,2023,Small rural (critical access),1
181304,2024,Small rural (critical access),1
181305,2019,Small rural (critical access),1
181305,2020,Small rural (critical access),1
181305,2021,Small rural (critical access),1
181305,2022,Small rural (critical access),0
181305,2023,Small rural (critical access),0
181305,2024,Small rural (critical access),0
181306,2019,Small rural (critical access),1
181306,2020,Small rural (critical access),1
181306,2021,Small rural (critical access),0
181306,2022,Small rural (critical access),0
181306,2023,Small rural (critical access),1
181306,2024,Small rural (critical access),0
181307,2019,Small rural (critical access),1
181307,2020,Small rural (critical access),1
181307,2021,Small rural (critical access),1
181307,2022,Small rural (critical access),0
181307,2023,Small rural (critical access),0
181307,2024,Small rural (critical access),0
181308,2019,Small rural (critical access),0
181308,2020,Small rural (critical access),0
181308,2021,Small rural (critical access),0
181308,2022,Small rural (critical access),0
181308,2023,Small rural (critical access),0
181308,2024,Small rural (critical access),0
181309,2019,Small rural (critical access),0
181309,2020,Small rural (critical access),0
181309,2021,Small rural (critical access),1
181309,2022,Small rural (critical access),1
181309,2023,Small rural (critical access),0
181309,2024,Small rural (critical access),0
181310,2019,Small rural (critical access),0
181310,2020,Small rural (critical access),0
181310,2021,Small rural (critical access),0
181310,2022,Small rural (critical access),0
181310,2023,Small rural (critical access),0
181310,2024,Small rural (critical access),0
181311,2019,Small rural (critical access),0
181311,2020,Small rural (critical access),0
181311,2021,Small rural (critical access),0
181311,2022,Small rural (critical access),0
181311,2023,Small rural (critical access),0
181311,2024,Small rural (critical access),0
181314,2019,Small rural (critical access),0
181314,2020,Small rural (critical access),0
181314,2021,Small rural (critical access),0
181314,2022,Small rural (critical access),0
181314,2023,Small rural (critical access),0
181314,2024,Small rural (critical access),0
181315,2019,Small rural (critical access),1
181315,2020,Small rural (critical access),1
181315,2021,Small rural (critical access),1
181315,2022,Small rural (critical access),0
181315,2023,Small rural (critical access),0
181315,2024,Small rural (critical access),0
181316,2019,Small rural (critical access),1
181316,2020,Small rural (critical access),1
181316,2021,Small rural (critical access),1
181316,2022,Small rural (critical access),0
181316,2023,Small rural (critical access),0
181316,2024,Small rural (critical access),0
181317,2019,Small rural (critical access),1
181317,2020,Small rural (critical access),1
181317,2021,Small rural (critical access),0
181317,2022,Small rural (critical access),0
181317,2023,Small rural (critical access),1
181317,2024,Small rural (critical access),0
181318,2019,Small rural (critical access),0
181318,2020,Small rural (critical access),0
181318,2021,Small rural (critical access),0
181318,2022,Small rural (critical access),0
181318,2023,Small rural (critical access),0
181318,2024,Small rural (critical access),0
181319,2019,Small rural (critical access),1
181319,2020,Small rural (critical access),1
181319,2021,Small rural (critical access),1
181319,2022,Small rural (critical access),1
181319,2023,Small rural (critical access),0
181319,2024,Small rural (critical access),1
181320,2019,Small rural (critical access),0
181320,2020,Small rural (critical access),0
181320,2021,Small rural (critical access),0
181320,2022,Small rural (critical access),0
181320,2023,Small rural (critical access),0
181320,2024,Small rural (critical access),0
181321,2019,Small rural (critical access),0
181321,2020,Small rural (critical access),0
181321,2021,Small rural (critical access),0
181321,2022,Small rural (critical access),0
181321,2023,Small rural (critical access),0
181321,2024,Small rural (critical access),0
181322,2019,Small rural (critical access),0
181322,2020,Small rural (critical access),0
181322,2021,Small rural (critical access),0
181322,2022,Small rural (critical access),0
181322,2023,Small rural (critical access),0
181322,2024,Small rural (critical access),0
181323,2019,Small rural (critical access),0
181323,2020,Small rural (critical access),0
181323,2021,Small rural (critical access),1
181323,2022,Small rural (critical access),1
181323,2023,Small rural (critical access),1
181323,2024,Small rural (critical access),1
181324,2019,Small rural (critical access),0
181324,2020,Small rural (critical access),0
181324,2021,Small rural (critical access),0
181324,2022,Small rural (critical access),0
181324,2023,Small rural (critical access),0
181324,2024,Small rural (critical access),0
181325,2019,Small rural (critical access),0
181325,2020,Small rural (critical access),0
181325,2021,Small rural (critical access),1
181325,2022,Small rural (critical access),1
181325,2023,Small rural (critical access),0
181325,2024,Small rural (critical access),0
181327,2019,Small rural (critical access),0
181327,2020,Small rural (critical access),0
181327,2021,Small rural (critical access),0
181327,2022,Small rural (critical access),0
181327,2023,Small rural (critical access),0
181327,2024,Small rural (critical access),0
181328,2019,Small rural (critical access),1
181328,2020,Small rural (critical access),1
181328,2021,Small rural (critical access),1
181328,2022,Small rural (critical access),0
181328,2023,Small rural (critical access),0
181328,2024,Small rural (critical access),0
181329,2019,Small rural (critical access),1
181329,2020,Small rural (critical access),1
181329,2021,Small rural (critical access),1
181329,2022,Small rural (critical access),1
181329,2023,Small rural (critical access),1
181329,2024,Small rural (critical access),0
181330,2019,Small rural (critical access),0
181330,2020,Small rural (critical access),0
181330,2021,Small rural (critical access),0
181330,2022,Small rural (critical access),0
181330,2023,Small rural (critical access),0
181330,2024,Small rural (critical access),0
181331,2019,Small rural (critical access),1
181331,2020,Small rural (critical access),1
181331,2021,Small rural (critical access),1
181331,2022,Small rural (critical access),0
181331,2023,Small rural (critical access),0
181331,2024,Small rural (critical access),0
181332,2021,Small rural (critical access),0
181332,2022,Small rural (critical access),0
181332,2023,Small rural (critical access),0
181332,2024,Small rural (critical access),0
181333,2024,Small rural (critical access),1
190002,2019,General hospital,0
190002,2020,General hospital,0
190002,2021,General hospital,0
190002,2022,General hospital,0
190002,2023,General hospital,0
190002,2024,General hospital,0
190004,2019,General hospital,0
190004,2020,General hospital,0
190004,2021,General hospital,0
190004,2022,General hospital,0
190004,2023,General hospital,0
190004,2024,General hospital,0
190005,2019,General hospital,0
190005,2020,General hospital,0
190005,2021,General hospital,0
190005,2022,General hospital,0
190005,2023,General hospital,0
190005,2024,General hospital,0
190006,2019,General hospital,0
190006,2020,General hospital,0
190006,2021,General hospital,0
190006,2022,General hospital,0
190006,2023,General hospital,0
190006,2024,General hospital,0
190007,2019,General hospital,0
190007,2020,General hospital,0
190007,2021,General hospital,0
190007,2022,General hospital,0
190007,2023,General hospital,0
190007,2024,General hospital,0
190008,2019,General hospital,0
190008,2020,General hospital,0
190008,2021,General hospital,0
190008,2022,General hospital,0
190008,2023,General hospital,0
190008,2024,General hospital,0
190011,2019,General hospital,0
190011,2020,General hospital,0
190011,2021,General hospital,0
190011,2022,General hospital,0
190011,2023,General hospital,0
190011,2024,General hospital,0
190013,2019,General hospital,0
190013,2020,General hospital,0
190013,2021,General hospital,0
190013,2022,General hospital,0
190013,2023,General hospital,0
190013,2024,General hospital,0
190014,2019,General hospital,0
190014,2020,General hospital,0
190014,2021,General hospital,1
190014,2022,General hospital,0
190014,2023,General hospital,0
190014,2024,General hospital,0
190015,2019,General hospital,0
190015,2020,General hospital,0
190015,2021,General hospital,0
190015,2022,General hospital,0
190015,2023,General hospital,0
190015,2024,General hospital,0
190017,2019,General hospital,0
190017,2020,General hospital,0
190017,2021,General hospital,0
190017,2022,General hospital,0
190017,2023,General hospital,0
190017,2024,General hospital,0
190019,2019,General hospital,0
190019,2020,General hospital,0
190019,2021,General hospital,0
190019,2022,General hospital,0
190019,2023,General hospital,0
190019,2024,General hospital,0
190020,2019,General hospital,1
190020,2020,General hospital,0
190020,2021,General hospital,0
190020,2022,General hospital,0
190020,2023,General hospital,0
190020,2024,General hospital,0
190025,2019,General hospital,0
190025,2020,General hospital,0
190025,2021,General hospital,0
190025,2022,General hospital,0
190025,2023,General hospital,0
190025,2024,General hospital,0
190026,2019,General hospital,0
190026,2020,General hospital,0
190026,2021,General hospital,0
190026,2022,General hospital,0
190026,2023,General hospital,0
190026,2024,General hospital,0
190027,2019,General hospital,0
190027,2020,General hospital,0
190027,2021,General hospital,0
190027,2022,General hospital,0
190027,2023,General hospital,0
190027,2024,General hospital,0
190034,2019,General hospital,0
190034,2020,General hospital,0
190034,2021,General hospital,0
190034,2022,General hospital,0
190034,2023,General hospital,0
190034,2024,General hospital,0
190036,2019,General hospital,0
190036,2020,General hospital,0
190036,2021,General hospital,0
190036,2022,General hospital,0
190036,2023,General hospital,0
190036,2024,General hospital,0
190039,2019,General hospital,0
190039,2020,General hospital,0
190039,2021,General hospital,0
190039,2022,General hospital,0
190039,2023,General hospital,0
190039,2024,General hospital,0
190040,2019,General hospital,0
190040,2020,General hospital,0
190040,2021,General hospital,0
190040,2022,General hospital,0
190040,2023,General hospital,0
190040,2024,General hospital,0
190041,2019,General hospital,0
190041,2020,General hospital,0
190041,2021,General hospital,0
190041,2022,General hospital,0
190041,2023,General hospital,0
190041,2024,General hospital,0
190044,2019,General hospital,0
190044,2020,General hospital,0
190044,2021,General hospital,0
190044,2022,General hospital,0
190044,2023,General hospital,0
190044,2024,General hospital,0
190045,2019,General hospital,0
190045,2020,General hospital,0
190045,2021,General hospital,0
190045,2022,General hospital,0
190045,2023,General hospital,0
190045,2024,General hospital,0
190046,2019,General hospital,0
190046,2020,General hospital,0
190046,2021,General hospital,0
190046,2022,General hospital,0
190046,2023,General hospital,0
190046,2024,General hospital,0
190050,2019,General hospital,0
190050,2020,General hospital,0
190050,2021,General hospital,1
190050,2022,General hospital,0
190050,2023,General hospital,0
190050,2024,General hospital,0
190053,2019,General hospital,0
190053,2020,General hospital,0
190053,2021,General hospital,0
190053,2022,General hospital,0
190053,2023,General hospital,0
190053,2024,General hospital,0
190054,2019,General hospital,1
190054,2020,General hospital,1
190054,2021,General hospital,0
190054,2022,General hospital,0
190054,2023,General hospital,0
190054,2024,General hospital,0
190060,2019,General hospital,0
190060,2020,General hospital,0
190060,2021,General hospital,0
190060,2022,General hospital,0
190060,2023,General hospital,0
190060,2024,General hospital,1
190064,2019,General hospital,0
190064,2020,General hospital,0
190064,2021,General hospital,0
190064,2022,General hospital,0
190064,2023,General hospital,0
190064,2024,General hospital,0
190065,2019,General hospital,0
190065,2020,General hospital,0
190065,2021,General hospital,0
190065,2022,General hospital,0
190065,2023,General hospital,1
190065,2024,General hospital,0
190079,2019,General hospital,0
190079,2020,General hospital,0
190079,2021,General hospital,0
190079,2022,General hospital,0
190079,2023,General hospital,0
190079,2024,General hospital,0
190081,2019,General hospital,0
190081,2020,General hospital,0
190081,2021,General hospital,1
190081,2022,General hospital,1
190081,2023,General hospital,0
190086,2019,General hospital,0
190086,2020,General hospital,0
190086,2021,General hospital,1
190086,2022,General hospital,0
190086,2023,General hospital,0
190086,2024,General hospital,0
190088,2019,General hospital,1
190088,2020,General hospital,1
190088,2021,General hospital,0
190088,2022,General hospital,0
190088,2023,General hospital,0
190088,2024,General hospital,0
190090,2019,General hospital,0
190090,2020,General hospital,0
190090,2021,General hospital,1
190090,2022,General hospital,1
190090,2023,General hospital,0
190090,2024,General hospital,0
190098,2019,General hospital,0
190098,2020,General hospital,0
190098,2021,General hospital,0
190098,2022,General hospital,0
190098,2023,General hospital,0
190098,2024,General hospital,0
190099,2019,General hospital,0
190099,2020,General hospital,0
190099,2021,General hospital,0
190099,2022,General hospital,0
190099,2023,General hospital,0
190099,2024,General hospital,0
190102,2019,General hospital,0
190102,2020,General hospital,0
190102,2021,General hospital,0
190102,2022,General hospital,0
190102,2023,General hospital,0
190102,2024,General hospital,0
190106,2019,General hospital,0
190106,2020,General hospital,0
190106,2021,General hospital,1
190106,2022,General hospital,0
190106,2023,General hospital,1
190106,2024,General hospital,1
190111,2019,General hospital,0
190111,2020,General hospital,0
190111,2021,General hospital,0
190111,2022,General hospital,0
190111,2023,General hospital,0
190111,2024,General hospital,0
190114,2019,General hospital,0
190114,2020,General hospital,0
190114,2021,General hospital,0
190114,2022,General hospital,0
190114,2023,General hospital,0
190114,2024,General hospital,0
190116,2019,General hospital,0
190116,2020,General hospital,0
190116,2021,General hospital,0
190116,2022,General hospital,0
190116,2023,General hospital,0
190116,2024,General hospital,0
190118,2019,General hospital,0
190118,2020,General hospital,0
190118,2021,General hospital,0
190118,2022,General hospital,0
190118,2023,General hospital,0
190118,2024,General hospital,0
190125,2019,General hospital,0
190125,2020,General hospital,0
190125,2021,General hospital,0
190125,2022,General hospital,0
190125,2023,General hospital,0
190125,2024,General hospital,0
190128,2019,General hospital,1
190128,2020,General hospital,1
190128,2021,General hospital,0
190128,2022,General hospital,1
190128,2023,General hospital,0
190128,2024,General hospital,0
190133,2019,General hospital,0
190133,2020,General hospital,0
190133,2021,General hospital,1
190133,2022,General hospital,1
190133,2023,General hospital,0
190133,2024,General hospital,0
190140,2019,General hospital,0
190140,2020,General hospital,0
190140,2021,General hospital,0
190140,2022,General hospital,0
190140,2023,General hospital,0
190140,2024,General hospital,0
190144,2019,General hospital,0
190144,2020,General hospital,0
190144,2021,General hospital,0
190144,2022,General hospital,0
190144,2023,General hospital,0
190144,2024,General hospital,0
190145,2019,General hospital,0
190145,2020,General hospital,0
190145,2021,General hospital,0
190145,2022,General hospital,0
190145,2023,General hospital,0
190145,2024,General hospital,0
190146,2019,General hospital,0
190146,2020,General hospital,0
190146,2021,General hospital,0
190146,2022,General hospital,0
190146,2023,General hospital,0
190151,2019,General hospital,0
190151,2020,General hospital,0
190151,2021,General hospital,0
190151,2022,General hospital,1
190151,2023,General hospital,0
190151,2024,General hospital,0
190160,2019,General hospital,0
190160,2020,General hospital,0
190160,2021,General hospital,1
190160,2022,General hospital,0
190160,2023,General hospital,0
190160,2024,General hospital,0
190164,2019,General hospital,0
190164,2020,General hospital,0
190164,2021,General hospital,0
190164,2022,General hospital,0
190164,2023,General hospital,0
190164,2024,General hospital,0
190167,2019,General hospital,0
190167,2020,General hospital,0
190167,2021,General hospital,0
190167,2022,General hospital,0
190167,2023,General hospital,0
190167,2024,General hospital,0
190176,2019,General hospital,0
190176,2020,General hospital,0
190176,2021,General hospital,0
190176,2022,General hospital,0
190176,2023,General hospital,0
190176,2024,General hospital,0
190183,2019,General hospital,0
190183,2020,General hospital,0
190183,2021,General hospital,0
190183,2022,General hospital,0
190183,2023,General hospital,0
190183,2024,General hospital,0
190184,2019,General hospital,1
190184,2020,General hospital,1
190184,2021,General hospital,0
190184,2022,General hospital,0
190184,2023,General hospital,0
190184,2024,General hospital,0
190190,2019,General hospital,0
190190,2020,General hospital,0
190190,2021,General hospital,0
190190,2022,General hospital,0
190190,2023,General hospital,1
190190,2024,General hospital,0
190201,2019,General hospital,0
190201,2020,General hospital,0
190201,2021,General hospital,0
190201,2022,General hospital,0
190201,2023,General hospital,0
190201,2024,General hospital,0
190202,2019,General hospital,0
190202,2020,General hospital,0
190202,2021,General hospital,0
190202,2022,General hospital,0
190202,2023,General hospital,0
190202,2024,General hospital,0
190204,2019,General hospital,0
190204,2020,General hospital,0
190204,2021,General hospital,0
190204,2022,General hospital,0
190204,2023,General hospital,0
190205,2019,General hospital,0
190208,2019,General hospital,1
190208,2020,General hospital,0
190208,2021,General hospital,0
190208,2022,General hospital,0
190208,2023,General hospital,0
190208,2024,General hospital,1
190218,2019,General hospital,0
190218,2020,General hospital,0
190218,2021,General hospital,0
190218,2022,General hospital,0
190218,2023,General hospital,0
190218,2024,General hospital,0
190241,2019,General hospital,1
190241,2020,General hospital,1
190241,2021,General hospital,1
190241,2022,General hospital,1
190241,2023,General hospital,1
190241,2024,General hospital,1
190242,2019,General hospital,0
190245,2019,General hospital,0
190245,2020,General hospital,0
190245,2021,General hospital,0
190245,2022,General hospital,0
190245,2023,General hospital,0
190245,2024,General hospital,0
190251,2019,General hospital,1
190251,2020,General hospital,1
190251,2021,General hospital,1
190251,2022,General hospital,1
190251,2023,General hospital,1
190251,2024,General hospital,1
190255,2019,General hospital,1
190255,2020,General hospital,1
190255,2021,General hospital,1
190255,2022,General hospital,0
190255,2023,General hospital,0
190255,2024,General hospital,0
190256,2019,General hospital,0
190256,2020,General hospital,0
190256,2021,General hospital,0
190256,2022,General hospital,0
190256,2023,General hospital,0
190256,2024,General hospital,0
190259,2019,General hospital,0
190259,2020,General hospital,0
190259,2021,General hospital,0
190259,2022,General hospital,0
190259,2023,General hospital,0
190259,2024,General hospital,0
190263,2019,General hospital,0
190263,2020,General hospital,0
190266,2019,General hospital,1
190266,2020,General hospital,0
190266,2021,General hospital,0
190266,2022,General hospital,0
190266,2023,General hospital,0
190266,2024,General hospital,0
190267,2019,General hospital,0
190267,2020,General hospital,0
190267,2021,General hospital,0
190267,2022,General hospital,1
190267,2023,General hospital,0
190267,2024,General hospital,0
190268,2019,General hospital,0
190270,2019,General hospital,0
190270,2020,General hospital,0
190270,2021,General hospital,1
190270,2022,General hospital,0
190270,2023,General hospital,0
190270,2024,General hospital,0
190274,2019,General hospital,0
190274,2020,General hospital,0
190274,2021,General hospital,0
190274,2022,General hospital,0
190274,2023,General hospital,0
190274,2024,General hospital,0
190278,2019,General hospital,0
190278,2020,General hospital,0
190278,2021,General hospital,0
190278,2022,General hospital,0
190278,2023,General hospital,0
190278,2024,General hospital,0
190297,2019,General hospital,1
190298,2019,General hospital,0
190298,2020,General hospital,0
190298,2021,General hospital,0
190298,2022,General hospital,0
190298,2023,General hospital,0
190298,2024,General hospital,0
190300,2019,General hospital,1
190300,2020,General hospital,1
190300,2021,General hospital,1
190300,2022,General hospital,1
190300,2023,General hospital,1
190300,2024,General hospital,1
190302,2019,General hospital,1
190302,2020,General hospital,1
190302,2021,General hospital,1
190302,2022,General hospital,1
190302,2023,General hospital,1
190302,2024,General hospital,1
190303,2019,General hospital,1
190303,2020,General hospital,0
190303,2021,General hospital,0
190303,2022,General hospital,1
190303,2023,General hospital,0
190303,2024,General hospital,0
190307,2019,General hospital,1
190307,2020,General hospital,1
190307,2021,General hospital,1
190307,2022,General hospital,1
190307,2023,General hospital,1
190307,2024,General hospital,1
190308,2019,General hospital,0
190308,2020,General hospital,0
190308,2021,General hospital,0
190308,2022,General hospital,0
190308,2023,General hospital,0
190308,2024,General hospital,0
190312,2019,General hospital,0
190312,2020,General hospital,0
190312,2021,General hospital,0
190312,2022,General hospital,0
190312,2023,General hospital,0
190312,2024,General hospital,0
190313,2019,General hospital,1
190313,2020,General hospital,0
190313,2021,General hospital,0
190313,2022,General hospital,0
190313,2023,General hospital,0
190313,2024,General hospital,0
190314,2020,General hospital,1
190314,2021,General hospital,1
190314,2022,General hospital,1
190314,2023,General hospital,1
190315,2021,General hospital,1
190315,2022,General hospital,1
190315,2023,General hospital,1
190316,2021,General hospital,1
190316,2022,General hospital,1
190316,2023,General hospital,1
190316,2024,General hospital,1
190317,2021,General hospital,0
190317,2022,General hospital,0
190317,2023,General hospital,0
190317,2024,General hospital,0
190318,2021,General hospital,0
190318,2022,General hospital,0
190318,2023,General hospital,0
190318,2024,General hospital,0
191300,2019,Small rural (critical access),1
191300,2020,Small rural (critical access),0
191300,2021,Small rural (critical access),0
191300,2022,Small rural (critical access),0
191300,2023,Small rural (critical access),1
191300,2024,Small rural (critical access),0
191301,2019,Small rural (critical access),1
191301,2020,Small rural (critical access),0
191301,2021,Small rural (critical access),0
191301,2022,Small rural (critical access),0
191301,2023,Small rural (critical access),0
191301,2024,Small rural (critical access),0
191302,2019,Small rural (critical access),0
191302,2020,Small rural (critical access),0
191302,2021,Small rural (critical access),0
191302,2022,Small rural (critical access),0
191302,2023,Small rural (critical access),0
191302,2024,Small rural (critical access),0
191303,2019,Small rural (critical access),0
191303,2020,Small rural (critical access),0
191303,2021,Small rural (critical access),0
191303,2022,Small rural (critical access),0
191303,2023,Small rural (critical access),0
191304,2019,Small rural (critical access),0
191304,2020,Small rural (critical access),0
191304,2021,Small rural (critical access),0
191304,2022,Small rural (critical access),0
191304,2023,Small rural (critical access),0
191304,2024,Small rural (critical access),0
191305,2019,Small rural (critical access),0
191305,2020,Small rural (critical access),0
191305,2021,Small rural (critical access),1
191305,2022,Small rural (critical access),1
191305,2023,Small rural (critical access),0
191305,2024,Small rural (critical access),0
191306,2019,Small rural (critical access),0
191306,2020,Small rural (critical access),0
191306,2021,Small rural (critical access),1
191306,2022,Small rural (critical access),1
191306,2023,Small rural (critical access),1
191306,2024,Small rural (critical access),1
191307,2019,Small rural (critical access),1
191307,2020,Small rural (critical access),1
191307,2021,Small rural (critical access),1
191307,2022,Small rural (critical access),1
191307,2023,Small rural (critical access),0
191307,2024,Small rural (critical access),1
191308,2019,Small rural (critical access),0
191308,2020,Small rural (critical access),0
191308,2021,Small rural (critical access),1
191308,2022,Small rural (critical access),1
191308,2023,Small rural (critical access),1
191308,2024,Small rural (critical access),0
191309,2019,Small rural (critical access),1
191309,2020,Small rural (critical access),1
191309,2021,Small rural (critical access),0
191309,2022,Small rural (critical access),0
191309,2023,Small rural (critical access),0
191309,2024,Small rural (critical access),1
191310,2019,Small rural (critical access),0
191310,2020,Small rural (critical access),0
191310,2021,Small rural (critical access),0
191310,2022,Small rural (critical access),1
191310,2023,Small rural (critical access),0
191310,2024,Small rural (critical access),0
191311,2019,Small rural (critical access),1
191311,2020,Small rural (critical access),1
191311,2021,Small rural (critical access),1
191311,2022,Small rural (critical access),1
191311,2023,Small rural (critical access),0
191311,2024,Small rural (critical access),0
191312,2019,Small rural (critical access),0
191312,2020,Small rural (critical access),0
191312,2021,Small rural (critical access),0
191312,2022,Small rural (critical access),0
191312,2023,Small rural (critical access),0
191312,2024,Small rural (critical access),0
191313,2019,Small rural (critical access),1
191313,2020,Small rural (critical access),0
191313,2021,Small rural (critical access),1
191313,2022,Small rural (critical access),0
191313,2023,Small rural (critical access),0
191313,2024,Small rural (critical access),0
191314,2019,Small rural (critical access),1
191314,2020,Small rural (critical access),1
191314,2021,Small rural (critical access),1
191314,2022,Small rural (critical access),1
191314,2023,Small rural (critical access),1
191314,2024,Small rural (critical access),1
191315,2019,Small rural (critical access),0
191315,2020,Small rural (critical access),0
191315,2021,Small rural (critical access),0
191315,2022,Small rural (critical access),0
191315,2023,Small rural (critical access),0
191315,2024,Small rural (critical access),0
191316,2019,Small rural (critical access),1
191316,2020,Small rural (critical access),1
191316,2021,Small rural (critical access),1
191316,2022,Small rural (critical access),1
191316,2023,Small rural (critical access),1
191316,2024,Small rural (critical access),1
191317,2019,Small rural (critical access),1
191317,2020,Small rural (critical access),0
191317,2021,Small rural (critical access),1
191317,2022,Small rural (critical access),0
191317,2023,Small rural (critical access),0
191317,2024,Small rural (critical access),0
191318,2019,Small rural (critical access),1
191318,2020,Small rural (critical access),0
191318,2021,Small rural (critical access),1
191318,2022,Small rural (critical access),0
191318,2023,Small rural (critical access),1
191318,2024,Small rural (critical access),0
191319,2019,Small rural (critical access),0
191319,2020,Small rural (critical access),0
191319,2021,Small rural (critical access),0
191319,2022,Small rural (critical access),0
191319,2023,Small rural (critical access),0
191319,2024,Small rural (critical access),0
191320,2019,Small rural (critical access),1
191320,2020,Small rural (critical access),1
191320,2021,Small rural (critical access),0
191320,2022,Small rural (critical access),0
191320,2023,Small rural (critical access),0
191320,2024,Small rural (critical access),0
191321,2019,Small rural (critical access),0
191321,2020,Small rural (critical access),0
191321,2021,Small rural (critical access),1
191321,2022,Small rural (critical access),0
191321,2023,Small rural (critical access),0
191321,2024,Small rural (critical access),0
191322,2019,Small rural (critical access),0
191322,2020,Small rural (critical access),0
191322,2021,Small rural (critical access),0
191322,2022,Small rural (critical access),0
191322,2023,Small rural (critical access),0
191322,2024,Small rural (critical access),0
191323,2019,Small rural (critical access),0
191323,2020,Small rural (critical access),0
191323,2021,Small rural (critical access),0
191323,2022,Small rural (critical access),0
191323,2023,Small rural (critical access),0
191323,2024,Small rural (critical access),0
191324,2019,Small rural (critical access),0
191324,2020,Small rural (critical access),0
191324,2021,Small rural (critical access),0
191324,2022,Small rural (critical access),0
191324,2023,Small rural (critical access),0
191324,2024,Small rural (critical access),0
191325,2019,Small rural (critical access),1
191325,2020,Small rural (critical access),1
191325,2021,Small rural (critical access),0
191325,2022,Small rural (critical access),0
191325,2023,Small rural (critical access),1
191325,2024,Small rural (critical access),1
191326,2019,Small rural (critical access),0
191326,2020,Small rural (critical access),0
191326,2021,Small rural (critical access),0
191326,2022,Small rural (critical access),1
191326,2023,Small rural (critical access),1
191326,2024,Small rural (critical access),1
191327,2024,Small rural (critical access),1
200001,2019,General hospital,0
200001,2020,General hospital,0
200001,2021,General hospital,0
200001,2022,General hospital,0
200001,2023,General hospital,0
200001,2024,General hospital,0
200008,2019,General hospital,0
200008,2020,General hospital,0
200008,2021,General hospital,0
200008,2022,General hospital,0
200008,2023,General hospital,0
200008,2024,General hospital,0
200009,2019,General hospital,1
200009,2020,General hospital,0
200009,2021,General hospital,0
200009,2022,General hospital,0
200009,2023,General hospital,0
200009,2024,General hospital,0
200018,2019,General hospital,0
200018,2020,General hospital,0
200018,2021,General hospital,0
200018,2022,General hospital,0
200018,2023,General hospital,0
200018,2024,General hospital,0
200019,2019,General hospital,1
200019,2020,General hospital,0
200019,2021,General hospital,0
200019,2022,General hospital,0
200019,2023,General hospital,0
200019,2024,General hospital,0
200020,2019,General hospital,0
200020,2020,General hospital,0
200020,2021,General hospital,0
200020,2022,General hospital,0
200020,2023,General hospital,0
200020,2024,General hospital,0
200021,2019,General hospital,0
200021,2020,General hospital,0
200021,2021,General hospital,0
200021,2022,General hospital,0
200021,2023,General hospital,0
200021,2024,General hospital,0
200024,2019,General hospital,0
200024,2020,General hospital,0
200024,2021,General hospital,0
200024,2022,General hospital,0
200024,2023,General hospital,0
200024,2024,General hospital,0
200031,2019,General hospital,0
200031,2020,General hospital,0
200031,2021,General hospital,0
200031,2022,General hospital,0
200031,2023,General hospital,0
200031,2024,General hospital,0
200033,2019,General hospital,0
200033,2020,General hospital,0
200033,2021,General hospital,0
200033,2022,General hospital,0
200033,2023,General hospital,0
200033,2024,General hospital,0
200034,2019,General hospital,0
200034,2020,General hospital,0
200034,2021,General hospital,0
200034,2022,General hospital,0
200034,2023,General hospital,0
200034,2024,General hospital,1
200037,2019,General hospital,1
200037,2020,General hospital,1
200037,2021,General hospital,0
200037,2022,General hospital,0
200037,2023,General hospital,0
200037,2024,General hospital,0
200039,2019,General hospital,1
200039,2020,General hospital,0
200039,2021,General hospital,0
200039,2022,General hospital,0
200039,2023,General hospital,0
200039,2024,General hospital,0
200041,2019,General hospital,0
200041,2020,General hospital,0
200041,2021,General hospital,0
200041,2022,General hospital,0
200041,2023,General hospital,0
200041,2024,General hospital,0
200050,2019,General hospital,0
200050,2020,General hospital,0
200050,2021,General hospital,1
200050,2022,General hospital,0
200050,2023,General hospital,0
200050,2024,General hospital,0
200052,2019,General hospital,0
200052,2020,General hospital,0
200052,2021,General hospital,0
200052,2022,General hospital,0
200052,2023,General hospital,0
200052,2024,General hospital,0
200063,2019,General hospital,0
200063,2020,General hospital,0
200063,2021,General hospital,0
200063,2022,General hospital,0
200063,2023,General hospital,0
200063,2024,General hospital,0
201300,2019,Small rural (critical access),0
201300,2020,Small rural (critical access),0
201300,2021,Small rural (critical access),0
201300,2022,Small rural (critical access),0
201300,2023,Small rural (critical access),0
201300,2024,Small rural (critical access),0
201301,2019,Small rural (critical access),0
201301,2020,Small rural (critical access),0
201301,2021,Small rural (critical access),0
201301,2022,Small rural (critical access),0
201301,2023,Small rural (critical access),0
201301,2024,Small rural (critical access),0
201302,2019,Small rural (critical access),0
201302,2020,Small rural (critical access),0
201302,2021,Small rural (critical access),0
201302,2022,Small rural (critical access),0
201302,2023,Small rural (critical access),0
201302,2024,Small rural (critical access),0
201303,2019,Small rural (critical access),0
201303,2020,Small rural (critical access),0
201303,2021,Small rural (critical access),1
201303,2022,Small rural (critical access),1
201303,2023,Small rural (critical access),1
201303,2024,Small rural (critical access),1
201304,2019,Small rural (critical access),0
201304,2020,Small rural (critical access),0
201304,2021,Small rural (critical access),0
201304,2022,Small rural (critical access),1
201304,2023,Small rural (critical access),1
201304,2024,Small rural (critical access),0
201305,2019,Small rural (critical access),0
201305,2020,Small rural (critical access),0
201305,2021,Small rural (critical access),0
201305,2022,Small rural (critical access),0
201305,2023,Small rural (critical access),0
201305,2024,Small rural (critical access),0
201306,2019,Small rural (critical access),0
201306,2020,Small rural (critical access),0
201306,2021,Small rural (critical access),0
201306,2022,Small rural (critical access),0
201306,2023,Small rural (critical access),0
201306,2024,Small rural (critical access),0
201307,2019,Small rural (critical access),0
201307,2020,Small rural (critical access),0
201307,2021,Small rural (critical access),0
201307,2022,Small rural (critical access),0
201307,2023,Small rural (critical access),0
201307,2024,Small rural (critical access),0
201308,2019,Small rural (critical access),0
201308,2020,Small rural (critical access),0
201308,2021,Small rural (critical access),0
201308,2022,Small rural (critical access),0
201308,2023,Small rural (critical access),0
201308,2024,Small rural (critical access),0
201309,2019,Small rural (critical access),1
201309,2020,Small rural (critical access),1
201309,2021,Small rural (critical access),0
201309,2022,Small rural (critical access),0
201309,2023,Small rural (critical access),0
201309,2024,Small rural (critical access),0
201310,2019,Small rural (critical access),0
201310,2020,Small rural (critical access),0
201310,2021,Small rural (critical access),0
201310,2022,Small rural (critical access),0
201310,2023,Small rural (critical access),0
201310,2024,Small rural (critical access),0
201311,2019,Small rural (critical access),1
201311,2020,Small rural (critical access),1
201311,2021,Small rural (critical access),0
201311,2022,Small rural (critical access),0
201311,2023,Small rural (critical access),0
201311,2024,Small rural (critical access),0
201312,2019,Small rural (critical access),0
201312,2020,Small rural (critical access),0
201312,2021,Small rural (critical access),0
201312,2022,Small rural (critical access),0
201312,2023,Small rural (critical access),0
201312,2024,Small rural (critical access),0
201313,2019,Small rural (critical access),0
201313,2020,Small rural (critical access),0
201313,2021,Small rural (critical access),0
201313,2022,Small rural (critical access),0
201313,2023,Small rural (critical access),0
201313,2024,Small rural (critical access),0
201314,2019,Small rural (critical access),1
201314,2020,Small rural (critical access),1
201314,2021,Small rural (critical access),1
201314,2022,Small rural (critical access),1
201314,2023,Small rural (critical access),1
201314,2024,Small rural (critical access),0
201315,2019,Small rural (critical access),0
201315,2020,Small rural (critical access),0
201315,2021,Small rural (critical access),0
201315,2022,Small rural (critical access),0
201315,2023,Small rural (critical access),0
201315,2024,Small rural (critical access),0
210001,2019,General hospital,0
210001,2020,General hospital,0
210001,2021,General hospital,0
210001,2022,General hospital,0
210001,2023,General hospital,0
210001,2024,General hospital,0
210002,2019,General hospital,0
210002,2020,General hospital,0
210002,2021,General hospital,0
210002,2022,General hospital,0
210002,2023,General hospital,0
210002,2024,General hospital,0
210003,2019,General hospital,0
210003,2020,General hospital,0
210003,2021,General hospital,0
210003,2022,General hospital,0
210003,2023,General hospital,0
210003,2024,General hospital,0
210004,2019,General hospital,0
210004,2020,General hospital,0
210004,2021,General hospital,0
210004,2022,General hospital,0
210004,2023,General hospital,0
210004,2024,General hospital,0
210005,2019,General hospital,0
210005,2020,General hospital,0
210005,2021,General hospital,0
210005,2022,General hospital,0
210005,2023,General hospital,0
210005,2024,General hospital,0
210006,2019,General hospital,0
210006,2020,General hospital,0
210006,2021,General hospital,0
210006,2022,General hospital,0
210006,2023,General hospital,0
210008,2019,General hospital,0
210008,2020,General hospital,0
210008,2021,General hospital,0
210008,2022,General hospital,0
210008,2023,General hospital,0
210008,2024,General hospital,0
210009,2019,General hospital,0
210009,2020,General hospital,0
210009,2021,General hospital,0
210009,2022,General hospital,0
210009,2023,General hospital,0
210009,2024,General hospital,0
210011,2019,General hospital,0
210011,2020,General hospital,0
210011,2021,General hospital,1
210011,2022,General hospital,0
210011,2023,General hospital,0
210011,2024,General hospital,0
210012,2019,General hospital,0
210012,2020,General hospital,0
210012,2021,General hospital,0
210012,2022,General hospital,0
210012,2023,General hospital,0
210012,2024,General hospital,0
210013,2019,General hospital,0
210013,2020,General hospital,0
210013,2021,General hospital,0
210013,2022,General hospital,0
210015,2019,General hospital,0
210015,2020,General hospital,0
210015,2021,General hospital,0
210015,2022,General hospital,0
210015,2023,General hospital,0
210015,2024,General hospital,0
210016,2019,General hospital,0
210016,2020,General hospital,0
210016,2021,General hospital,0
210016,2022,General hospital,0
210016,2023,General hospital,0
210016,2024,General hospital,0
210017,2019,General hospital,1
210017,2020,General hospital,1
210017,2021,General hospital,0
210017,2022,General hospital,0
210017,2023,General hospital,0
210017,2024,General hospital,0
210018,2019,General hospital,1
210018,2020,General hospital,1
210018,2021,General hospital,0
210018,2022,General hospital,0
210018,2023,General hospital,0
210018,2024,General hospital,0
210019,2019,General hospital,0
210019,2020,General hospital,0
210019,2021,General hospital,0
210019,2022,General hospital,0
210019,2023,General hospital,0
210019,2024,General hospital,0
210022,2019,General hospital,0
210022,2020,General hospital,0
210022,2021,General hospital,0
210022,2022,General hospital,0
210022,2023,General hospital,0
210022,2024,General hospital,0
210023,2019,General hospital,0
210023,2020,General hospital,0
210023,2021,General hospital,0
210023,2022,General hospital,0
210023,2023,General hospital,0
210023,2024,General hospital,1
210024,2019,General hospital,0
210024,2020,General hospital,0
210024,2021,General hospital,0
210024,2022,General hospital,0
210024,2023,General hospital,0
210024,2024,General hospital,0
210027,2019,General hospital,0
210027,2020,General hospital,0
210027,2021,General hospital,0
210027,2022,General hospital,0
210027,2023,General hospital,0
210027,2024,General hospital,0
210028,2019,General hospital,0
210028,2020,General hospital,0
210028,2021,General hospital,0
210028,2022,General hospital,0
210028,2023,General hospital,0
210028,2024,General hospital,0
210029,2019,General hospital,0
210029,2020,General hospital,0
210029,2021,General hospital,0
210029,2022,General hospital,0
210029,2023,General hospital,0
210029,2024,General hospital,0
210030,2019,General hospital,0
210030,2020,General hospital,0
210030,2021,General hospital,0
210030,2022,General hospital,0
210030,2023,General hospital,0
210030,2024,General hospital,0
210032,2019,General hospital,0
210032,2020,General hospital,0
210032,2021,General hospital,0
210032,2022,General hospital,0
210032,2023,General hospital,0
210032,2024,General hospital,0
210033,2019,General hospital,1
210033,2020,General hospital,1
210033,2021,General hospital,0
210033,2022,General hospital,0
210033,2023,General hospital,0
210033,2024,General hospital,0
210034,2019,General hospital,1
210034,2020,General hospital,0
210034,2021,General hospital,0
210034,2022,General hospital,0
210034,2023,General hospital,0
210034,2024,General hospital,0
210035,2019,General hospital,0
210035,2020,General hospital,0
210035,2021,General hospital,0
210035,2022,General hospital,0
210035,2023,General hospital,0
210035,2024,General hospital,0
210037,2019,General hospital,0
210037,2020,General hospital,0
210037,2021,General hospital,0
210037,2022,General hospital,0
210037,2023,General hospital,0
210037,2024,General hospital,0
210038,2019,General hospital,0
210038,2020,General hospital,0
210038,2021,General hospital,0
210038,2022,General hospital,0
210038,2023,General hospital,0
210038,2024,General hospital,0
210039,2019,General hospital,0
210039,2020,General hospital,0
210039,2021,General hospital,0
210039,2022,General hospital,0
210039,2023,General hospital,0
210039,2024,General hospital,0
210040,2019,General hospital,0
210040,2020,General hospital,0
210040,2021,General hospital,0
210040,2022,General hospital,0
210040,2023,General hospital,0
210040,2024,General hospital,0
210043,2019,General hospital,0
210043,2020,General hospital,0
210043,2021,General hospital,0
210043,2022,General hospital,0
210043,2023,General hospital,0
210043,2024,General hospital,0
210044,2019,General hospital,1
210044,2020,General hospital,0
210044,2021,General hospital,0
210044,2022,General hospital,0
210044,2023,General hospital,0
210044,2024,General hospital,0
210045,2019,General hospital,0
210045,2020,General hospital,0
210048,2019,General hospital,0
210048,2020,General hospital,0
210048,2021,General hospital,0
210048,2022,General hospital,0
210048,2023,General hospital,0
210048,2024,General hospital,0
210049,2019,General hospital,0
210049,2020,General hospital,0
210049,2021,General hospital,0
210049,2022,General hospital,0
210049,2023,General hospital,0
210049,2024,General hospital,0
210051,2019,General hospital,0
210051,2020,General hospital,0
210051,2021,General hospital,1
210051,2022,General hospital,0
210051,2023,General hospital,0
210051,2024,General hospital,1
210055,2019,General hospital,0
210055,2020,General hospital,0
210055,2021,General hospital,1
210056,2019,General hospital,0
210056,2020,General hospital,0
210056,2021,General hospital,0
210056,2022,General hospital,0
210056,2023,General hospital,0
210056,2024,General hospital,0
210057,2019,General hospital,0
210057,2020,General hospital,0
210057,2021,General hospital,0
210057,2022,General hospital,0
210057,2023,General hospital,0
210057,2024,General hospital,0
210058,2019,General hospital,0
210058,2020,General hospital,0
210058,2021,General hospital,0
210058,2022,General hospital,0
210058,2023,General hospital,0
210058,2024,General hospital,0
210060,2019,General hospital,0
210060,2020,General hospital,0
210060,2021,General hospital,0
210060,2022,General hospital,0
210060,2023,General hospital,0
210060,2024,General hospital,0
210061,2019,General hospital,1
210061,2020,General hospital,0
210061,2021,General hospital,0
210061,2022,General hospital,1
210061,2023,General hospital,1
210061,2024,General hospital,1
210062,2019,General hospital,1
210062,2020,General hospital,1
210062,2021,General hospital,0
210062,2022,General hospital,0
210062,2023,General hospital,0
210062,2024,General hospital,0
210063,2019,General hospital,0
210063,2020,General hospital,0
210063,2021,General hospital,0
210063,2022,General hospital,0
210063,2023,General hospital,0
210063,2024,General hospital,0
210064,2019,General hospital,0
210064,2020,General hospital,0
210064,2021,General hospital,0
210064,2022,General hospital,0
210064,2023,General hospital,0
210064,2024,General hospital,0
210065,2019,General hospital,0
210065,2020,General hospital,0
210065,2021,General hospital,0
210065,2022,General hospital,0
210065,2023,General hospital,0
210065,2024,General hospital,0
220001,2019,General hospital,1
220001,2020,General hospital,0
220001,2021,General hospital,0
220001,2022,General hospital,0
220001,2023,General hospital,0
220001,2024,General hospital,0
220002,2019,General hospital,0
220002,2020,General hospital,0
220002,2021,General hospital,0
220002,2022,General hospital,0
220002,2023,General hospital,0
220002,2024,General hospital,0
220008,2019,General hospital,1
220008,2020,General hospital,1
220008,2021,General hospital,1
220008,2022,General hospital,0
220008,2023,General hospital,1
220008,2024,General hospital,0
220010,2019,General hospital,1
220010,2020,General hospital,0
220010,2021,General hospital,0
220010,2022,General hospital,0
220010,2023,General hospital,0
220010,2024,General hospital,0
220011,2019,General hospital,0
220011,2020,General hospital,0
220011,2021,General hospital,0
220011,2022,General hospital,0
220011,2023,General hospital,0
220011,2024,General hospital,0
220012,2019,General hospital,0
220012,2020,General hospital,0
220012,2021,General hospital,0
220012,2022,General hospital,0
220012,2023,General hospital,0
220012,2024,General hospital,0
220015,2019,General hospital,1
220015,2020,General hospital,0
220015,2021,General hospital,0
220015,2022,General hospital,0
220015,2023,General hospital,0
220015,2024,General hospital,0
220016,2019,General hospital,0
220016,2020,General hospital,0
220016,2021,General hospital,0
220016,2022,General hospital,0
220016,2023,General hospital,0
220016,2024,General hospital,0
220017,2019,General hospital,0
220017,2020,General hospital,0
220017,2021,General hospital,0
220017,2022,General hospital,0
220017,2023,General hospital,0
220017,2024,General hospital,0
220019,2019,General hospital,0
220019,2020,General hospital,0
220019,2021,General hospital,0
220019,2022,General hospital,0
220019,2023,General hospital,0
220019,2024,General hospital,0
220020,2019,General hospital,0
220020,2020,General hospital,0
220020,2021,General hospital,0
220020,2022,General hospital,0
220020,2023,General hospital,0
220020,2024,General hospital,0
220024,2019,General hospital,0
220024,2020,General hospital,0
220024,2021,General hospital,1
220024,2022,General hospital,0
220024,2023,General hospital,0
220024,2024,General hospital,0
220029,2019,General hospital,0
220029,2020,General hospital,0
220029,2021,General hospital,0
220029,2022,General hospital,0
220029,2023,General hospital,0
220029,2024,General hospital,1
220030,2019,General hospital,0
220030,2020,General hospital,0
220030,2021,General hospital,0
220030,2022,General hospital,0
220030,2023,General hospital,0
220030,2024,General hospital,0
220031,2019,General hospital,0
220031,2020,General hospital,0
220031,2021,General hospital,0
220031,2022,General hospital,0
220031,2023,General hospital,0
220031,2024,General hospital,0
220033,2019,General hospital,1
220033,2020,General hospital,0
220033,2021,General hospital,0
220033,2022,General hospital,0
220033,2023,General hospital,0
220033,2024,General hospital,0
220035,2019,General hospital,0
220035,2020,General hospital,0
220035,2021,General hospital,0
220035,2022,General hospital,0
220035,2023,General hospital,0
220035,2024,General hospital,0
220036,2019,General hospital,0
220036,2020,General hospital,0
220036,2021,General hospital,0
220036,2022,General hospital,0
220036,2023,General hospital,0
220036,2024,General hospital,0
220046,2019,General hospital,0
220046,2020,General hospital,0
220046,2021,General hospital,0
220046,2022,General hospital,0
220046,2023,General hospital,0
220046,2024,General hospital,0
220049,2019,General hospital,1
220049,2020,General hospital,0
220049,2021,General hospital,0
220049,2022,General hospital,0
220049,2023,General hospital,0
220049,2024,General hospital,0
220052,2019,General hospital,0
220052,2020,General hospital,0
220052,2021,General hospital,0
220052,2022,General hospital,0
220052,2023,General hospital,0
220052,2024,General hospital,1
220060,2019,General hospital,0
220060,2020,General hospital,0
220060,2021,General hospital,0
220060,2022,General hospital,0
220060,2023,General hospital,0
220060,2024,General hospital,0
220062,2019,General hospital,1
220062,2020,General hospital,0
220062,2021,General hospital,0
220062,2022,General hospital,0
220062,2023,General hospital,0
220062,2024,General hospital,0
220063,2019,General hospital,0
220063,2020,General hospital,0
220063,2021,General hospital,0
220063,2022,General hospital,0
220063,2023,General hospital,0
220063,2024,General hospital,0
220065,2019,General hospital,0
220065,2020,General hospital,0
220065,2021,General hospital,0
220065,2022,General hospital,0
220065,2023,General hospital,0
220065,2024,General hospital,0
220066,2019,General hospital,0
220066,2020,General hospital,0
220066,2021,General hospital,0
220066,2022,General hospital,0
220066,2023,General hospital,0
220066,2024,General hospital,1
220070,2019,General hospital,0
220070,2020,General hospital,0
220070,2021,General hospital,0
220070,2022,General hospital,0
220070,2023,General hospital,0
220070,2024,General hospital,0
220071,2019,General hospital,0
220071,2020,General hospital,0
220071,2021,General hospital,0
220071,2022,General hospital,0
220071,2023,General hospital,0
220071,2024,General hospital,0
220073,2019,General hospital,0
220073,2020,General hospital,0
220073,2021,General hospital,0
220073,2022,General hospital,0
220073,2023,General hospital,0
220073,2024,General hospital,0
220074,2019,General hospital,1
220074,2020,General hospital,0
220074,2021,General hospital,0
220074,2022,General hospital,0
220074,2023,General hospital,0
220074,2024,General hospital,0
220075,2019,General hospital,0
220075,2020,General hospital,0
220075,2021,General hospital,0
220075,2022,General hospital,0
220075,2023,General hospital,0
220075,2024,General hospital,0
220077,2019,General hospital,0
220077,2020,General hospital,0
220077,2021,General hospital,0
220077,2022,General hospital,0
220077,2023,General hospital,0
220077,2024,General hospital,0
220080,2019,General hospital,0
220080,2020,General hospital,0
220080,2021,General hospital,0
220080,2022,General hospital,0
220080,2023,General hospital,0
220080,2024,General hospital,0
220083,2019,General hospital,1
220083,2020,General hospital,1
220083,2021,General hospital,0
220083,2022,General hospital,0
220083,2023,General hospital,0
220083,2024,General hospital,0
220084,2019,General hospital,1
220084,2020,General hospital,0
220084,2021,General hospital,0
220084,2022,General hospital,0
220084,2023,General hospital,0
220084,2024,General hospital,0
220086,2019,General hospital,1
220086,2020,General hospital,1
220086,2021,General hospital,1
220086,2022,General hospital,1
220086,2023,General hospital,0
220086,2024,General hospital,0
220088,2019,General hospital,0
220088,2020,General hospital,0
220088,2021,General hospital,0
220088,2022,General hospital,0
220088,2023,General hospital,0
220088,2024,General hospital,0
220090,2019,General hospital,0
220090,2020,General hospital,0
220090,2021,General hospital,0
220090,2022,General hospital,0
220090,2023,General hospital,0
220090,2024,General hospital,0
220095,2019,General hospital,0
220095,2020,General hospital,0
220095,2021,General hospital,1
220095,2022,General hospital,0
220095,2023,General hospital,0
220095,2024,General hospital,0
220098,2019,General hospital,0
220098,2020,General hospital,0
220098,2021,General hospital,0
220098,2022,General hospital,0
220098,2023,General hospital,0
220098,2024,General hospital,0
220100,2019,General hospital,0
220100,2020,General hospital,0
220100,2021,General hospital,0
220100,2022,General hospital,0
220100,2023,General hospital,0
220100,2024,General hospital,0
220101,2019,General hospital,0
220101,2020,General hospital,0
220101,2021,General hospital,0
220101,2022,General hospital,0
220101,2023,General hospital,0
220101,2024,General hospital,0
220105,2019,General hospital,0
220105,2020,General hospital,0
220105,2021,General hospital,0
220105,2022,General hospital,0
220105,2023,General hospital,0
220105,2024,General hospital,0
220108,2019,General hospital,0
220108,2020,General hospital,0
220108,2021,General hospital,0
220108,2022,General hospital,0
220108,2023,General hospital,0
220108,2024,General hospital,0
220110,2019,General hospital,0
220110,2020,General hospital,0
220110,2021,General hospital,0
220110,2022,General hospital,0
220110,2023,General hospital,0
220110,2024,General hospital,0
220111,2019,General hospital,0
220111,2020,General hospital,0
220111,2021,General hospital,0
220111,2022,General hospital,0
220111,2023,General hospital,0
220111,2024,General hospital,0
220116,2019,General hospital,0
220116,2020,General hospital,0
220116,2021,General hospital,0
220116,2022,General hospital,0
220116,2023,General hospital,0
220116,2024,General hospital,0
220119,2019,General hospital,0
220119,2020,General hospital,0
220119,2021,General hospital,0
220119,2022,General hospital,0
220119,2023,General hospital,0
220119,2024,General hospital,0
220126,2019,General hospital,0
220126,2020,General hospital,0
220126,2021,General hospital,1
220126,2022,General hospital,1
220126,2023,General hospital,1
220126,2024,General hospital,1
220135,2019,General hospital,0
220135,2020,General hospital,0
220135,2021,General hospital,0
220135,2022,General hospital,0
220135,2023,General hospital,0
220135,2024,General hospital,0
220163,2019,General hospital,1
220163,2020,General hospital,0
220163,2021,General hospital,0
220163,2022,General hospital,0
220163,2023,General hospital,0
220163,2024,General hospital,0
220171,2019,General hospital,0
220171,2020,General hospital,0
220171,2021,General hospital,0
220171,2022,General hospital,0
220171,2023,General hospital,0
220171,2024,General hospital,0
220175,2019,General hospital,0
220175,2020,General hospital,0
220175,2021,General hospital,1
220175,2022,General hospital,1
220175,2023,General hospital,1
220175,2024,General hospital,1
220176,2019,General hospital,0
220176,2020,General hospital,0
220176,2021,General hospital,1
220176,2022,General hospital,1
220176,2023,General hospital,1
220176,2024,General hospital,1
220177,2019,General hospital,1
220177,2020,General hospital,0
220177,2021,General hospital,0
220177,2022,General hospital,0
220177,2023,General hospital,0
220177,2024,General hospital,0
221300,2019,Small rural (critical access),0
221300,2020,Small rural (critical access),0
221300,2021,Small rural (critical access),0
221300,2022,Small rural (critical access),0
221300,2023,Small rural (critical access),0
221300,2024,Small rural (critical access),0
221302,2019,Small rural (critical access),1
221302,2020,Small rural (critical access),1
221302,2021,Small rural (critical access),0
221302,2022,Small rural (critical access),0
221302,2023,Small rural (critical access),0
221302,2024,Small rural (critical access),0
221303,2019,Small rural (critical access),1
221303,2020,Small rural (critical access),1
221303,2021,Small rural (critical access),1
221303,2022,Small rural (critical access),0
221303,2023,Small rural (critical access),0
221303,2024,Small rural (critical access),0
230002,2019,General hospital,0
230002,2020,General hospital,0
230002,2021,General hospital,0
230002,2022,General hospital,0
230002,2023,General hospital,0
230002,2024,General hospital,0
230003,2019,General hospital,0
230003,2020,General hospital,0
230003,2021,General hospital,0
230003,2022,General hospital,0
230003,2023,General hospital,0
230003,2024,General hospital,0
230005,2019,General hospital,0
230005,2020,General hospital,0
230005,2021,General hospital,0
230005,2022,General hospital,0
230005,2023,General hospital,0
230005,2024,General hospital,0
230013,2019,General hospital,1
230013,2020,General hospital,1
230013,2021,General hospital,1
230013,2022,General hospital,1
230013,2023,General hospital,1
230013,2024,General hospital,1
230015,2019,General hospital,0
230015,2020,General hospital,0
230015,2021,General hospital,0
230015,2022,General hospital,0
230015,2023,General hospital,0
230015,2024,General hospital,0
230017,2019,General hospital,0
230017,2020,General hospital,0
230017,2021,General hospital,0
230017,2022,General hospital,0
230017,2023,General hospital,0
230017,2024,General hospital,0
230019,2019,General hospital,0
230019,2020,General hospital,0
230019,2021,General hospital,0
230019,2022,General hospital,0
230019,2023,General hospital,0
230019,2024,General hospital,0
230020,2019,General hospital,0
230020,2020,General hospital,0
230020,2021,General hospital,0
230020,2022,General hospital,0
230020,2023,General hospital,0
230020,2024,General hospital,0
230021,2019,General hospital,1
230021,2020,General hospital,0
230021,2021,General hospital,0
230021,2022,General hospital,1
230021,2023,General hospital,0
230021,2024,General hospital,0
230022,2019,General hospital,0
230022,2020,General hospital,0
230022,2021,General hospital,0
230022,2022,General hospital,0
230022,2023,General hospital,0
230022,2024,General hospital,0
230024,2019,General hospital,0
230024,2020,General hospital,0
230024,2021,General hospital,0
230024,2022,General hospital,0
230024,2023,General hospital,0
230024,2024,General hospital,0
230029,2019,General hospital,0
230029,2020,General hospital,0
230029,2021,General hospital,0
230029,2022,General hospital,0
230029,2023,General hospital,0
230029,2024,General hospital,0
230030,2019,General hospital,0
230030,2020,General hospital,0
230030,2021,General hospital,0
230030,2022,General hospital,0
230030,2023,General hospital,0
230030,2024,General hospital,0
230031,2019,General hospital,0
230031,2020,General hospital,0
230031,2021,General hospital,0
230031,2022,General hospital,0
230031,2023,General hospital,0
230031,2024,General hospital,0
230035,2019,General hospital,0
230035,2020,General hospital,0
230035,2021,General hospital,0
230035,2022,General hospital,0
230035,2023,General hospital,0
230035,2024,General hospital,0
230036,2019,General hospital,0
230036,2020,General hospital,0
230036,2021,General hospital,0
230036,2022,General hospital,0
230036,2023,General hospital,0
230036,2024,General hospital,0
230037,2019,General hospital,0
230037,2020,General hospital,0
230037,2021,General hospital,0
230037,2022,General hospital,0
230037,2023,General hospital,0
230037,2024,General hospital,0
230038,2019,General hospital,0
230038,2020,General hospital,0
230038,2021,General hospital,0
230038,2022,General hospital,0
230038,2023,General hospital,0
230038,2024,General hospital,0
230040,2019,General hospital,0
230041,2019,General hospital,0
230041,2020,General hospital,0
230041,2021,General hospital,1
230041,2022,General hospital,0
230041,2023,General hospital,0
230041,2024,General hospital,0
230046,2019,General hospital,0
230046,2020,General hospital,0
230046,2021,General hospital,0
230046,2022,General hospital,0
230046,2023,General hospital,0
230046,2024,General hospital,0
230047,2019,General hospital,0
230047,2020,General hospital,0
230047,2021,General hospital,0
230047,2022,General hospital,0
230047,2023,General hospital,0
230047,2024,General hospital,0
230053,2019,General hospital,0
230053,2020,General hospital,0
230053,2021,General hospital,0
230053,2022,General hospital,0
230053,2023,General hospital,0
230053,2024,General hospital,0
230054,2019,General hospital,0
230054,2020,General hospital,0
230054,2021,General hospital,0
230054,2022,General hospital,0
230054,2023,General hospital,0
230054,2024,General hospital,0
230055,2019,General hospital,0
230055,2020,General hospital,0
230055,2021,General hospital,0
230055,2022,General hospital,0
230055,2023,General hospital,0
230055,2024,General hospital,1
230058,2019,General hospital,0
230058,2020,General hospital,0
230058,2021,General hospital,0
230058,2022,General hospital,0
230058,2023,General hospital,0
230058,2024,General hospital,0
230059,2019,General hospital,0
230059,2020,General hospital,0
230059,2021,General hospital,0
230059,2022,General hospital,0
230059,2023,General hospital,0
230059,2024,General hospital,0
230066,2019,General hospital,0
230066,2020,General hospital,0
230066,2021,General hospital,0
230066,2022,General hospital,0
230066,2023,General hospital,0
230066,2024,General hospital,0
230069,2019,General hospital,0
230069,2020,General hospital,0
230069,2021,General hospital,0
230069,2022,General hospital,0
230069,2023,General hospital,0
230069,2024,General hospital,0
230070,2019,General hospital,0
230070,2020,General hospital,0
230070,2021,General hospital,0
230070,2022,General hospital,0
230070,2023,General hospital,0
230070,2024,General hospital,0
230071,2019,General hospital,0
230071,2020,General hospital,0
230071,2021,General hospital,0
230071,2022,General hospital,1
230071,2023,General hospital,1
230071,2024,General hospital,0
230072,2019,General hospital,0
230072,2020,General hospital,0
230072,2021,General hospital,0
230072,2022,General hospital,0
230072,2023,General hospital,0
230072,2024,General hospital,1
230075,2019,General hospital,0
230075,2020,General hospital,0
230075,2021,General hospital,0
230075,2022,General hospital,0
230075,2023,General hospital,0
230075,2024,General hospital,0
230077,2019,General hospital,0
230077,2020,General hospital,0
230077,2021,General hospital,0
230077,2022,General hospital,0
230077,2023,General hospital,0
230077,2024,General hospital,1
230078,2019,General hospital,0
230078,2020,General hospital,0
230078,2021,General hospital,0
230078,2022,General hospital,1
230078,2023,General hospital,0
230078,2024,General hospital,0
230080,2019,General hospital,0
230080,2020,General hospital,0
230080,2021,General hospital,1
230080,2022,General hospital,0
230080,2023,General hospital,0
230080,2024,General hospital,0
230081,2019,General hospital,0
230081,2020,General hospital,0
230081,2021,General hospital,0
230081,2022,General hospital,0
230081,2023,General hospital,0
230081,2024,General hospital,0
230085,2019,General hospital,0
230085,2020,General hospital,0
230085,2021,General hospital,0
230085,2022,General hospital,0
230085,2023,General hospital,0
230085,2024,General hospital,0
230089,2019,General hospital,0
230089,2020,General hospital,0
230089,2021,General hospital,0
230089,2022,General hospital,0
230089,2023,General hospital,0
230089,2024,General hospital,0
230092,2019,General hospital,0
230092,2020,General hospital,0
230092,2021,General hospital,0
230092,2022,General hospital,0
230092,2023,General hospital,0
230092,2024,General hospital,0
230093,2019,General hospital,0
230093,2020,General hospital,0
230093,2021,General hospital,0
230093,2022,General hospital,0
230093,2023,General hospital,0
230093,2024,General hospital,0
230095,2019,General hospital,0
230095,2020,General hospital,0
230095,2021,General hospital,0
230095,2022,General hospital,0
230095,2023,General hospital,0
230095,2024,General hospital,0
230096,2019,General hospital,0
230096,2020,General hospital,0
230096,2021,General hospital,0
230096,2022,General hospital,0
230096,2023,General hospital,0
230097,2019,General hospital,0
230097,2020,General hospital,0
230097,2021,General hospital,0
230097,2022,General hospital,0
230097,2023,General hospital,0
230097,2024,General hospital,0
230099,2019,General hospital,0
230099,2020,General hospital,0
230099,2021,General hospital,0
230099,2022,General hospital,0
230099,2023,General hospital,0
230099,2024,General hospital,0
230100,2019,General hospital,0
230100,2020,General hospital,0
230100,2021,General hospital,0
230100,2022,General hospital,0
230100,2023,General hospital,0
230100,2024,General hospital,1
230104,2019,General hospital,0
230104,2020,General hospital,0
230104,2021,General hospital,0
230104,2022,General hospital,0
230104,2023,General hospital,0
230104,2024,General hospital,0
230105,2019,General hospital,0
230105,2020,General hospital,0
230105,2021,General hospital,1
230105,2022,General hospital,1
230105,2023,General hospital,1
230105,2024,General hospital,0
230108,2019,General hospital,0
230108,2020,General hospital,0
230108,2021,General hospital,0
230108,2022,General hospital,0
230108,2023,General hospital,0
230108,2024,General hospital,0
230110,2019,General hospital,0
230110,2020,General hospital,0
230110,2021,General hospital,0
230110,2022,General hospital,0
230110,2023,General hospital,0
230110,2024,General hospital,0
230117,2019,General hospital,0
230117,2020,General hospital,0
230117,2021,General hospital,0
230117,2022,General hospital,0
230117,2023,General hospital,0
230117,2024,General hospital,0
230118,2019,General hospital,0
230118,2020,General hospital,0
230118,2021,General hospital,0
230121,2019,General hospital,0
230121,2020,General hospital,0
230121,2021,General hospital,0
230121,2022,General hospital,0
230121,2023,General hospital,0
230121,2024,General hospital,0
230130,2019,General hospital,0
230130,2020,General hospital,0
230130,2021,General hospital,0
230130,2022,General hospital,0
230130,2023,General hospital,0
230130,2024,General hospital,0
230132,2019,General hospital,1
230132,2020,General hospital,0
230132,2021,General hospital,0
230132,2022,General hospital,1
230132,2023,General hospital,1
230132,2024,General hospital,0
230133,2019,General hospital,0
230133,2020,General hospital,0
230133,2021,General hospital,0
230133,2022,General hospital,0
230133,2023,General hospital,0
230133,2024,General hospital,0
230141,2019,General hospital,0
230141,2020,General hospital,0
230141,2021,General hospital,1
230141,2022,General hospital,1
230141,2023,General hospital,0
230141,2024,General hospital,0
230142,2019,General hospital,0
230142,2020,General hospital,0
230142,2021,General hospital,0
230142,2022,General hospital,0
230142,2023,General hospital,0
230142,2024,General hospital,0
230144,2019,General hospital,1
230144,2020,General hospital,1
230144,2021,General hospital,1
230144,2022,General hospital,1
230144,2023,General hospital,1
230144,2024,General hospital,1
230146,2019,General hospital,0
230146,2020,General hospital,0
230146,2021,General hospital,0
230146,2022,General hospital,0
230146,2023,General hospital,0
230146,2024,General hospital,0
230151,2019,General hospital,0
230151,2020,General hospital,0
230151,2021,General hospital,0
230151,2022,General hospital,0
230151,2023,General hospital,0
230151,2024,General hospital,0
230156,2019,General hospital,0
230156,2020,General hospital,0
230156,2021,General hospital,0
230156,2022,General hospital,0
230156,2023,General hospital,0
230156,2024,General hospital,0
230165,2019,General hospital,0
230165,2020,General hospital,0
230165,2021,General hospital,0
230165,2022,General hospital,0
230165,2023,General hospital,0
230165,2024,General hospital,0
230167,2019,General hospital,0
230167,2020,General hospital,0
230167,2021,General hospital,0
230167,2022,General hospital,0
230167,2023,General hospital,0
230167,2024,General hospital,0
230174,2019,General hospital,1
230174,2020,General hospital,0
230174,2021,General hospital,0
230174,2022,General hospital,0
230174,2023,General hospital,0
230174,2024,General hospital,0
230176,2019,General hospital,0
230176,2020,General hospital,0
230176,2021,General hospital,0
230176,2022,General hospital,0
230176,2023,General hospital,0
230176,2024,General hospital,0
230180,2019,General hospital,0
230180,2020,General hospital,0
230180,2021,General hospital,0
230180,2022,General hospital,0
230180,2023,General hospital,0
230180,2024,General hospital,0
230193,2019,General hospital,0
230193,2020,General hospital,0
230193,2021,General hospital,1
230193,2022,General hospital,1
230193,2023,General hospital,0
230193,2024,General hospital,0
230195,2019,General hospital,0
230195,2020,General hospital,0
230195,2021,General hospital,0
230195,2022,General hospital,0
230195,2023,General hospital,0
230195,2024,General hospital,0
230197,2019,General hospital,0
230197,2020,General hospital,0
230197,2021,General hospital,0
230197,2022,General hospital,0
230197,2023,General hospital,0
230197,2024,General hospital,1
230207,2019,General hospital,0
230207,2020,General hospital,0
230207,2021,General hospital,1
230207,2022,General hospital,0
230207,2023,General hospital,0
230207,2024,General hospital,0
230208,2019,General hospital,0
230208,2020,General hospital,0
230208,2021,General hospital,0
230208,2022,General hospital,0
230208,2023,General hospital,0
230208,2024,General hospital,0
230216,2019,General hospital,0
230216,2020,General hospital,0
230216,2021,General hospital,0
230216,2022,General hospital,0
230216,2023,General hospital,0
230216,2024,General hospital,0
230217,2019,General hospital,0
230217,2020,General hospital,0
230217,2021,General hospital,0
230217,2022,General hospital,0
230217,2023,General hospital,0
230217,2024,General hospital,0
230222,2019,General hospital,0
230222,2020,General hospital,0
230222,2021,General hospital,0
230222,2022,General hospital,0
230222,2023,General hospital,0
230222,2024,General hospital,0
230227,2019,General hospital,0
230227,2020,General hospital,0
230227,2021,General hospital,1
230227,2022,General hospital,1
230227,2023,General hospital,0
230227,2024,General hospital,0
230230,2019,General hospital,0
230230,2020,General hospital,0
230230,2021,General hospital,0
230230,2022,General hospital,0
230230,2023,General hospital,1
230230,2024,General hospital,0
230236,2019,General hospital,0
230236,2020,General hospital,0
230236,2021,General hospital,0
230236,2022,General hospital,0
230236,2023,General hospital,0
230236,2024,General hospital,0
230239,2019,General hospital,0
230239,2020,General hospital,0
230239,2021,General hospital,0
230239,2022,General hospital,0
230239,2023,General hospital,0
230239,2024,General hospital,1
230241,2019,General hospital,0
230241,2020,General hospital,0
230241,2021,General hospital,0
230241,2022,General hospital,0
230241,2023,General hospital,0
230241,2024,General hospital,0
230244,2019,General hospital,0
230244,2020,General hospital,0
230244,2021,General hospital,0
230244,2022,General hospital,0
230244,2023,General hospital,0
230244,2024,General hospital,0
230254,2019,General hospital,0
230254,2020,General hospital,0
230254,2021,General hospital,0
230254,2022,General hospital,0
230254,2023,General hospital,0
230254,2024,General hospital,0
230259,2019,General hospital,0
230259,2020,General hospital,0
230259,2021,General hospital,0
230259,2022,General hospital,0
230259,2023,General hospital,0
230259,2024,General hospital,0
230264,2019,General hospital,0
230264,2020,General hospital,0
230264,2021,General hospital,0
230264,2022,General hospital,0
230264,2023,General hospital,0
230264,2024,General hospital,0
230269,2019,General hospital,0
230269,2020,General hospital,0
230269,2021,General hospital,0
230269,2022,General hospital,0
230269,2023,General hospital,0
230269,2024,General hospital,0
230270,2019,General hospital,0
230270,2020,General hospital,0
230270,2021,General hospital,0
230270,2022,General hospital,0
230270,2023,General hospital,0
230270,2024,General hospital,0
230273,2019,General hospital,0
230273,2020,General hospital,0
230273,2021,General hospital,0
230273,2022,General hospital,0
230273,2023,General hospital,0
230273,2024,General hospital,0
230275,2019,General hospital,0
230275,2020,General hospital,0
230275,2021,General hospital,0
230275,2022,General hospital,0
230275,2023,General hospital,0
230275,2024,General hospital,0
230277,2019,General hospital,0
230277,2020,General hospital,0
230277,2021,General hospital,0
230277,2022,General hospital,0
230277,2023,General hospital,0
230277,2024,General hospital,0
230279,2019,General hospital,0
230279,2020,General hospital,0
230279,2021,General hospital,0
230279,2022,General hospital,1
230279,2023,General hospital,1
230279,2024,General hospital,1
230297,2019,General hospital,0
230297,2020,General hospital,0
230297,2021,General hospital,0
230297,2022,General hospital,0
230297,2023,General hospital,0
230297,2024,General hospital,0
230301,2019,General hospital,1
230301,2020,General hospital,0
230301,2021,General hospital,0
230301,2022,General hospital,0
230301,2023,General hospital,0
230301,2024,General hospital,0
230302,2019,General hospital,0
230302,2020,General hospital,0
230302,2021,General hospital,0
230302,2022,General hospital,0
230302,2023,General hospital,0
230302,2024,General hospital,0
230303,2019,General hospital,0
230303,2020,General hospital,0
230303,2021,General hospital,0
230303,2022,General hospital,0
230303,2023,General hospital,0
230303,2024,General hospital,0
231300,2019,Small rural (critical access),1
231300,2020,Small rural (critical access),1
231300,2021,Small rural (critical access),1
231300,2022,Small rural (critical access),1
231300,2023,Small rural (critical access),1
231300,2024,Small rural (critical access),1
231301,2019,Small rural (critical access),1
231301,2020,Small rural (critical access),1
231301,2021,Small rural (critical access),0
231301,2022,Small rural (critical access),0
231301,2023,Small rural (critical access),0
231301,2024,Small rural (critical access),0
231303,2019,Small rural (critical access),1
231303,2020,Small rural (critical access),1
231303,2021,Small rural (critical access),0
231303,2022,Small rural (critical access),0
231303,2023,Small rural (critical access),0
231303,2024,Small rural (critical access),0
231304,2019,Small rural (critical access),1
231304,2020,Small rural (critical access),1
231304,2021,Small rural (critical access),0
231304,2022,Small rural (critical access),0
231304,2023,Small rural (critical access),1
231304,2024,Small rural (critical access),1
231305,2019,Small rural (critical access),0
231305,2020,Small rural (critical access),0
231305,2021,Small rural (critical access),0
231305,2022,Small rural (critical access),0
231305,2023,Small rural (critical access),0
231305,2024,Small rural (critical access),1
231306,2019,Small rural (critical access),1
231306,2020,Small rural (critical access),1
231306,2021,Small rural (critical access),1
231306,2022,Small rural (critical access),1
231306,2023,Small rural (critical access),1
231306,2024,Small rural (critical access),1
231307,2019,Small rural (critical access),0
231307,2020,Small rural (critical access),0
231307,2021,Small rural (critical access),1
231307,2022,Small rural (critical access),0
231307,2023,Small rural (critical access),0
231307,2024,Small rural (critical access),0
231308,2019,Small rural (critical access),1
231308,2020,Small rural (critical access),1
231308,2021,Small rural (critical access),0
231308,2022,Small rural (critical access),1
231308,2023,Small rural (critical access),0
231308,2024,Small rural (critical access),1
231309,2019,Small rural (critical access),0
231309,2020,Small rural (critical access),0
231309,2021,Small rural (critical access),0
231309,2022,Small rural (critical access),0
231309,2023,Small rural (critical access),0
231309,2024,Small rural (critical access),0
231310,2019,Small rural (critical access),0
231310,2020,Small rural (critical access),0
231310,2021,Small rural (critical access),0
231310,2022,Small rural (critical access),0
231310,2023,Small rural (critical access),0
231310,2024,Small rural (critical access),0
231311,2019,Small rural (critical access),1
231311,2020,Small rural (critical access),0
231311,2021,Small rural (critical access),0
231311,2022,Small rural (critical access),0
231311,2023,Small rural (critical access),0
231311,2024,Small rural (critical access),0
231312,2019,Small rural (critical access),0
231312,2020,Small rural (critical access),0
231312,2021,Small rural (critical access),1
231312,2022,Small rural (critical access),1
231312,2023,Small rural (critical access),1
231312,2024,Small rural (critical access),0
231313,2019,Small rural (critical access),0
231313,2020,Small rural (critical access),0
231313,2021,Small rural (critical access),0
231313,2022,Small rural (critical access),0
231313,2023,Small rural (critical access),0
231313,2024,Small rural (critical access),1
231314,2019,Small rural (critical access),0
231314,2020,Small rural (critical access),0
231314,2021,Small rural (critical access),0
231314,2022,Small rural (critical access),0
231314,2023,Small rural (critical access),0
231314,2024,Small rural (critical access),0
231315,2019,Small rural (critical access),0
231315,2020,Small rural (critical access),0
231315,2021,Small rural (critical access),0
231315,2022,Small rural (critical access),0
231315,2023,Small rural (critical access),0
231315,2024,Small rural (critical access),0
231316,2019,Small rural (critical access),0
231316,2020,Small rural (critical access),0
231316,2021,Small rural (critical access),1
231316,2022,Small rural (critical access),0
231316,2023,Small rural (critical access),0
231316,2024,Small rural (critical access),0
231317,2019,Small rural (critical access),0
231317,2020,Small rural (critical access),0
231317,2021,Small rural (critical access),0
231317,2022,Small rural (critical access),0
231317,2023,Small rural (critical access),0
231317,2024,Small rural (critical access),1
231318,2019,Small rural (critical access),0
231318,2020,Small rural (critical access),0
231318,2021,Small rural (critical access),0
231318,2022,Small rural (critical access),0
231318,2023,Small rural (critical access),0
231318,2024,Small rural (critical access),0
231319,2019,Small rural (critical access),0
231319,2020,Small rural (critical access),0
231319,2021,Small rural (critical access),0
231319,2022,Small rural (critical access),0
231319,2023,Small rural (critical access),0
231319,2024,Small rural (critical access),0
231320,2019,Small rural (critical access),0
231320,2020,Small rural (critical access),0
231320,2021,Small rural (critical access),0
231320,2022,Small rural (critical access),0
231320,2023,Small rural (critical access),0
231320,2024,Small rural (critical access),0
231321,2019,Small rural (critical access),0
231321,2020,Small rural (critical access),0
231321,2021,Small rural (critical access),0
231321,2022,Small rural (critical access),0
231321,2023,Small rural (critical access),1
231321,2024,Small rural (critical access),0
231322,2019,Small rural (critical access),0
231322,2020,Small rural (critical access),0
231322,2021,Small rural (critical access),0
231322,2022,Small rural (critical access),0
231322,2023,Small rural (critical access),0
231322,2024,Small rural (critical access),0
231323,2019,Small rural (critical access),0
231323,2020,Small rural (critical access),0
231323,2021,Small rural (critical access),0
231323,2022,Small rural (critical access),0
231323,2023,Small rural (critical access),0
231323,2024,Small rural (critical access),1
231324,2019,Small rural (critical access),0
231324,2020,Small rural (critical access),0
231324,2021,Small rural (critical access),0
231324,2022,Small rural (critical access),1
231324,2023,Small rural (critical access),0
231324,2024,Small rural (critical access),1
231325,2019,Small rural (critical access),0
231325,2020,Small rural (critical access),0
231325,2021,Small rural (critical access),0
231325,2022,Small rural (critical access),0
231325,2023,Small rural (critical access),1
231325,2024,Small rural (critical access),0
231326,2019,Small rural (critical access),0
231326,2020,Small rural (critical access),1
231326,2021,Small rural (critical access),0
231326,2022,Small rural (critical access),0
231326,2023,Small rural (critical access),0
231326,2024,Small rural (critical access),0
231327,2019,Small rural (critical access),1
231327,2020,Small rural (critical access),0
231327,2021,Small rural (critical access),0
231327,2022,Small rural (critical access),0
231327,2023,Small rural (critical access),0
231327,2024,Small rural (critical access),0
231328,2019,Small rural (critical access),0
231328,2020,Small rural (critical access),0
231328,2021,Small rural (critical access),0
231328,2022,Small rural (critical access),0
231328,2023,Small rural (critical access),1
231328,2024,Small rural (critical access),1
231329,2019,Small rural (critical access),0
231329,2020,Small rural (critical access),0
231329,2021,Small rural (critical access),0
231329,2022,Small rural (critical access),0
231329,2023,Small rural (critical access),0
231329,2024,Small rural (critical access),0
231330,2019,Small rural (critical access),0
231330,2020,Small rural (critical access),0
231330,2021,Small rural (critical access),0
231330,2022,Small rural (critical access),0
231330,2023,Small rural (critical access),0
231330,2024,Small rural (critical access),0
231331,2019,Small rural (critical access),0
231331,2020,Small rural (critical access),1
231331,2021,Small rural (critical access),0
231331,2022,Small rural (critical access),0
231331,2023,Small rural (critical access),0
231331,2024,Small rural (critical access),0
231332,2019,Small rural (critical access),0
231332,2020,Small rural (critical access),0
231332,2021,Small rural (critical access),0
231332,2022,Small rural (critical access),0
231332,2023,Small rural (critical access),0
231332,2024,Small rural (critical access),0
231333,2019,Small rural (critical access),0
231333,2020,Small rural (critical access),0
231333,2021,Small rural (critical access),0
231333,2022,Small rural (critical access),0
231333,2023,Small rural (critical access),0
231333,2024,Small rural (critical access),0
231334,2019,Small rural (critical access),0
231334,2020,Small rural (critical access),0
231337,2019,Small rural (critical access),0
231337,2020,Small rural (critical access),0
231337,2021,Small rural (critical access),0
231337,2022,Small rural (critical access),0
231337,2023,Small rural (critical access),0
231337,2024,Small rural (critical access),0
231338,2019,Small rural (critical access),0
231338,2020,Small rural (critical access),0
231338,2021,Small rural (critical access),0
231338,2022,Small rural (critical access),0
231338,2023,Small rural (critical access),0
231338,2024,Small rural (critical access),0
231339,2020,Small rural (critical access),1
231339,2021,Small rural (critical access),0
231339,2022,Small rural (critical access),0
231339,2023,Small rural (critical access),0
231339,2024,Small rural (critical access),0
231340,2022,Small rural (critical access),1
231340,2023,Small rural (critical access),0
231340,2024,Small rural (critical access),1
240001,2019,General hospital,0
240001,2020,General hospital,0
240001,2021,General hospital,0
240001,2022,General hospital,0
240001,2023,General hospital,0
240001,2024,General hospital,0
240002,2019,General hospital,0
240002,2020,General hospital,0
240002,2021,General hospital,1
240002,2022,General hospital,0
240002,2023,General hospital,0
240002,2024,General hospital,0
240004,2019,General hospital,0
240004,2020,General hospital,0
240004,2021,General hospital,0
240004,2022,General hospital,0
240004,2023,General hospital,0
240004,2024,General hospital,0
240006,2019,General hospital,0
240006,2020,General hospital,0
240006,2021,General hospital,0
240006,2022,General hospital,0
240006,2023,General hospital,0
240006,2024,General hospital,0
240010,2019,General hospital,0
240010,2020,General hospital,0
240010,2021,General hospital,0
240010,2022,General hospital,0
240010,2023,General hospital,0
240010,2024,General hospital,0
240014,2019,General hospital,0
240014,2020,General hospital,0
240014,2021,General hospital,0
240014,2022,General hospital,0
240014,2023,General hospital,1
240014,2024,General hospital,0
240018,2019,General hospital,0
240018,2020,General hospital,0
240018,2021,General hospital,0
240018,2022,General hospital,0
240018,2023,General hospital,0
240018,2024,General hospital,0
240019,2019,General hospital,0
240019,2020,General hospital,0
240019,2021,General hospital,1
240019,2022,General hospital,0
240019,2023,General hospital,0
240019,2024,General hospital,0
240020,2019,General hospital,0
240020,2020,General hospital,0
240020,2021,General hospital,0
240020,2022,General hospital,0
240020,2023,General hospital,0
240020,2024,General hospital,0
240022,2019,General hospital,0
240022,2020,General hospital,0
240022,2021,General hospital,0
240022,2022,General hospital,0
240022,2023,General hospital,0
240022,2024,General hospital,0
240030,2019,General hospital,0
240030,2020,General hospital,0
240030,2021,General hospital,0
240030,2022,General hospital,0
240030,2023,General hospital,0
240030,2024,General hospital,0
240036,2019,General hospital,0
240036,2020,General hospital,0
240036,2021,General hospital,0
240036,2022,General hospital,0
240036,2023,General hospital,0
240036,2024,General hospital,0
240038,2019,General hospital,0
240038,2020,General hospital,0
240038,2021,General hospital,0
240038,2022,General hospital,0
240038,2023,General hospital,0
240038,2024,General hospital,0
240040,2019,General hospital,1
240040,2020,General hospital,0
240040,2021,General hospital,0
240040,2022,General hospital,0
240040,2023,General hospital,0
240040,2024,General hospital,0
240043,2019,General hospital,0
240043,2020,General hospital,0
240043,2021,General hospital,0
240043,2022,General hospital,0
240043,2023,General hospital,0
240043,2024,General hospital,0
240044,2019,General hospital,0
240044,2020,General hospital,0
240044,2021,General hospital,0
240044,2022,General hospital,0
240044,2023,General hospital,0
240044,2024,General hospital,0
240047,2019,General hospital,1
240047,2020,General hospital,1
240047,2021,General hospital,0
240047,2022,General hospital,0
240047,2023,General hospital,0
240047,2024,General hospital,0
240050,2019,General hospital,1
240050,2020,General hospital,0
240050,2021,General hospital,0
240050,2022,General hospital,0
240050,2023,General hospital,0
240050,2024,General hospital,0
240052,2019,General hospital,0
240052,2020,General hospital,0
240052,2021,General hospital,0
240052,2022,General hospital,0
240052,2023,General hospital,0
240052,2024,General hospital,0
240053,2019,General hospital,0
240053,2020,General hospital,0
240053,2021,General hospital,0
240053,2022,General hospital,0
240053,2023,General hospital,0
240053,2024,General hospital,0
240056,2019,General hospital,0
240056,2020,General hospital,0
240056,2021,General hospital,0
240056,2022,General hospital,0
240056,2023,General hospital,0
240056,2024,General hospital,0
240057,2019,General hospital,0
240057,2020,General hospital,0
240057,2021,General hospital,0
240057,2022,General hospital,0
240057,2023,General hospital,0
240057,2024,General hospital,0
240059,2019,General hospital,0
240059,2020,General hospital,0
240059,2021,General hospital,0
240059,2022,General hospital,0
240063,2019,General hospital,1
240063,2020,General hospital,0
240063,2021,General hospital,0
240063,2022,General hospital,0
240064,2019,General hospital,1
240064,2020,General hospital,0
240064,2021,General hospital,0
240064,2022,General hospital,0
240064,2023,General hospital,0
240064,2024,General hospital,0
240066,2019,General hospital,0
240066,2020,General hospital,0
240066,2021,General hospital,0
240066,2022,General hospital,0
240066,2023,General hospital,0
240066,2024,General hospital,0
240069,2019,General hospital,0
240069,2020,General hospital,0
240069,2021,General hospital,0
240069,2022,General hospital,0
240069,2023,General hospital,0
240069,2024,General hospital,0
240071,2019,General hospital,0
240071,2020,General hospital,0
240071,2021,General hospital,0
240071,2022,General hospital,0
240071,2023,General hospital,0
240071,2024,General hospital,0
240075,2019,General hospital,0
240075,2020,General hospital,0
240075,2021,General hospital,1
240075,2022,General hospital,0
240075,2023,General hospital,0
240075,2024,General hospital,0
240076,2019,General hospital,0
240076,2020,General hospital,0
240076,2021,General hospital,0
240076,2022,General hospital,0
240076,2023,General hospital,0
240076,2024,General hospital,0
240078,2019,General hospital,1
240078,2020,General hospital,0
240078,2021,General hospital,0
240078,2022,General hospital,0
240078,2023,General hospital,0
240078,2024,General hospital,0
240080,2019,General hospital,1
240080,2020,General hospital,0
240080,2021,General hospital,0
240080,2022,General hospital,0
240080,2023,General hospital,0
240080,2024,General hospital,0
240084,2019,General hospital,0
240084,2020,General hospital,0
240084,2021,General hospital,1
240084,2022,General hospital,0
240084,2023,General hospital,0
240084,2024,General hospital,0
240088,2019,General hospital,0
240088,2020,General hospital,0
240088,2021,General hospital,0
240088,2022,General hospital,0
240088,2023,General hospital,0
240088,2024,General hospital,0
240093,2019,General hospital,0
240093,2020,General hospital,0
240093,2021,General hospital,0
240093,2022,General hospital,0
240093,2023,General hospital,0
240093,2024,General hospital,0
240100,2019,General hospital,0
240100,2020,General hospital,0
240100,2021,General hospital,0
240100,2022,General hospital,0
240100,2023,General hospital,0
240100,2024,General hospital,0
240101,2019,General hospital,0
240101,2020,General hospital,0
240101,2021,General hospital,1
240101,2022,General hospital,0
240101,2023,General hospital,0
240101,2024,General hospital,0
240104,2019,General hospital,0
240104,2020,General hospital,0
240104,2021,General hospital,0
240104,2022,General hospital,0
240104,2023,General hospital,0
240104,2024,General hospital,0
240106,2019,General hospital,0
240106,2020,General hospital,0
240106,2021,General hospital,0
240106,2022,General hospital,0
240106,2023,General hospital,0
240106,2024,General hospital,0
240115,2019,General hospital,0
240115,2020,General hospital,0
240115,2021,General hospital,0
240115,2022,General hospital,0
240115,2023,General hospital,0
240115,2024,General hospital,0
240141,2019,General hospital,1
240141,2020,General hospital,0
240141,2021,General hospital,0
240141,2022,General hospital,0
240141,2023,General hospital,0
240141,2024,General hospital,0
240166,2019,General hospital,0
240166,2020,General hospital,0
240166,2021,General hospital,0
240166,2022,General hospital,0
240166,2023,General hospital,0
240166,2024,General hospital,0
240187,2019,General hospital,0
240187,2020,General hospital,0
240187,2021,General hospital,0
240187,2022,General hospital,0
240187,2023,General hospital,0
240187,2024,General hospital,0
240196,2019,General hospital,1
240206,2019,General hospital,1
240206,2020,General hospital,1
240206,2021,General hospital,1
240206,2022,General hospital,1
240206,2023,General hospital,1
240206,2024,General hospital,1
240207,2019,General hospital,1
240207,2020,General hospital,0
240207,2021,General hospital,0
240207,2022,General hospital,0
240207,2023,General hospital,0
240207,2024,General hospital,0
240210,2019,General hospital,1
240210,2020,General hospital,0
240210,2021,General hospital,0
240210,2022,General hospital,0
240210,2023,General hospital,0
240210,2024,General hospital,0
240213,2019,General hospital,1
240213,2020,General hospital,0
240213,2021,General hospital,0
240213,2022,General hospital,0
240213,2023,General hospital,0
240213,2024,General hospital,0
240214,2019,General hospital,0
240214,2020,General hospital,0
240214,2021,General hospital,0
240214,2022,General hospital,0
240214,2023,General hospital,0
240214,2024,General hospital,0
241300,2019,Small rural (critical access),0
241300,2020,Small rural (critical access),0
241300,2021,Small rural (critical access),0
241300,2022,Small rural (critical access),0
241300,2023,Small rural (critical access),0
241300,2024,Small rural (critical access),0
241301,2019,Small rural (critical access),0
241301,2020,Small rural (critical access),0
241301,2021,Small rural (critical access),0
241301,2022,Small rural (critical access),0
241301,2023,Small rural (critical access),1
241301,2024,Small rural (critical access),0
241302,2019,Small rural (critical access),0
241302,2020,Small rural (critical access),0
241302,2021,Small rural (critical access),0
241302,2022,Small rural (critical access),0
241302,2023,Small rural (critical access),0
241302,2024,Small rural (critical access),0
241303,2019,Small rural (critical access),0
241303,2020,Small rural (critical access),0
241303,2021,Small rural (critical access),0
241303,2022,Small rural (critical access),0
241303,2023,Small rural (critical access),0
241303,2024,Small rural (critical access),0
241304,2019,Small rural (critical access),0
241304,2020,Small rural (critical access),0
241304,2021,Small rural (critical access),0
241304,2022,Small rural (critical access),0
241304,2023,Small rural (critical access),0
241304,2024,Small rural (critical access),0
241305,2019,Small rural (critical access),0
241305,2020,Small rural (critical access),0
241305,2021,Small rural (critical access),0
241305,2022,Small rural (critical access),0
241305,2023,Small rural (critical access),0
241305,2024,Small rural (critical access),0
241306,2019,Small rural (critical access),0
241306,2020,Small rural (critical access),0
241306,2021,Small rural (critical access),0
241306,2022,Small rural (critical access),0
241306,2023,Small rural (critical access),0
241306,2024,Small rural (critical access),0
241308,2019,Small rural (critical access),0
241308,2020,Small rural (critical access),0
241308,2021,Small rural (critical access),0
241308,2022,Small rural (critical access),0
241308,2023,Small rural (critical access),0
241308,2024,Small rural (critical access),0
241309,2019,Small rural (critical access),0
241309,2020,Small rural (critical access),0
241309,2021,Small rural (critical access),1
241309,2022,Small rural (critical access),0
241309,2023,Small rural (critical access),0
241309,2024,Small rural (critical access),0
241311,2019,Small rural (critical access),0
241311,2020,Small rural (critical access),0
241311,2021,Small rural (critical access),0
241311,2022,Small rural (critical access),0
241311,2023,Small rural (critical access),0
241311,2024,Small rural (critical access),0
241312,2019,Small rural (critical access),0
241312,2020,Small rural (critical access),1
241312,2021,Small rural (critical access),0
241312,2022,Small rural (critical access),0
241312,2023,Small rural (critical access),0
241312,2024,Small rural (critical access),0
241313,2019,Small rural (critical access),0
241313,2020,Small rural (critical access),0
241313,2021,Small rural (critical access),1
241313,2022,Small rural (critical access),0
241313,2023,Small rural (critical access),0
241313,2024,Small rural (critical access),0
241314,2019,Small rural (critical access),0
241314,2020,Small rural (critical access),0
241314,2021,Small rural (critical access),0
241314,2022,Small rural (critical access),0
241314,2023,Small rural (critical access),0
241314,2024,Small rural (critical access),0
241315,2019,Small rural (critical access),0
241315,2020,Small rural (critical access),0
241315,2021,Small rural (critical access),0
241315,2022,Small rural (critical access),0
241315,2023,Small rural (critical access),0
241315,2024,Small rural (critical access),0
241316,2019,Small rural (critical access),0
241316,2020,Small rural (critical access),0
241316,2021,Small rural (critical access),0
241316,2022,Small rural (critical access),0
241316,2023,Small rural (critical access),0
241316,2024,Small rural (critical access),0
241317,2019,Small rural (critical access),0
241317,2020,Small rural (critical access),0
241317,2021,Small rural (critical access),0
241317,2022,Small rural (critical access),0
241317,2023,Small rural (critical access),1
241317,2024,Small rural (critical access),0
241318,2019,Small rural (critical access),1
241318,2020,Small rural (critical access),0
241318,2021,Small rural (critical access),1
241318,2022,Small rural (critical access),1
241318,2023,Small rural (critical access),0
241318,2024,Small rural (critical access),1
241319,2019,Small rural (critical access),0
241319,2020,Small rural (critical access),0
241319,2021,Small rural (critical access),0
241319,2022,Small rural (critical access),0
241319,2023,Small rural (critical access),0
241319,2024,Small rural (critical access),1
241320,2019,Small rural (critical access),0
241320,2020,Small rural (critical access),0
241320,2021,Small rural (critical access),0
241320,2022,Small rural (critical access),0
241320,2023,Small rural (critical access),1
241320,2024,Small rural (critical access),0
241321,2019,Small rural (critical access),0
241321,2020,Small rural (critical access),0
241321,2021,Small rural (critical access),1
241321,2022,Small rural (critical access),0
241321,2023,Small rural (critical access),0
241321,2024,Small rural (critical access),0
241322,2019,Small rural (critical access),1
241322,2020,Small rural (critical access),1
241322,2021,Small rural (critical access),1
241322,2022,Small rural (critical access),0
241322,2023,Small rural (critical access),1
241322,2024,Small rural (critical access),0
241323,2019,Small rural (critical access),1
241323,2020,Small rural (critical access),1
241323,2021,Small rural (critical access),1
241323,2022,Small rural (critical access),1
241323,2023,Small rural (critical access),1
241323,2024,Small rural (critical access),1
241325,2019,Small rural (critical access),1
241325,2020,Small rural (critical access),1
241325,2021,Small rural (critical access),0
241325,2022,Small rural (critical access),1
241325,2023,Small rural (critical access),1
241325,2024,Small rural (critical access),0
241326,2019,Small rural (critical access),0
241326,2020,Small rural (critical access),0
241326,2021,Small rural (critical access),0
241326,2022,Small rural (critical access),0
241326,2023,Small rural (critical access),0
241326,2024,Small rural (critical access),0
241327,2019,Small rural (critical access),0
241327,2020,Small rural (critical access),1
241327,2021,Small rural (critical access),0
241327,2022,Small rural (critical access),0
241327,2023,Small rural (critical access),0
241327,2024,Small rural (critical access),0
241328,2019,Small rural (critical access),0
241328,2020,Small rural (critical access),0
241328,2021,Small rural (critical access),0
241328,2022,Small rural (critical access),0
241328,2023,Small rural (critical access),0
241328,2024,Small rural (critical access),0
241329,2019,Small rural (critical access),0
241329,2020,Small rural (critical access),0
241329,2021,Small rural (critical access),0
241329,2022,Small rural (critical access),1
241329,2023,Small rural (critical access),1
241329,2024,Small rural (critical access),0
241330,2019,Small rural (critical access),0
241330,2020,Small rural (critical access),0
241330,2021,Small rural (critical access),0
241330,2022,Small rural (critical access),0
241330,2023,Small rural (critical access),0
241330,2024,Small rural (critical access),0
241332,2019,Small rural (critical access),0
241332,2020,Small rural (critical access),0
241332,2021,Small rural (critical access),0
241332,2022,Small rural (critical access),0
241332,2023,Small rural (critical access),0
241332,2024,Small rural (critical access),0
241333,2019,Small rural (critical access),0
241333,2020,Small rural (critical access),0
241333,2021,Small rural (critical access),0
241333,2022,Small rural (critical access),0
241333,2023,Small rural (critical access),0
241333,2024,Small rural (critical access),0
241334,2019,Small rural (critical access),0
241334,2020,Small rural (critical access),0
241334,2021,Small rural (critical access),0
241334,2022,Small rural (critical access),0
241334,2023,Small rural (critical access),0
241334,2024,Small rural (critical access),0
241335,2019,Small rural (critical access),1
241335,2020,Small rural (critical access),1
241335,2021,Small rural (critical access),1
241335,2022,Small rural (critical access),0
241335,2023,Small rural (critical access),1
241335,2024,Small rural (critical access),0
241336,2019,Small rural (critical access),0
241336,2020,Small rural (critical access),0
241336,2021,Small rural (critical access),0
241336,2022,Small rural (critical access),0
241336,2023,Small rural (critical access),0
241336,2024,Small rural (critical access),0
241337,2019,Small rural (critical access),0
241337,2020,Small rural (critical access),1
241337,2021,Small rural (critical access),0
241337,2022,Small rural (critical access),0
241337,2023,Small rural (critical access),0
241337,2024,Small rural (critical access),0
241338,2019,Small rural (critical access),0
241338,2020,Small rural (critical access),0
241338,2021,Small rural (critical access),0
241338,2022,Small rural (critical access),0
241338,2023,Small rural (critical access),0
241338,2024,Small rural (critical access),0
241339,2019,Small rural (critical access),0
241339,2020,Small rural (critical access),0
241339,2021,Small rural (critical access),0
241339,2022,Small rural (critical access),0
241339,2023,Small rural (critical access),0
241339,2024,Small rural (critical access),0
241340,2019,Small rural (critical access),0
241340,2020,Small rural (critical access),0
241340,2021,Small rural (critical access),1
241340,2022,Small rural (critical access),0
241340,2023,Small rural (critical access),0
241340,2024,Small rural (critical access),0
241341,2019,Small rural (critical access),0
241341,2020,Small rural (critical access),0
241341,2021,Small rural (critical access),1
241341,2022,Small rural (critical access),0
241341,2023,Small rural (critical access),0
241341,2024,Small rural (critical access),0
241342,2019,Small rural (critical access),0
241342,2020,Small rural (critical access),0
241342,2021,Small rural (critical access),0
241342,2022,Small rural (critical access),0
241342,2023,Small rural (critical access),0
241342,2024,Small rural (critical access),0
241343,2019,Small rural (critical access),0
241343,2020,Small rural (critical access),0
241343,2021,Small rural (critical access),0
241343,2022,Small rural (critical access),0
241343,2023,Small rural (critical access),0
241343,2024,Small rural (critical access),0
241344,2019,Small rural (critical access),1
241344,2020,Small rural (critical access),0
241344,2021,Small rural (critical access),0
241344,2022,Small rural (critical access),0
241344,2023,Small rural (critical access),0
241344,2024,Small rural (critical access),0
241345,2019,Small rural (critical access),0
241345,2020,Small rural (critical access),0
241345,2021,Small rural (critical access),0
241345,2022,Small rural (critical access),0
241345,2023,Small rural (critical access),0
241345,2024,Small rural (critical access),0
241346,2019,Small rural (critical access),0
241346,2020,Small rural (critical access),0
241346,2021,Small rural (critical access),0
241346,2022,Small rural (critical access),0
241346,2023,Small rural (critical access),0
241346,2024,Small rural (critical access),0
241347,2019,Small rural (critical access),0
241347,2020,Small rural (critical access),0
241347,2021,Small rural (critical access),0
241347,2022,Small rural (critical access),0
241347,2023,Small rural (critical access),0
241347,2024,Small rural (critical access),0
241348,2019,Small rural (critical access),0
241348,2020,Small rural (critical access),0
241348,2021,Small rural (critical access),0
241348,2022,Small rural (critical access),0
241348,2023,Small rural (critical access),0
241348,2024,Small rural (critical access),0
241349,2019,Small rural (critical access),0
241349,2020,Small rural (critical access),0
241349,2021,Small rural (critical access),0
241349,2022,Small rural (critical access),0
241349,2023,Small rural (critical access),0
241349,2024,Small rural (critical access),0
241350,2019,Small rural (critical access),0
241350,2020,Small rural (critical access),0
241350,2021,Small rural (critical access),0
241350,2022,Small rural (critical access),0
241350,2023,Small rural (critical access),0
241350,2024,Small rural (critical access),0
241351,2019,Small rural (critical access),0
241351,2020,Small rural (critical access),0
241351,2021,Small rural (critical access),1
241351,2022,Small rural (critical access),0
241351,2023,Small rural (critical access),0
241351,2024,Small rural (critical access),0
241352,2019,Small rural (critical access),0
241352,2020,Small rural (critical access),0
241353,2019,Small rural (critical access),0
241353,2020,Small rural (critical access),0
241353,2021,Small rural (critical access),0
241353,2022,Small rural (critical access),0
241353,2023,Small rural (critical access),0
241353,2024,Small rural (critical access),0
241354,2019,Small rural (critical access),1
241354,2020,Small rural (critical access),1
241354,2021,Small rural (critical access),0
241354,2022,Small rural (critical access),1
241354,2023,Small rural (critical access),0
241354,2024,Small rural (critical access),0
241355,2019,Small rural (critical access),1
241355,2020,Small rural (critical access),0
241355,2021,Small rural (critical access),0
241355,2022,Small rural (critical access),0
241355,2023,Small rural (critical access),0
241355,2024,Small rural (critical access),0
241356,2019,Small rural (critical access),0
241356,2020,Small rural (critical access),0
241356,2021,Small rural (critical access),1
241356,2022,Small rural (critical access),1
241356,2023,Small rural (critical access),0
241356,2024,Small rural (critical access),0
241357,2019,Small rural (critical access),0
241357,2020,Small rural (critical access),0
241357,2021,Small rural (critical access),1
241357,2022,Small rural (critical access),0
241357,2023,Small rural (critical access),0
241357,2024,Small rural (critical access),0
241358,2019,Small rural (critical access),1
241358,2020,Small rural (critical access),1
241358,2021,Small rural (critical access),1
241358,2022,Small rural (critical access),1
241358,2023,Small rural (critical access),0
241358,2024,Small rural (critical access),0
241359,2019,Small rural (critical access),0
241359,2020,Small rural (critical access),0
241359,2021,Small rural (critical access),0
241359,2022,Small rural (critical access),0
241359,2023,Small rural (critical access),0
241359,2024,Small rural (critical access),0
241360,2019,Small rural (critical access),0
241360,2020,Small rural (critical access),0
241360,2021,Small rural (critical access),1
241360,2022,Small rural (critical access),0
241360,2023,Small rural (critical access),0
241360,2024,Small rural (critical access),0
241361,2019,Small rural (critical access),0
241361,2020,Small rural (critical access),0
241361,2021,Small rural (critical access),0
241361,2022,Small rural (critical access),0
241361,2023,Small rural (critical access),0
241361,2024,Small rural (critical access),0
241362,2019,Small rural (critical access),0
241362,2020,Small rural (critical access),0
241362,2021,Small rural (critical access),0
241362,2022,Small rural (critical access),0
241362,2023,Small rural (critical access),0
241362,2024,Small rural (critical access),0
241363,2019,Small rural (critical access),1
241363,2020,Small rural (critical access),1
241363,2021,Small rural (critical access),0
241363,2022,Small rural (critical access),0
241363,2023,Small rural (critical access),0
241363,2024,Small rural (critical access),1
241364,2019,Small rural (critical access),0
241364,2020,Small rural (critical access),1
241364,2021,Small rural (critical access),0
241364,2022,Small rural (critical access),0
241364,2023,Small rural (critical access),0
241364,2024,Small rural (critical access),0
241365,2019,Small rural (critical access),0
241365,2020,Small rural (critical access),1
241365,2021,Small rural (critical access),0
241365,2022,Small rural (critical access),1
241365,2023,Small rural (critical access),0
241365,2024,Small rural (critical access),0
241366,2019,Small rural (critical access),0
241366,2020,Small rural (critical access),0
241366,2021,Small rural (critical access),0
241366,2022,Small rural (critical access),0
241366,2023,Small rural (critical access),0
241366,2024,Small rural (critical access),0
241367,2019,Small rural (critical access),0
241367,2020,Small rural (critical access),0
241367,2021,Small rural (critical access),1
241367,2022,Small rural (critical access),1
241367,2023,Small rural (critical access),0
241367,2024,Small rural (critical access),0
241368,2019,Small rural (critical access),0
241368,2020,Small rural (critical access),0
241368,2021,Small rural (critical access),0
241368,2022,Small rural (critical access),0
241368,2023,Small rural (critical access),0
241368,2024,Small rural (critical access),0
241369,2019,Small rural (critical access),0
241369,2020,Small rural (critical access),0
241369,2021,Small rural (critical access),0
241369,2022,Small rural (critical access),0
241369,2023,Small rural (critical access),0
241369,2024,Small rural (critical access),0
241370,2019,Small rural (critical access),0
241370,2020,Small rural (critical access),0
241370,2021,Small rural (critical access),0
241370,2022,Small rural (critical access),0
241370,2023,Small rural (critical access),0
241370,2024,Small rural (critical access),0
241371,2019,Small rural (critical access),0
241371,2020,Small rural (critical access),0
241371,2021,Small rural (critical access),0
241371,2022,Small rural (critical access),0
241371,2023,Small rural (critical access),0
241371,2024,Small rural (critical access),0
241372,2019,Small rural (critical access),0
241372,2020,Small rural (critical access),0
241372,2021,Small rural (critical access),0
241372,2022,Small rural (critical access),0
241372,2023,Small rural (critical access),0
241372,2024,Small rural (critical access),0
241373,2019,Small rural (critical access),0
241373,2020,Small rural (critical access),0
241373,2021,Small rural (critical access),0
241373,2022,Small rural (critical access),0
241373,2023,Small rural (critical access),0
241373,2024,Small rural (critical access),0
241374,2019,Small rural (critical access),0
241374,2020,Small rural (critical access),0
241374,2021,Small rural (critical access),0
241374,2022,Small rural (critical access),0
241374,2023,Small rural (critical access),0
241374,2024,Small rural (critical access),0
241375,2019,Small rural (critical access),0
241375,2020,Small rural (critical access),0
241375,2021,Small rural (critical access),0
241375,2022,Small rural (critical access),0
241375,2023,Small rural (critical access),0
241375,2024,Small rural (critical access),0
241376,2019,Small rural (critical access),1
241376,2020,Small rural (critical access),0
241376,2021,Small rural (critical access),0
241376,2022,Small rural (critical access),0
241376,2023,Small rural (critical access),0
241376,2024,Small rural (critical access),0
241377,2019,Small rural (critical access),0
241377,2020,Small rural (critical access),0
241377,2021,Small rural (critical access),0
241377,2022,Small rural (critical access),0
241377,2023,Small rural (critical access),1
241377,2024,Small rural (critical access),0
241378,2019,Small rural (critical access),0
241378,2020,Small rural (critical access),0
241378,2021,Small rural (critical access),0
241378,2022,Small rural (critical access),0
241378,2023,Small rural (critical access),0
241378,2024,Small rural (critical access),0
241379,2019,Small rural (critical access),1
241379,2020,Small rural (critical access),0
241379,2021,Small rural (critical access),0
241379,2022,Small rural (critical access),1
241379,2023,Small rural (critical access),1
241379,2024,Small rural (critical access),0
241380,2019,Small rural (critical access),0
241380,2020,Small rural (critical access),0
241380,2021,Small rural (critical access),0
241380,2022,Small rural (critical access),0
241380,2023,Small rural (critical access),1
241380,2024,Small rural (critical access),0
241381,2019,Small rural (critical access),0
241381,2020,Small rural (critical access),0
241381,2021,Small rural (critical access),0
241381,2022,Small rural (critical access),0
241381,2023,Small rural (critical access),0
241381,2024,Small rural (critical access),0
250001,2019,General hospital,0
250001,2020,General hospital,0
250001,2021,General hospital,0
250001,2022,General hospital,0
250001,2023,General hospital,0
250001,2024,General hospital,0
250002,2019,General hospital,0
250002,2020,General hospital,0
250002,2021,General hospital,0
250002,2022,General hospital,0
250002,2023,General hospital,0
250002,2024,General hospital,0
250004,2019,General hospital,0
250004,2020,General hospital,0
250004,2021,General hospital,0
250004,2022,General hospital,0
250004,2023,General hospital,0
250004,2024,General hospital,0
250006,2019,General hospital,0
250006,2020,General hospital,0
250006,2021,General hospital,0
250006,2022,General hospital,0
250006,2023,General hospital,0
250006,2024,General hospital,0
250007,2019,General hospital,0
250007,2020,General hospital,0
250007,2021,General hospital,0
250007,2022,General hospital,0
250007,2023,General hospital,0
250007,2024,General hospital,0
250009,2019,General hospital,0
250009,2020,General hospital,0
250009,2021,General hospital,0
250009,2022,General hospital,0
250009,2023,General hospital,0
250009,2024,General hospital,0
250012,2019,General hospital,1
250012,2020,General hospital,1
250012,2021,General hospital,1
250012,2022,General hospital,0
250012,2023,General hospital,1
250017,2019,General hospital,1
250017,2020,General hospital,1
250017,2021,General hospital,1
250017,2022,General hospital,1
250017,2023,General hospital,1
250017,2024,General hospital,1
250018,2019,General hospital,1
250018,2020,General hospital,1
250018,2021,General hospital,1
250018,2022,General hospital,1
250018,2023,General hospital,1
250018,2024,General hospital,1
250019,2019,General hospital,0
250019,2020,General hospital,0
250019,2021,General hospital,0
250019,2022,General hospital,0
250019,2023,General hospital,0
250019,2024,General hospital,0
250020,2019,General hospital,0
250020,2020,General hospital,0
250020,2021,General hospital,0
250020,2022,General hospital,0
250020,2023,General hospital,0
250020,2024,General hospital,0
250025,2019,General hospital,0
250025,2020,General hospital,0
250025,2021,General hospital,0
250025,2022,General hospital,0
250025,2023,General hospital,0
250025,2024,General hospital,0
250027,2019,General hospital,1
250027,2020,General hospital,1
250027,2021,General hospital,0
250027,2022,General hospital,0
250027,2023,General hospital,0
250027,2024,General hospital,0
250031,2019,General hospital,0
250031,2020,General hospital,0
250031,2021,General hospital,0
250031,2022,General hospital,0
250031,2023,General hospital,0
250031,2024,General hospital,0
250034,2019,General hospital,0
250034,2020,General hospital,0
250034,2021,General hospital,0
250034,2022,General hospital,0
250034,2023,General hospital,0
250034,2024,General hospital,0
250036,2019,General hospital,0
250036,2020,General hospital,0
250036,2021,General hospital,0
250036,2022,General hospital,0
250036,2023,General hospital,0
250036,2024,General hospital,0
250038,2019,General hospital,0
250038,2020,General hospital,0
250038,2021,General hospital,0
250038,2022,General hospital,0
250038,2023,General hospital,0
250038,2024,General hospital,0
250040,2019,General hospital,0
250040,2020,General hospital,0
250040,2021,General hospital,0
250040,2022,General hospital,0
250040,2023,General hospital,1
250040,2024,General hospital,0
250042,2019,General hospital,1
250042,2020,General hospital,1
250042,2021,General hospital,0
250042,2022,General hospital,1
250042,2023,General hospital,0
250042,2024,General hospital,1
250043,2019,General hospital,0
250043,2020,General hospital,0
250043,2021,General hospital,0
250043,2022,General hospital,0
250043,2023,General hospital,0
250043,2024,General hospital,0
250044,2019,General hospital,1
250044,2020,General hospital,0
250044,2021,General hospital,0
250044,2022,General hospital,0
250044,2023,General hospital,0
250044,2024,General hospital,0
250048,2019,General hospital,0
250048,2020,General hospital,0
250048,2021,General hospital,0
250048,2022,General hospital,0
250048,2023,General hospital,0
250048,2024,General hospital,0
250049,2019,General hospital,0
250049,2020,General hospital,0
250049,2021,General hospital,0
250049,2022,General hospital,1
250049,2023,General hospital,1
250049,2024,General hospital,1
250050,2019,General hospital,0
250050,2020,General hospital,0
250050,2021,General hospital,0
250050,2022,General hospital,0
250050,2023,General hospital,0
250050,2024,General hospital,0
250057,2019,General hospital,0
250057,2020,General hospital,0
250057,2021,General hospital,0
250057,2022,General hospital,0
250057,2023,General hospital,0
250057,2024,General hospital,0
250058,2019,General hospital,0
250058,2020,General hospital,0
250058,2021,General hospital,0
250058,2022,General hospital,0
250058,2023,General hospital,0
250058,2024,General hospital,0
250060,2019,General hospital,0
250060,2020,General hospital,0
250060,2021,General hospital,1
250060,2022,General hospital,1
250060,2023,General hospital,1
250061,2019,General hospital,0
250061,2020,General hospital,0
250061,2021,General hospital,1
250061,2022,General hospital,1
250061,2023,General hospital,1
250061,2024,General hospital,1
250067,2019,General hospital,0
250067,2020,General hospital,0
250067,2021,General hospital,0
250067,2022,General hospital,0
250067,2023,General hospital,0
250067,2024,General hospital,0
250069,2019,General hospital,0
250069,2020,General hospital,0
250069,2021,General hospital,1
250069,2022,General hospital,0
250069,2023,General hospital,0
250069,2024,General hospital,0
250072,2019,General hospital,0
250072,2020,General hospital,0
250072,2021,General hospital,0
250072,2022,General hospital,0
250072,2023,General hospital,0
250072,2024,General hospital,0
250077,2019,General hospital,0
250077,2020,General hospital,0
250077,2021,General hospital,0
250077,2022,General hospital,0
250077,2023,General hospital,1
250077,2024,General hospital,0
250078,2019,General hospital,0
250078,2020,General hospital,0
250078,2021,General hospital,0
250078,2022,General hospital,0
250078,2023,General hospital,0
250078,2024,General hospital,0
250079,2019,General hospital,1
250079,2020,General hospital,1
250081,2019,General hospital,1
250081,2020,General hospital,1
250081,2021,General hospital,1
250081,2022,General hospital,1
250081,2023,General hospital,1
250081,2024,General hospital,1
250082,2019,General hospital,0
250082,2020,General hospital,0
250082,2021,General hospital,0
250082,2022,General hospital,0
250082,2023,General hospital,0
250082,2024,General hospital,0
250084,2019,General hospital,0
250084,2020,General hospital,0
250084,2021,General hospital,0
250084,2022,General hospital,0
250084,2023,General hospital,0
250084,2024,General hospital,0
250085,2019,General hospital,0
250085,2020,General hospital,0
250085,2021,General hospital,0
250085,2022,General hospital,0
250085,2023,General hospital,0
250085,2024,General hospital,0
250093,2019,General hospital,0
250093,2020,General hospital,0
250093,2021,General hospital,0
250093,2022,General hospital,0
250093,2023,General hospital,0
250093,2024,General hospital,0
250094,2019,General hospital,0
250094,2020,General hospital,0
250094,2021,General hospital,0
250094,2022,General hospital,0
250094,2023,General hospital,0
250094,2024,General hospital,0
250095,2019,General hospital,0
250095,2020,General hospital,0
250095,2021,General hospital,0
250095,2022,General hospital,0
250095,2023,General hospital,1
250095,2024,General hospital,0
250096,2019,General hospital,0
250096,2020,General hospital,0
250096,2021,General hospital,0
250096,2022,General hospital,0
250096,2023,General hospital,0
250096,2024,General hospital,0
250097,2019,General hospital,0
250097,2020,General hospital,0
250097,2021,General hospital,0
250097,2022,General hospital,0
250097,2023,General hospital,1
250097,2024,General hospital,1
250099,2019,General hospital,0
250099,2020,General hospital,0
250099,2021,General hospital,0
250099,2022,General hospital,0
250099,2023,General hospital,0
250099,2024,General hospital,0
250100,2019,General hospital,0
250100,2020,General hospital,0
250100,2021,General hospital,0
250100,2022,General hospital,0
250100,2023,General hospital,0
250100,2024,General hospital,0
250102,2019,General hospital,0
250102,2020,General hospital,0
250102,2021,General hospital,0
250102,2022,General hospital,0
250102,2023,General hospital,0
250102,2024,General hospital,0
250104,2019,General hospital,0
250104,2020,General hospital,0
250104,2021,General hospital,0
250104,2022,General hospital,0
250104,2023,General hospital,0
250104,2024,General hospital,0
250117,2019,General hospital,0
250117,2020,General hospital,0
250117,2021,General hospital,0
250117,2022,General hospital,0
250117,2023,General hospital,0
250117,2024,General hospital,0
250123,2019,General hospital,0
250123,2020,General hospital,0
250123,2021,General hospital,0
250123,2022,General hospital,0
250123,2023,General hospital,1
250123,2024,General hospital,0
250124,2019,General hospital,1
250124,2020,General hospital,1
250124,2021,General hospital,1
250124,2022,General hospital,1
250124,2023,General hospital,1
250124,2024,General hospital,1
250126,2019,General hospital,1
250127,2019,General hospital,1
250127,2020,General hospital,1
250127,2021,General hospital,1
250127,2022,General hospital,1
250127,2023,General hospital,1
250127,2024,General hospital,1
250128,2019,General hospital,0
250128,2020,General hospital,0
250128,2021,General hospital,0
250128,2022,General hospital,1
250128,2023,General hospital,1
250134,2019,General hospital,1
250134,2020,General hospital,1
250134,2021,General hospital,1
250134,2022,General hospital,1
250134,2023,General hospital,1
250134,2024,General hospital,1
250136,2019,General hospital,0
250136,2020,General hospital,0
250136,2021,General hospital,0
250136,2022,General hospital,0
250136,2023,General hospital,0
250136,2024,General hospital,0
250138,2019,General hospital,0
250138,2020,General hospital,0
250138,2021,General hospital,0
250138,2022,General hospital,0
250138,2023,General hospital,0
250138,2024,General hospital,0
250141,2019,General hospital,1
250141,2020,General hospital,0
250141,2021,General hospital,0
250141,2022,General hospital,0
250141,2023,General hospital,0
250141,2024,General hospital,0
250151,2019,General hospital,0
250151,2020,General hospital,0
250151,2021,General hospital,0
250151,2022,General hospital,0
250151,2023,General hospital,0
250151,2024,General hospital,1
250152,2019,General hospital,1
250152,2020,General hospital,1
250152,2021,General hospital,1
250152,2022,General hospital,1
250152,2023,General hospital,1
250152,2024,General hospital,1
250162,2019,General hospital,0
250162,2020,General hospital,0
250162,2021,General hospital,0
250162,2022,General hospital,0
250162,2023,General hospital,0
250162,2024,General hospital,0
250163,2019,General hospital,1
250163,2020,General hospital,1
250163,2021,General hospital,1
250163,2022,General hospital,1
250163,2023,General hospital,1
250167,2019,General hospital,0
250167,2020,General hospital,0
250167,2021,General hospital,0
250167,2022,General hospital,0
250167,2023,General hospital,0
250167,2024,General hospital,0
250168,2019,General hospital,0
250168,2020,General hospital,0
250168,2021,General hospital,0
250168,2022,General hospital,0
250168,2023,General hospital,1
250168,2024,General hospital,0
250172,2022,General hospital,1
250172,2023,General hospital,0
250172,2024,General hospital,0
251300,2019,Small rural (critical access),1
251300,2020,Small rural (critical access),1
251300,2021,Small rural (critical access),0
251300,2022,Small rural (critical access),0
251300,2023,Small rural (critical access),0
251300,2024,Small rural (critical access),0
251302,2019,Small rural (critical access),1
251302,2020,Small rural (critical access),1
251302,2021,Small rural (critical access),1
251302,2022,Small rural (critical access),0
251302,2023,Small rural (critical access),1
251302,2024,Small rural (critical access),0
251303,2019,Small rural (critical access),0
251303,2020,Small rural (critical access),0
251304,2019,Small rural (critical access),1
251304,2020,Small rural (critical access),1
251304,2021,Small rural (critical access),1
251304,2022,Small rural (critical access),1
251304,2023,Small rural (critical access),1
251304,2024,Small rural (critical access),1
251305,2019,Small rural (critical access),0
251305,2020,Small rural (critical access),0
251305,2021,Small rural (critical access),0
251305,2022,Small rural (critical access),0
251305,2023,Small rural (critical access),1
251305,2024,Small rural (critical access),1
251306,2019,Small rural (critical access),0
251306,2020,Small rural (critical access),0
251306,2021,Small rural (critical access),0
251306,2022,Small rural (critical access),1
251306,2023,Small rural (critical access),0
251307,2019,Small rural (critical access),1
251307,2020,Small rural (critical access),1
251307,2021,Small rural (critical access),1
251307,2022,Small rural (critical access),1
251307,2023,Small rural (critical access),1
251307,2024,Small rural (critical access),1
251308,2019,Small rural (critical access),1
251308,2020,Small rural (critical access),0
251308,2021,Small rural (critical access),0
251308,2022,Small rural (critical access),0
251308,2023,Small rural (critical access),0
251308,2024,Small rural (critical access),0
251309,2019,Small rural (critical access),0
251309,2020,Small rural (critical access),0
251309,2021,Small rural (critical access),0
251309,2022,Small rural (critical access),1
251309,2023,Small rural (critical access),1
251309,2024,Small rural (critical access),0
251312,2019,Small rural (critical access),0
251312,2020,Small rural (critical access),0
251312,2021,Small rural (critical access),0
251312,2022,Small rural (critical access),0
251312,2023,Small rural (critical access),0
251312,2024,Small rural (critical access),0
251313,2019,Small rural (critical access),0
251313,2020,Small rural (critical access),0
251313,2021,Small rural (critical access),0
251313,2022,Small rural (critical access),0
251313,2023,Small rural (critical access),0
251313,2024,Small rural (critical access),0
251314,2019,Small rural (critical access),1
251314,2020,Small rural (critical access),1
251314,2021,Small rural (critical access),1
251314,2022,Small rural (critical access),1
251314,2023,Small rural (critical access),1
251314,2024,Small rural (critical access),1
251315,2019,Small rural (critical access),0
251315,2020,Small rural (critical access),0
251315,2021,Small rural (critical access),0
251315,2022,Small rural (critical access),0
251315,2023,Small rural (critical access),0
251315,2024,Small rural (critical access),0
251316,2019,Small rural (critical access),1
251316,2020,Small rural (critical access),1
251316,2021,Small rural (critical access),1
251316,2022,Small rural (critical access),0
251316,2023,Small rural (critical access),0
251316,2024,Small rural (critical access),0
251317,2019,Small rural (critical access),1
251317,2020,Small rural (critical access),0
251317,2021,Small rural (critical access),0
251317,2022,Small rural (critical access),0
251317,2023,Small rural (critical access),0
251317,2024,Small rural (critical access),1
251318,2019,Small rural (critical access),0
251318,2020,Small rural (critical access),0
251318,2021,Small rural (critical access),0
251318,2022,Small rural (critical access),0
251318,2023,Small rural (critical access),1
251318,2024,Small rural (critical access),1
251319,2019,Small rural (critical access),0
251319,2020,Small rural (critical access),0
251319,2021,Small rural (critical access),0
251319,2022,Small rural (critical access),0
251319,2023,Small rural (critical access),0
251319,2024,Small rural (critical access),0
251320,2019,Small rural (critical access),1
251320,2020,Small rural (critical access),1
251320,2021,Small rural (critical access),1
251320,2022,Small rural (critical access),1
251320,2023,Small rural (critical access),0
251320,2024,Small rural (critical access),0
251322,2019,Small rural (critical access),0
251322,2020,Small rural (critical access),0
251322,2021,Small rural (critical access),1
251322,2022,Small rural (critical access),0
251322,2023,Small rural (critical access),0
251322,2024,Small rural (critical access),0
251323,2019,Small rural (critical access),0
251323,2020,Small rural (critical access),0
251323,2021,Small rural (critical access),1
251323,2022,Small rural (critical access),0
251323,2023,Small rural (critical access),0
251323,2024,Small rural (critical access),0
251324,2019,Small rural (critical access),0
251324,2020,Small rural (critical access),0
251324,2021,Small rural (critical access),0
251324,2022,Small rural (critical access),0
251324,2023,Small rural (critical access),0
251324,2024,Small rural (critical access),0
251325,2019,Small rural (critical access),1
251325,2020,Small rural (critical access),1
251325,2021,Small rural (critical access),1
251325,2022,Small rural (critical access),1
251325,2023,Small rural (critical access),1
251325,2024,Small rural (critical access),1
251326,2019,Small rural (critical access),0
251326,2020,Small rural (critical access),0
251326,2021,Small rural (critical access),0
251326,2022,Small rural (critical access),0
251326,2023,Small rural (critical access),0
251326,2024,Small rural (critical access),0
251327,2019,Small rural (critical access),0
251327,2020,Small rural (critical access),0
251327,2021,Small rural (critical access),0
251327,2022,Small rural (critical access),0
251327,2023,Small rural (critical access),1
251327,2024,Small rural (critical access),1
251329,2019,Small rural (critical access),0
251329,2020,Small rural (critical access),0
251329,2021,Small rural (critical access),0
251329,2022,Small rural (critical access),0
251329,2023,Small rural (critical access),0
251329,2024,Small rural (critical access),0
251330,2019,Small rural (critical access),0
251330,2020,Small rural (critical access),0
251330,2021,Small rural (critical access),0
251330,2022,Small rural (critical access),0
251330,2023,Small rural (critical access),0
251330,2024,Small rural (critical access),0
251331,2019,Small rural (critical access),1
251331,2020,Small rural (critical access),0
251331,2021,Small rural (critical access),0
251331,2022,Small rural (critical access),0
251331,2023,Small rural (critical access),0
251331,2024,Small rural (critical access),0
251333,2019,Small rural (critical access),0
251333,2020,Small rural (critical access),0
251333,2021,Small rural (critical access),0
251333,2022,Small rural (critical access),0
251333,2023,Small rural (critical access),0
251333,2024,Small rural (critical access),0
251334,2019,Small rural (critical access),1
251334,2020,Small rural (critical access),1
251334,2021,Small rural (critical access),1
251334,2022,Small rural (critical access),0
251334,2023,Small rural (critical access),0
251334,2024,Small rural (critical access),0
251335,2019,Small rural (critical access),0
251335,2020,Small rural (critical access),0
251335,2021,Small rural (critical access),1
251335,2022,Small rural (critical access),0
251335,2023,Small rural (critical access),0
251335,2024,Small rural (critical access),0
251336,2019,Small rural (critical access),0
251336,2020,Small rural (critical access),0
251336,2021,Small rural (critical access),0
251336,2022,Small rural (critical access),0
251336,2023,Small rural (critical access),0
251336,2024,Small rural (critical access),0
251337,2019,Small rural (critical access),0
251337,2020,Small rural (critical access),0
251337,2021,Small rural (critical access),0
251337,2022,Small rural (critical access),1
251337,2023,Small rural (critical access),0
251337,2024,Small rural (critical access),1
251338,2020,Small rural (critical access),1
251338,2021,Small rural (critical access),1
251338,2022,Small rural (critical access),1
251338,2023,Small rural (critical access),1
251338,2024,Small rural (critical access),1
251339,2022,Small rural (critical access),1
251339,2023,Small rural (critical access),0
251339,2024,Small rural (critical access),1
260001,2019,General hospital,0
260001,2020,General hospital,0
260001,2021,General hospital,0
260001,2022,General hospital,0
260001,2023,General hospital,0
260001,2024,General hospital,0
260004,2019,General hospital,0
260004,2020,General hospital,0
260005,2019,General hospital,0
260005,2020,General hospital,0
260005,2021,General hospital,0
260005,2022,General hospital,0
260005,2023,General hospital,0
260005,2024,General hospital,0
260006,2019,General hospital,0
260006,2020,General hospital,0
260006,2021,General hospital,0
260006,2022,General hospital,0
260006,2023,General hospital,0
260006,2024,General hospital,0
260009,2019,General hospital,0
260009,2020,General hospital,0
260009,2021,General hospital,0
260009,2022,General hospital,0
260009,2023,General hospital,0
260009,2024,General hospital,0
260011,2019,General hospital,0
260011,2020,General hospital,0
260011,2021,General hospital,0
260011,2022,General hospital,0
260011,2023,General hospital,0
260011,2024,General hospital,0
260017,2019,General hospital,0
260017,2020,General hospital,0
260017,2021,General hospital,0
260017,2022,General hospital,0
260017,2023,General hospital,0
260017,2024,General hospital,0
260020,2019,General hospital,0
260020,2020,General hospital,0
260020,2021,General hospital,0
260020,2022,General hospital,0
260020,2023,General hospital,0
260020,2024,General hospital,0
260022,2019,General hospital,0
260022,2020,General hospital,0
260022,2021,General hospital,0
260022,2022,General hospital,0
260022,2023,General hospital,0
260022,2024,General hospital,0
260023,2019,General hospital,0
260023,2020,General hospital,0
260023,2021,General hospital,0
260023,2022,General hospital,0
260023,2023,General hospital,0
260023,2024,General hospital,0
260024,2019,General hospital,0
260024,2020,General hospital,0
260024,2021,General hospital,0
260024,2022,General hospital,0
260024,2023,General hospital,0
260024,2024,General hospital,0
260025,2019,General hospital,1
260025,2020,General hospital,0
260025,2021,General hospital,0
260025,2022,General hospital,0
260025,2023,General hospital,0
260025,2024,General hospital,0
260027,2019,General hospital,0
260027,2020,General hospital,0
260027,2021,General hospital,0
260027,2022,General hospital,0
260027,2023,General hospital,0
260027,2024,General hospital,0
260032,2019,General hospital,0
260032,2020,General hospital,0
260032,2021,General hospital,0
260032,2022,General hospital,0
260032,2023,General hospital,0
260032,2024,General hospital,0
260034,2019,General hospital,0
260034,2020,General hospital,0
260034,2021,General hospital,1
260034,2022,General hospital,0
260034,2023,General hospital,1
260034,2024,General hospital,0
260040,2019,General hospital,1
260040,2020,General hospital,0
260040,2021,General hospital,0
260040,2022,General hospital,0
260040,2023,General hospital,0
260040,2024,General hospital,0
260047,2019,General hospital,0
260047,2020,General hospital,0
260047,2021,General hospital,1
260047,2022,General hospital,1
260047,2023,General hospital,1
260047,2024,General hospital,1
260048,2019,General hospital,0
260048,2020,General hospital,0
260048,2021,General hospital,0
260048,2022,General hospital,0
260048,2023,General hospital,0
260048,2024,General hospital,0
260050,2019,General hospital,0
260050,2020,General hospital,0
260050,2021,General hospital,0
260050,2022,General hospital,0
260050,2023,General hospital,0
260050,2024,General hospital,0
260052,2019,General hospital,0
260052,2020,General hospital,0
260052,2021,General hospital,0
260052,2022,General hospital,0
260052,2023,General hospital,0
260052,2024,General hospital,0
260057,2019,General hospital,0
260057,2020,General hospital,0
260057,2021,General hospital,0
260057,2022,General hospital,0
260057,2023,General hospital,0
260057,2024,General hospital,0
260059,2019,General hospital,0
260059,2020,General hospital,0
260059,2021,General hospital,0
260059,2022,General hospital,0
260059,2023,General hospital,0
260059,2024,General hospital,0
260061,2019,General hospital,0
260061,2020,General hospital,0
260061,2021,General hospital,0
260061,2022,General hospital,0
260061,2023,General hospital,1
260061,2024,General hospital,1
260062,2019,General hospital,0
260062,2020,General hospital,0
260062,2021,General hospital,0
260062,2022,General hospital,0
260062,2023,General hospital,0
260062,2024,General hospital,0
260064,2019,General hospital,0
260064,2020,General hospital,0
260064,2021,General hospital,0
260064,2022,General hospital,1
260064,2023,General hospital,1
260065,2019,General hospital,0
260065,2020,General hospital,0
260065,2021,General hospital,0
260065,2022,General hospital,0
260065,2023,General hospital,0
260065,2024,General hospital,0
260068,2019,General hospital,0
260068,2020,General hospital,0
260068,2021,General hospital,0
260068,2022,General hospital,0
260068,2023,General hospital,0
260068,2024,General hospital,0
260070,2019,General hospital,1
260070,2020,General hospital,1
260070,2021,General hospital,1
260070,2022,General hospital,1
260070,2023,General hospital,0
260070,2024,General hospital,0
260074,2019,General hospital,0
260074,2020,General hospital,0
260074,2021,General hospital,0
260074,2022,General hospital,0
260074,2023,General hospital,0
260074,2024,General hospital,0
260077,2019,General hospital,0
260077,2020,General hospital,0
260077,2021,General hospital,0
260077,2022,General hospital,0
260077,2023,General hospital,0
260077,2024,General hospital,0
260078,2019,General hospital,0
260078,2020,General hospital,0
260078,2021,General hospital,1
260078,2022,General hospital,1
260078,2023,General hospital,0
260078,2024,General hospital,0
260080,2019,General hospital,1
260081,2019,General hospital,0
260081,2020,General hospital,0
260081,2021,General hospital,0
260081,2022,General hospital,0
260081,2023,General hospital,0
260081,2024,General hospital,0
260085,2019,General hospital,0
260085,2020,General hospital,0
260085,2021,General hospital,0
260085,2022,General hospital,0
260085,2023,General hospital,0
260085,2024,General hospital,0
260091,2019,General hospital,0
260091,2020,General hospital,0
260091,2021,General hospital,0
260091,2022,General hospital,0
260091,2023,General hospital,0
260091,2024,General hospital,0
260094,2019,General hospital,1
260094,2020,General hospital,0
260094,2021,General hospital,0
260094,2022,General hospital,0
260094,2023,General hospital,0
260094,2024,General hospital,0
260095,2019,General hospital,0
260095,2020,General hospital,0
260095,2021,General hospital,0
260095,2022,General hospital,0
260095,2023,General hospital,0
260095,2024,General hospital,0
260096,2019,General hospital,1
260096,2020,General hospital,0
260096,2021,General hospital,0
260096,2022,General hospital,0
260096,2023,General hospital,0
260096,2024,General hospital,0
260097,2019,General hospital,0
260097,2020,General hospital,0
260097,2021,General hospital,0
260097,2022,General hospital,0
260097,2023,General hospital,0
260097,2024,General hospital,0
260102,2019,General hospital,0
260102,2020,General hospital,0
260102,2021,General hospital,0
260102,2022,General hospital,0
260102,2023,General hospital,0
260102,2024,General hospital,0
260104,2019,General hospital,0
260104,2020,General hospital,0
260104,2021,General hospital,0
260104,2022,General hospital,0
260104,2023,General hospital,0
260104,2024,General hospital,0
260105,2019,General hospital,0
260105,2020,General hospital,0
260105,2021,General hospital,0
260105,2022,General hospital,0
260105,2023,General hospital,0
260105,2024,General hospital,0
260108,2019,General hospital,0
260108,2020,General hospital,0
260108,2021,General hospital,0
260108,2022,General hospital,0
260108,2023,General hospital,0
260108,2024,General hospital,0
260110,2019,General hospital,0
260110,2020,General hospital,0
260110,2021,General hospital,0
260110,2022,General hospital,0
260110,2023,General hospital,0
260110,2024,General hospital,1
260113,2019,General hospital,0
260113,2020,General hospital,0
260113,2021,General hospital,0
260113,2022,General hospital,0
260113,2023,General hospital,0
260113,2024,General hospital,0
260119,2019,General hospital,0
260119,2020,General hospital,0
260119,2021,General hospital,0
260119,2022,General hospital,0
260119,2023,General hospital,0
260119,2024,General hospital,0
260137,2019,General hospital,1
260137,2020,General hospital,0
260137,2021,General hospital,0
260137,2022,General hospital,0
260137,2023,General hospital,0
260137,2024,General hospital,0
260138,2019,General hospital,0
260138,2020,General hospital,0
260138,2021,General hospital,0
260138,2022,General hospital,0
260138,2023,General hospital,0
260138,2024,General hospital,0
260141,2019,General hospital,0
260141,2020,General hospital,0
260141,2021,General hospital,0
260141,2022,General hospital,0
260141,2023,General hospital,0
260141,2024,General hospital,0
260142,2019,General hospital,0
260142,2020,General hospital,0
260142,2021,General hospital,0
260142,2022,General hospital,0
260142,2023,General hospital,0
260142,2024,General hospital,0
260160,2019,General hospital,0
260160,2020,General hospital,0
260160,2021,General hospital,0
260160,2022,General hospital,0
260160,2023,General hospital,0
260160,2024,General hospital,0
260162,2019,General hospital,0
260162,2020,General hospital,0
260162,2021,General hospital,0
260162,2022,General hospital,0
260162,2023,General hospital,0
260162,2024,General hospital,0
260163,2019,General hospital,0
260163,2020,General hospital,0
260163,2021,General hospital,0
260163,2022,General hospital,0
260163,2023,General hospital,0
260163,2024,General hospital,0
260175,2019,General hospital,0
260175,2020,General hospital,0
260175,2021,General hospital,0
260175,2022,General hospital,0
260175,2023,General hospital,0
260175,2024,General hospital,0
260176,2019,General hospital,0
260176,2020,General hospital,0
260176,2021,General hospital,0
260176,2022,General hospital,0
260176,2023,General hospital,0
260176,2024,General hospital,0
260177,2019,General hospital,0
260177,2020,General hospital,0
260177,2021,General hospital,0
260177,2022,General hospital,0
260177,2023,General hospital,0
260177,2024,General hospital,0
260179,2019,General hospital,0
260179,2020,General hospital,0
260179,2021,General hospital,0
260179,2022,General hospital,0
260179,2023,General hospital,0
260179,2024,General hospital,0
260180,2019,General hospital,0
260180,2020,General hospital,0
260180,2021,General hospital,0
260180,2022,General hospital,0
260180,2023,General hospital,0
260180,2024,General hospital,0
260183,2019,General hospital,0
260183,2020,General hospital,0
260183,2021,General hospital,1
260183,2022,General hospital,0
260183,2023,General hospital,0
260183,2024,General hospital,0
260186,2019,General hospital,0
260186,2020,General hospital,0
260186,2021,General hospital,0
260186,2022,General hospital,0
260186,2023,General hospital,0
260186,2024,General hospital,0
260190,2019,General hospital,0
260190,2020,General hospital,0
260190,2021,General hospital,0
260190,2022,General hospital,0
260190,2023,General hospital,0
260190,2024,General hospital,0
260191,2019,General hospital,0
260191,2020,General hospital,0
260191,2021,General hospital,0
260191,2022,General hospital,0
260191,2023,General hospital,0
260191,2024,General hospital,0
260193,2019,General hospital,0
260193,2020,General hospital,0
260193,2021,General hospital,0
260193,2022,General hospital,0
260193,2023,General hospital,0
260193,2024,General hospital,0
260195,2019,General hospital,1
260195,2020,General hospital,0
260195,2021,General hospital,0
260195,2022,General hospital,0
260195,2023,General hospital,0
260195,2024,General hospital,1
260200,2019,General hospital,0
260200,2020,General hospital,0
260200,2021,General hospital,0
260200,2022,General hospital,0
260200,2023,General hospital,0
260200,2024,General hospital,0
260209,2019,General hospital,1
260209,2020,General hospital,1
260209,2021,General hospital,1
260209,2022,General hospital,1
260209,2023,General hospital,1
260210,2019,General hospital,0
260210,2020,General hospital,0
260210,2021,General hospital,1
260210,2022,General hospital,1
260210,2023,General hospital,1
260210,2024,General hospital,1
260214,2019,General hospital,0
260214,2020,General hospital,0
260214,2021,General hospital,0
260214,2022,General hospital,0
260214,2023,General hospital,0
260214,2024,General hospital,0
260216,2019,General hospital,0
260216,2020,General hospital,0
260216,2021,General hospital,0
260216,2022,General hospital,0
260216,2023,General hospital,0
260216,2024,General hospital,0
260219,2019,General hospital,0
260219,2020,General hospital,0
260219,2021,General hospital,0
260219,2022,General hospital,0
260219,2023,General hospital,0
260219,2024,General hospital,0
260227,2019,General hospital,1
260227,2020,General hospital,1
261301,2019,Small rural (critical access),1
261301,2020,Small rural (critical access),1
261301,2021,Small rural (critical access),0
261301,2022,Small rural (critical access),1
261301,2023,Small rural (critical access),1
261301,2024,Small rural (critical access),1
261302,2019,Small rural (critical access),0
261302,2020,Small rural (critical access),0
261302,2021,Small rural (critical access),0
261302,2022,Small rural (critical access),0
261302,2023,Small rural (critical access),0
261302,2024,Small rural (critical access),0
261303,2019,Small rural (critical access),0
261303,2020,Small rural (critical access),0
261303,2021,Small rural (critical access),0
261303,2022,Small rural (critical access),0
261303,2023,Small rural (critical access),0
261303,2024,Small rural (critical access),0
261305,2019,Small rural (critical access),1
261305,2020,Small rural (critical access),1
261305,2021,Small rural (critical access),0
261305,2022,Small rural (critical access),0
261305,2023,Small rural (critical access),1
261305,2024,Small rural (critical access),0
261306,2019,Small rural (critical access),1
261306,2020,Small rural (critical access),1
261306,2021,Small rural (critical access),1
261306,2022,Small rural (critical access),1
261306,2023,Small rural (critical access),1
261306,2024,Small rural (critical access),1
261307,2019,Small rural (critical access),1
261307,2020,Small rural (critical access),1
261307,2021,Small rural (critical access),1
261307,2022,Small rural (critical access),0
261307,2023,Small rural (critical access),1
261307,2024,Small rural (critical access),0
261308,2019,Small rural (critical access),1
261308,2020,Small rural (critical access),0
261308,2021,Small rural (critical access),0
261308,2022,Small rural (critical access),0
261308,2023,Small rural (critical access),0
261308,2024,Small rural (critical access),0
261309,2019,Small rural (critical access),0
261309,2020,Small rural (critical access),0
261309,2021,Small rural (critical access),0
261309,2022,Small rural (critical access),0
261309,2023,Small rural (critical access),0
261309,2024,Small rural (critical access),0
261310,2019,Small rural (critical access),0
261310,2020,Small rural (critical access),0
261310,2021,Small rural (critical access),0
261310,2022,Small rural (critical access),0
261310,2023,Small rural (critical access),0
261310,2024,Small rural (critical access),0
261311,2019,Small rural (critical access),0
261311,2020,Small rural (critical access),0
261311,2021,Small rural (critical access),0
261311,2022,Small rural (critical access),0
261311,2023,Small rural (critical access),0
261311,2024,Small rural (critical access),0
261312,2019,Small rural (critical access),0
261312,2020,Small rural (critical access),0
261312,2021,Small rural (critical access),0
261312,2022,Small rural (critical access),0
261312,2023,Small rural (critical access),0
261312,2024,Small rural (critical access),1
261313,2019,Small rural (critical access),0
261313,2020,Small rural (critical access),0
261313,2021,Small rural (critical access),0
261313,2022,Small rural (critical access),0
261313,2023,Small rural (critical access),0
261313,2024,Small rural (critical access),0
261314,2019,Small rural (critical access),0
261314,2020,Small rural (critical access),0
261314,2021,Small rural (critical access),0
261314,2022,Small rural (critical access),0
261314,2023,Small rural (critical access),0
261314,2024,Small rural (critical access),0
261315,2019,Small rural (critical access),1
261315,2020,Small rural (critical access),1
261315,2021,Small rural (critical access),1
261315,2022,Small rural (critical access),1
261315,2023,Small rural (critical access),1
261316,2019,Small rural (critical access),0
261316,2020,Small rural (critical access),0
261316,2021,Small rural (critical access),0
261316,2022,Small rural (critical access),0
261316,2023,Small rural (critical access),0
261316,2024,Small rural (critical access),0
261317,2019,Small rural (critical access),0
261317,2020,Small rural (critical access),0
261317,2021,Small rural (critical access),0
261317,2022,Small rural (critical access),0
261317,2023,Small rural (critical access),0
261317,2024,Small rural (critical access),0
261318,2019,Small rural (critical access),0
261318,2020,Small rural (critical access),0
261318,2021,Small rural (critical access),0
261318,2022,Small rural (critical access),1
261318,2023,Small rural (critical access),0
261318,2024,Small rural (critical access),0
261319,2019,Small rural (critical access),0
261319,2020,Small rural (critical access),0
261319,2021,Small rural (critical access),0
261319,2022,Small rural (critical access),0
261319,2023,Small rural (critical access),0
261319,2024,Small rural (critical access),0
261320,2019,Small rural (critical access),1
261320,2020,Small rural (critical access),1
261320,2021,Small rural (critical access),1
261320,2022,Small rural (critical access),0
261320,2023,Small rural (critical access),0
261320,2024,Small rural (critical access),0
261321,2019,Small rural (critical access),0
261321,2020,Small rural (critical access),0
261321,2021,Small rural (critical access),0
261321,2022,Small rural (critical access),0
261321,2023,Small rural (critical access),0
261321,2024,Small rural (critical access),0
261322,2019,Small rural (critical access),0
261322,2020,Small rural (critical access),0
261322,2021,Small rural (critical access),1
261322,2022,Small rural (critical access),1
261322,2023,Small rural (critical access),1
261322,2024,Small rural (critical access),0
261323,2019,Small rural (critical access),0
261323,2020,Small rural (critical access),0
261323,2021,Small rural (critical access),0
261323,2022,Small rural (critical access),0
261323,2023,Small rural (critical access),0
261323,2024,Small rural (critical access),0
261324,2019,Small rural (critical access),0
261324,2020,Small rural (critical access),0
261324,2021,Small rural (critical access),0
261324,2022,Small rural (critical access),0
261324,2023,Small rural (critical access),0
261324,2024,Small rural (critical access),1
261325,2019,Small rural (critical access),0
261325,2020,Small rural (critical access),1
261325,2021,Small rural (critical access),0
261325,2022,Small rural (critical access),0
261325,2023,Small rural (critical access),0
261325,2024,Small rural (critical access),0
261327,2019,Small rural (critical access),1
261327,2020,Small rural (critical access),0
261327,2021,Small rural (critical access),0
261327,2022,Small rural (critical access),1
261327,2023,Small rural (critical access),0
261327,2024,Small rural (critical access),1
261328,2019,Small rural (critical access),0
261328,2020,Small rural (critical access),0
261328,2021,Small rural (critical access),0
261328,2022,Small rural (critical access),0
261328,2023,Small rural (critical access),0
261328,2024,Small rural (critical access),0
261329,2019,Small rural (critical access),1
261329,2020,Small rural (critical access),0
261329,2021,Small rural (critical access),0
261329,2022,Small rural (critical access),0
261329,2023,Small rural (critical access),0
261329,2024,Small rural (critical access),0
261330,2019,Small rural (critical access),0
261330,2020,Small rural (critical access),0
261330,2021,Small rural (critical access),0
261330,2022,Small rural (critical access),0
261330,2023,Small rural (critical access),0
261330,2024,Small rural (critical access),0
261331,2019,Small rural (critical access),1
261331,2020,Small rural (critical access),0
261331,2021,Small rural (critical access),0
261331,2022,Small rural (critical access),0
261331,2023,Small rural (critical access),0
261331,2024,Small rural (critical access),0
261332,2019,Small rural (critical access),1
261332,2020,Small rural (critical access),0
261332,2021,Small rural (critical access),0
261332,2022,Small rural (critical access),0
261332,2023,Small rural (critical access),0
261332,2024,Small rural (critical access),0
261333,2019,Small rural (critical access),1
261333,2020,Small rural (critical access),1
261333,2021,Small rural (critical access),1
261333,2022,Small rural (critical access),0
261333,2023,Small rural (critical access),0
261333,2024,Small rural (critical access),1
261334,2019,Small rural (critical access),1
261334,2020,Small rural (critical access),1
261335,2019,Small rural (critical access),0
261335,2020,Small rural (critical access),0
261335,2021,Small rural (critical access),0
261335,2022,Small rural (critical access),0
261335,2023,Small rural (critical access),0
261335,2024,Small rural (critical access),0
261336,2019,Small rural (critical access),0
261336,2020,Small rural (critical access),0
261336,2021,Small rural (critical access),0
261336,2022,Small rural (critical access),0
261336,2023,Small rural (critical access),0
261336,2024,Small rural (critical access),0
261337,2019,Small rural (critical access),0
261337,2020,Small rural (critical access),0
261337,2021,Small rural (critical access),0
261337,2022,Small rural (critical access),0
261337,2023,Small rural (critical access),0
261337,2024,Small rural (critical access),0
261338,2019,Small rural (critical access),0
261338,2020,Small rural (critical access),0
261338,2021,Small rural (critical access),0
261338,2022,Small rural (critical access),0
261338,2023,Small rural (critical access),0
261338,2024,Small rural (critical access),0
270003,2019,General hospital,0
270003,2020,General hospital,0
270003,2021,General hospital,0
270003,2022,General hospital,0
270003,2023,General hospital,0
270003,2024,General hospital,0
270004,2019,General hospital,0
270004,2020,General hospital,0
270004,2021,General hospital,0
270004,2022,General hospital,0
270004,2023,General hospital,0
270004,2024,General hospital,0
270012,2019,General hospital,0
270012,2020,General hospital,0
270012,2021,General hospital,0
270012,2022,General hospital,0
270012,2023,General hospital,0
270012,2024,General hospital,0
270014,2019,General hospital,0
270014,2020,General hospital,0
270014,2021,General hospital,0
270014,2022,General hospital,0
270014,2023,General hospital,0
270014,2024,General hospital,0
270017,2019,General hospital,0
270017,2020,General hospital,0
270017,2021,General hospital,0
270017,2022,General hospital,0
270017,2023,General hospital,0
270017,2024,General hospital,0
270023,2019,General hospital,0
270023,2020,General hospital,0
270023,2021,General hospital,0
270023,2022,General hospital,0
270023,2023,General hospital,0
270023,2024,General hospital,0
270032,2019,General hospital,0
270032,2020,General hospital,0
270032,2021,General hospital,0
270032,2022,General hospital,0
270032,2023,General hospital,0
270049,2019,General hospital,0
270049,2020,General hospital,0
270049,2021,General hospital,0
270049,2022,General hospital,0
270049,2023,General hospital,0
270049,2024,General hospital,0
270051,2019,General hospital,0
270051,2020,General hospital,0
270051,2021,General hospital,0
270051,2022,General hospital,0
270051,2023,General hospital,0
270051,2024,General hospital,0
270057,2019,General hospital,0
270057,2020,General hospital,0
270057,2021,General hospital,0
270057,2022,General hospital,0
270057,2023,General hospital,0
270057,2024,General hospital,0
270074,2019,General hospital,1
270074,2020,General hospital,0
270074,2021,General hospital,1
270074,2022,General hospital,0
270074,2023,General hospital,1
270074,2024,General hospital,0
270086,2019,General hospital,0
270086,2020,General hospital,0
270086,2021,General hospital,0
270086,2022,General hospital,0
270086,2023,General hospital,0
270086,2024,General hospital,0
270087,2019,General hospital,0
270087,2020,General hospital,0
270087,2021,General hospital,0
270089,2019,General hospital,0
271300,2019,Small rural (critical access),1
271300,2020,Small rural (critical access),1
271300,2021,Small rural (critical access),0
271300,2022,Small rural (critical access),0
271300,2023,Small rural (critical access),0
271300,2024,Small rural (critical access),0
271301,2019,Small rural (critical access),0
271301,2020,Small rural (critical access),0
271301,2021,Small rural (critical access),0
271301,2022,Small rural (critical access),0
271301,2023,Small rural (critical access),1
271301,2024,Small rural (critical access),1
271302,2019,Small rural (critical access),1
271302,2020,Small rural (critical access),1
271302,2021,Small rural (critical access),1
271302,2022,Small rural (critical access),0
271302,2023,Small rural (critical access),1
271302,2024,Small rural (critical access),1
271303,2019,Small rural (critical access),1
271303,2020,Small rural (critical access),1
271303,2021,Small rural (critical access),0
271303,2022,Small rural (critical access),0
271303,2023,Small rural (critical access),1
271303,2024,Small rural (critical access),0
271304,2019,Small rural (critical access),1
271304,2020,Small rural (critical access),0
271304,2021,Small rural (critical access),0
271304,2022,Small rural (critical access),0
271304,2023,Small rural (critical access),1
271304,2024,Small rural (critical access),1
271305,2019,Small rural (critical access),1
271305,2020,Small rural (critical access),1
271305,2021,Small rural (critical access),1
271305,2022,Small rural (critical access),1
271305,2023,Small rural (critical access),1
271305,2024,Small rural (critical access),1
271306,2019,Small rural (critical access),0
271306,2020,Small rural (critical access),0
271306,2021,Small rural (critical access),0
271306,2022,Small rural (critical access),0
271306,2023,Small rural (critical access),1
271306,2024,Small rural (critical access),1
271307,2019,Small rural (critical access),1
271307,2020,Small rural (critical access),1
271307,2021,Small rural (critical access),0
271307,2022,Small rural (critical access),1
271307,2023,Small rural (critical access),1
271307,2024,Small rural (critical access),1
271308,2019,Small rural (critical access),1
271308,2020,Small rural (critical access),1
271308,2021,Small rural (critical access),0
271308,2022,Small rural (critical access),0
271308,2023,Small rural (critical access),1
271308,2024,Small rural (critical access),1
271309,2019,Small rural (critical access),0
271309,2020,Small rural (critical access),0
271309,2021,Small rural (critical access),0
271309,2022,Small rural (critical access),0
271309,2023,Small rural (critical access),0
271309,2024,Small rural (critical access),0
271310,2019,Small rural (critical access),1
271310,2020,Small rural (critical access),1
271310,2021,Small rural (critical access),1
271310,2022,Small rural (critical access),1
271310,2023,Small rural (critical access),1
271310,2024,Small rural (critical access),1
271311,2019,Small rural (critical access),1
271311,2020,Small rural (critical access),1
271311,2021,Small rural (critical access),1
271311,2022,Small rural (critical access),0
271311,2023,Small rural (critical access),1
271311,2024,Small rural (critical access),1
271312,2019,Small rural (critical access),1
271312,2020,Small rural (critical access),1
271312,2021,Small rural (critical access),1
271312,2022,Small rural (critical access),1
271312,2023,Small rural (critical access),1
271312,2024,Small rural (critical access),1
271313,2019,Small rural (critical access),0
271313,2020,Small rural (critical access),0
271313,2021,Small rural (critical access),0
271313,2022,Small rural (critical access),0
271313,2023,Small rural (critical access),0
271313,2024,Small rural (critical access),0
271314,2019,Small rural (critical access),1
271314,2020,Small rural (critical access),1
271314,2021,Small rural (critical access),1
271314,2022,Small rural (critical access),0
271314,2023,Small rural (critical access),0
271314,2024,Small rural (critical access),0
271315,2019,Small rural (critical access),1
271315,2020,Small rural (critical access),0
271315,2021,Small rural (critical access),1
271315,2022,Small rural (critical access),1
271315,2023,Small rural (critical access),1
271315,2024,Small rural (critical access),1
271316,2019,Small rural (critical access),1
271316,2020,Small rural (critical access),1
271316,2021,Small rural (critical access),0
271316,2022,Small rural (critical access),0
271316,2023,Small rural (critical access),0
271316,2024,Small rural (critical access),1
271317,2019,Small rural (critical access),0
271317,2020,Small rural (critical access),0
271317,2021,Small rural (critical access),0
271317,2022,Small rural (critical access),0
271317,2023,Small rural (critical access),0
271317,2024,Small rural (critical access),0
271318,2019,Small rural (critical access),0
271318,2020,Small rural (critical access),0
271318,2021,Small rural (critical access),0
271318,2022,Small rural (critical access),0
271318,2023,Small rural (critical access),0
271318,2024,Small rural (critical access),0
271319,2019,Small rural (critical access),1
271319,2020,Small rural (critical access),1
271319,2021,Small rural (critical access),1
271319,2022,Small rural (critical access),1
271319,2023,Small rural (critical access),1
271319,2024,Small rural (critical access),1
271320,2019,Small rural (critical access),0
271320,2020,Small rural (critical access),0
271320,2021,Small rural (critical access),1
271320,2022,Small rural (critical access),0
271320,2023,Small rural (critical access),0
271320,2024,Small rural (critical access),0
271321,2019,Small rural (critical access),1
271321,2020,Small rural (critical access),1
271321,2021,Small rural (critical access),0
271321,2022,Small rural (critical access),0
271321,2023,Small rural (critical access),0
271321,2024,Small rural (critical access),0
271322,2019,Small rural (critical access),0
271322,2020,Small rural (critical access),0
271322,2021,Small rural (critical access),0
271322,2022,Small rural (critical access),0
271322,2023,Small rural (critical access),0
271322,2024,Small rural (critical access),0
271323,2019,Small rural (critical access),0
271323,2020,Small rural (critical access),0
271323,2021,Small rural (critical access),0
271323,2022,Small rural (critical access),0
271323,2023,Small rural (critical access),0
271323,2024,Small rural (critical access),1
271324,2019,Small rural (critical access),0
271324,2020,Small rural (critical access),0
271324,2021,Small rural (critical access),0
271324,2022,Small rural (critical access),0
271324,2023,Small rural (critical access),0
271324,2024,Small rural (critical access),0
271325,2019,Small rural (critical access),0
271325,2020,Small rural (critical access),0
271325,2021,Small rural (critical access),1
271325,2022,Small rural (critical access),0
271325,2023,Small rural (critical access),0
271325,2024,Small rural (critical access),0
271326,2019,Small rural (critical access),0
271326,2020,Small rural (critical access),0
271326,2021,Small rural (critical access),0
271326,2022,Small rural (critical access),0
271326,2023,Small rural (critical access),0
271326,2024,Small rural (critical access),0
271327,2019,Small rural (critical access),1
271327,2020,Small rural (critical access),0
271327,2021,Small rural (critical access),1
271327,2022,Small rural (critical access),1
271327,2023,Small rural (critical access),1
271327,2024,Small rural (critical access),1
271328,2019,Small rural (critical access),0
271328,2020,Small rural (critical access),0
271328,2021,Small rural (critical access),1
271328,2022,Small rural (critical access),1
271328,2023,Small rural (critical access),0
271328,2024,Small rural (critical access),0
271329,2019,Small rural (critical access),1
271329,2020,Small rural (critical access),1
271329,2021,Small rural (critical access),0
271329,2022,Small rural (critical access),0
271329,2023,Small rural (critical access),0
271329,2024,Small rural (critical access),0
271330,2019,Small rural (critical access),1
271330,2020,Small rural (critical access),1
271330,2021,Small rural (critical access),0
271330,2022,Small rural (critical access),0
271330,2023,Small rural (critical access),0
271330,2024,Small rural (critical access),0
271331,2019,Small rural (critical access),0
271331,2020,Small rural (critical access),0
271331,2021,Small rural (critical access),1
271331,2022,Small rural (critical access),1
271331,2023,Small rural (critical access),1
271331,2024,Small rural (critical access),1
271332,2019,Small rural (critical access),0
271332,2020,Small rural (critical access),0
271332,2021,Small rural (critical access),0
271332,2022,Small rural (critical access),0
271332,2023,Small rural (critical access),0
271332,2024,Small rural (critical access),0
271333,2019,Small rural (critical access),1
271333,2020,Small rural (critical access),0
271333,2021,Small rural (critical access),0
271333,2022,Small rural (critical access),0
271333,2023,Small rural (critical access),0
271333,2024,Small rural (critical access),0
271334,2019,Small rural (critical access),1
271334,2020,Small rural (critical access),1
271334,2021,Small rural (critical access),1
271334,2022,Small rural (critical access),0
271334,2023,Small rural (critical access),0
271334,2024,Small rural (critical access),0
271335,2019,Small rural (critical access),1
271335,2020,Small rural (critical access),1
271335,2021,Small rural (critical access),0
271335,2022,Small rural (critical access),0
271335,2023,Small rural (critical access),0
271335,2024,Small rural (critical access),0
271336,2019,Small rural (critical access),0
271336,2020,Small rural (critical access),0
271336,2021,Small rural (critical access),0
271336,2022,Small rural (critical access),1
271336,2023,Small rural (critical access),1
271336,2024,Small rural (critical access),0
271337,2019,Small rural (critical access),0
271337,2020,Small rural (critical access),0
271337,2021,Small rural (critical access),0
271337,2022,Small rural (critical access),0
271337,2023,Small rural (critical access),0
271337,2024,Small rural (critical access),0
271338,2019,Small rural (critical access),0
271338,2020,Small rural (critical access),0
271338,2021,Small rural (critical access),1
271338,2022,Small rural (critical access),0
271338,2023,Small rural (critical access),0
271338,2024,Small rural (critical access),0
271339,2019,Small rural (critical access),1
271339,2020,Small rural (critical access),0
271339,2021,Small rural (critical access),1
271339,2022,Small rural (critical access),1
271339,2023,Small rural (critical access),1
271339,2024,Small rural (critical access),1
271340,2019,Small rural (critical access),0
271340,2020,Small rural (critical access),0
271340,2021,Small rural (critical access),0
271340,2022,Small rural (critical access),0
271340,2023,Small rural (critical access),0
271340,2024,Small rural (critical access),0
271341,2019,Small rural (critical access),1
271341,2020,Small rural (critical access),1
271341,2021,Small rural (critical access),0
271341,2022,Small rural (critical access),0
271341,2023,Small rural (critical access),0
271341,2024,Small rural (critical access),0
271342,2019,Small rural (critical access),1
271342,2020,Small rural (critical access),0
271342,2021,Small rural (critical access),0
271342,2022,Small rural (critical access),0
271342,2023,Small rural (critical access),0
271342,2024,Small rural (critical access),0
271343,2019,Small rural (critical access),0
271343,2020,Small rural (critical access),0
271343,2021,Small rural (critical access),0
271343,2022,Small rural (critical access),0
271343,2023,Small rural (critical access),0
271343,2024,Small rural (critical access),0
271344,2019,Small rural (critical access),0
271344,2020,Small rural (critical access),0
271344,2021,Small rural (critical access),0
271344,2022,Small rural (critical access),0
271344,2023,Small rural (critical access),0
271344,2024,Small rural (critical access),0
271345,2019,Small rural (critical access),0
271345,2020,Small rural (critical access),0
271345,2021,Small rural (critical access),0
271345,2022,Small rural (critical access),0
271345,2023,Small rural (critical access),0
271345,2024,Small rural (critical access),0
271346,2019,Small rural (critical access),1
271346,2020,Small rural (critical access),0
271346,2021,Small rural (critical access),0
271346,2022,Small rural (critical access),0
271346,2023,Small rural (critical access),0
271346,2024,Small rural (critical access),0
271347,2019,Small rural (critical access),1
271347,2020,Small rural (critical access),0
271347,2021,Small rural (critical access),0
271347,2022,Small rural (critical access),0
271347,2023,Small rural (critical access),0
271347,2024,Small rural (critical access),0
271348,2024,Small rural (critical access),0
271389,2020,Small rural (critical access),1
271389,2021,Small rural (critical access),0
271389,2022,Small rural (critical access),0
271389,2023,Small rural (critical access),0
271389,2024,Small rural (critical access),0
280003,2019,General hospital,0
280003,2020,General hospital,0
280003,2021,General hospital,0
280003,2022,General hospital,0
280003,2023,General hospital,0
280003,2024,General hospital,0
280009,2019,General hospital,1
280009,2020,General hospital,1
280009,2021,General hospital,0
280009,2022,General hospital,0
280009,2023,General hospital,1
280009,2024,General hospital,0
280013,2019,General hospital,1
280013,2020,General hospital,0
280013,2021,General hospital,0
280013,2022,General hospital,0
280013,2023,General hospital,0
280013,2024,General hospital,0
280020,2019,General hospital,1
280020,2020,General hospital,1
280020,2021,General hospital,0
280020,2022,General hospital,0
280020,2023,General hospital,1
280020,2024,General hospital,0
280023,2019,General hospital,1
280023,2020,General hospital,1
280023,2021,General hospital,0
280023,2022,General hospital,0
280023,2023,General hospital,1
280023,2024,General hospital,0
280032,2019,General hospital,0
280032,2020,General hospital,0
280032,2021,General hospital,0
280032,2022,General hospital,0
280032,2023,General hospital,0
280032,2024,General hospital,0
280040,2019,General hospital,0
280040,2020,General hospital,0
280040,2021,General hospital,0
280040,2022,General hospital,0
280040,2023,General hospital,0
280040,2024,General hospital,0
280059,2024,General hospital,1
280060,2019,General hospital,0
280060,2020,General hospital,0
280060,2021,General hospital,0
280060,2022,General hospital,0
280060,2023,General hospital,1
280060,2024,General hospital,0
280061,2019,General hospital,0
280061,2020,General hospital,0
280061,2021,General hospital,0
280061,2022,General hospital,0
280061,2023,General hospital,1
280061,2024,General hospital,0
280065,2019,General hospital,1
280065,2020,General hospital,0
280065,2021,General hospital,0
280065,2022,General hospital,0
280065,2023,General hospital,0
280065,2024,General hospital,0
280077,2019,General hospital,0
280077,2020,General hospital,0
280077,2021,General hospital,0
280077,2022,General hospital,0
280077,2023,General hospital,0
280077,2024,General hospital,0
280081,2019,General hospital,0
280081,2020,General hospital,0
280081,2021,General hospital,0
280081,2022,General hospital,0
280081,2023,General hospital,1
280081,2024,General hospital,0
280105,2019,General hospital,0
280105,2020,General hospital,0
280105,2021,General hospital,0
280105,2022,General hospital,0
280105,2023,General hospital,1
280105,2024,General hospital,0
280111,2019,General hospital,0
280111,2020,General hospital,0
280111,2021,General hospital,0
280111,2022,General hospital,0
280111,2023,General hospital,0
280111,2024,General hospital,0
280125,2019,General hospital,0
280125,2020,General hospital,0
280125,2021,General hospital,0
280125,2022,General hospital,0
280125,2023,General hospital,0
280125,2024,General hospital,0
280127,2019,General hospital,1
280127,2020,General hospital,0
280127,2021,General hospital,0
280127,2022,General hospital,0
280127,2023,General hospital,0
280127,2024,General hospital,0
280128,2019,General hospital,1
280128,2020,General hospital,1
280128,2021,General hospital,0
280128,2022,General hospital,0
280128,2023,General hospital,1
280128,2024,General hospital,0
280129,2019,General hospital,0
280129,2020,General hospital,0
280129,2021,General hospital,0
280129,2022,General hospital,0
280129,2023,General hospital,0
280129,2024,General hospital,0
280130,2019,General hospital,0
280130,2020,General hospital,0
280130,2021,General hospital,0
280130,2022,General hospital,0
280130,2023,General hospital,1
280130,2024,General hospital,0
280131,2019,General hospital,0
280131,2020,General hospital,0
280131,2021,General hospital,0
280131,2022,General hospital,0
280131,2023,General hospital,0
280131,2024,General hospital,0
280132,2019,General hospital,1
280132,2020,General hospital,0
280132,2021,General hospital,0
280132,2022,General hospital,0
280132,2023,General hospital,0
280132,2024,General hospital,0
280133,2019,General hospital,1
280133,2020,General hospital,0
280133,2021,General hospital,0
280133,2022,General hospital,1
280133,2023,General hospital,1
280133,2024,General hospital,0
280134,2019,General hospital,1
280134,2020,General hospital,1
280134,2021,General hospital,0
280134,2022,General hospital,0
280134,2023,General hospital,0
280134,2024,General hospital,0
280139,2021,General hospital,1
280139,2022,General hospital,1
280139,2023,General hospital,0
280139,2024,General hospital,1
281300,2019,Small rural (critical access),1
281300,2020,Small rural (critical access),1
281300,2021,Small rural (critical access),0
281300,2022,Small rural (critical access),0
281300,2023,Small rural (critical access),0
281300,2024,Small rural (critical access),0
281301,2019,Small rural (critical access),0
281301,2020,Small rural (critical access),0
281301,2021,Small rural (critical access),0
281301,2022,Small rural (critical access),0
281301,2023,Small rural (critical access),0
281301,2024,Small rural (critical access),0
281302,2019,Small rural (critical access),0
281302,2020,Small rural (critical access),0
281302,2021,Small rural (critical access),0
281302,2022,Small rural (critical access),1
281302,2023,Small rural (critical access),1
281302,2024,Small rural (critical access),1
281303,2019,Small rural (critical access),0
281303,2020,Small rural (critical access),1
281303,2021,Small rural (critical access),0
281303,2022,Small rural (critical access),1
281303,2023,Small rural (critical access),1
281303,2024,Small rural (critical access),0
281304,2019,Small rural (critical access),0
281304,2020,Small rural (critical access),0
281304,2021,Small rural (critical access),0
281304,2022,Small rural (critical access),0
281304,2023,Small rural (critical access),0
281304,2024,Small rural (critical access),0
281305,2019,Small rural (critical access),0
281305,2020,Small rural (critical access),0
281305,2021,Small rural (critical access),0
281305,2022,Small rural (critical access),1
281305,2023,Small rural (critical access),1
281305,2024,Small rural (critical access),0
281306,2019,Small rural (critical access),1
281306,2020,Small rural (critical access),0
281306,2021,Small rural (critical access),0
281306,2022,Small rural (critical access),0
281306,2023,Small rural (critical access),1
281306,2024,Small rural (critical access),0
281307,2019,Small rural (critical access),1
281307,2020,Small rural (critical access),0
281307,2021,Small rural (critical access),0
281307,2022,Small rural (critical access),0
281307,2023,Small rural (critical access),0
281307,2024,Small rural (critical access),0
281308,2019,Small rural (critical access),0
281308,2020,Small rural (critical access),0
281308,2021,Small rural (critical access),0
281308,2022,Small rural (critical access),0
281308,2023,Small rural (critical access),1
281308,2024,Small rural (critical access),0
281309,2019,Small rural (critical access),0
281309,2020,Small rural (critical access),0
281309,2021,Small rural (critical access),0
281309,2022,Small rural (critical access),0
281309,2023,Small rural (critical access),0
281309,2024,Small rural (critical access),0
281310,2019,Small rural (critical access),1
281310,2020,Small rural (critical access),1
281310,2021,Small rural (critical access),1
281310,2022,Small rural (critical access),1
281310,2023,Small rural (critical access),1
281310,2024,Small rural (critical access),1
281311,2019,Small rural (critical access),0
281311,2020,Small rural (critical access),1
281311,2021,Small rural (critical access),0
281311,2022,Small rural (critical access),0
281311,2023,Small rural (critical access),1
281311,2024,Small rural (critical access),0
281312,2019,Small rural (critical access),0
281312,2020,Small rural (critical access),0
281312,2021,Small rural (critical access),0
281312,2022,Small rural (critical access),0
281312,2023,Small rural (critical access),1
281312,2024,Small rural (critical access),0
281313,2019,Small rural (critical access),0
281313,2020,Small rural (critical access),0
281313,2021,Small rural (critical access),0
281313,2022,Small rural (critical access),0
281313,2023,Small rural (critical access),0
281313,2024,Small rural (critical access),0
281314,2019,Small rural (critical access),1
281314,2020,Small rural (critical access),1
281314,2021,Small rural (critical access),1
281314,2022,Small rural (critical access),1
281314,2023,Small rural (critical access),1
281314,2024,Small rural (critical access),1
281315,2019,Small rural (critical access),1
281315,2020,Small rural (critical access),0
281315,2021,Small rural (critical access),0
281315,2022,Small rural (critical access),0
281315,2023,Small rural (critical access),0
281315,2024,Small rural (critical access),0
281316,2019,Small rural (critical access),1
281316,2020,Small rural (critical access),1
281316,2021,Small rural (critical access),1
281316,2022,Small rural (critical access),1
281316,2023,Small rural (critical access),1
281316,2024,Small rural (critical access),1
281318,2019,Small rural (critical access),0
281318,2020,Small rural (critical access),0
281318,2021,Small rural (critical access),0
281318,2022,Small rural (critical access),0
281318,2023,Small rural (critical access),1
281318,2024,Small rural (critical access),1
281319,2019,Small rural (critical access),0
281319,2020,Small rural (critical access),0
281319,2021,Small rural (critical access),0
281319,2022,Small rural (critical access),0
281319,2023,Small rural (critical access),0
281319,2024,Small rural (critical access),0
281320,2019,Small rural (critical access),0
281320,2020,Small rural (critical access),0
281320,2021,Small rural (critical access),0
281320,2022,Small rural (critical access),0
281320,2023,Small rural (critical access),1
281320,2024,Small rural (critical access),0
281321,2019,Small rural (critical access),0
281321,2020,Small rural (critical access),0
281321,2021,Small rural (critical access),0
281322,2019,Small rural (critical access),0
281322,2020,Small rural (critical access),0
281322,2021,Small rural (critical access),0
281322,2022,Small rural (critical access),0
281322,2023,Small rural (critical access),0
281322,2024,Small rural (critical access),0
281323,2019,Small rural (critical access),0
281323,2020,Small rural (critical access),0
281323,2021,Small rural (critical access),0
281323,2022,Small rural (critical access),0
281323,2023,Small rural (critical access),1
281323,2024,Small rural (critical access),0
281324,2019,Small rural (critical access),0
281324,2020,Small rural (critical access),0
281324,2021,Small rural (critical access),0
281324,2022,Small rural (critical access),0
281324,2023,Small rural (critical access),0
281324,2024,Small rural (critical access),0
281325,2019,Small rural (critical access),1
281325,2020,Small rural (critical access),0
281325,2021,Small rural (critical access),0
281325,2022,Small rural (critical access),0
281325,2023,Small rural (critical access),1
281325,2024,Small rural (critical access),0
281326,2019,Small rural (critical access),0
281326,2020,Small rural (critical access),0
281326,2021,Small rural (critical access),0
281326,2022,Small rural (critical access),1
281326,2023,Small rural (critical access),0
281326,2024,Small rural (critical access),1
281327,2019,Small rural (critical access),1
281327,2020,Small rural (critical access),1
281327,2021,Small rural (critical access),1
281327,2022,Small rural (critical access),1
281327,2023,Small rural (critical access),0
281327,2024,Small rural (critical access),1
281328,2019,Small rural (critical access),1
281328,2020,Small rural (critical access),1
281328,2021,Small rural (critical access),1
281328,2022,Small rural (critical access),1
281328,2023,Small rural (critical access),1
281328,2024,Small rural (critical access),0
281329,2019,Small rural (critical access),0
281329,2020,Small rural (critical access),0
281329,2021,Small rural (critical access),0
281329,2022,Small rural (critical access),0
281329,2023,Small rural (critical access),0
281329,2024,Small rural (critical access),0
281330,2019,Small rural (critical access),0
281330,2020,Small rural (critical access),0
281330,2021,Small rural (critical access),0
281330,2022,Small rural (critical access),1
281330,2023,Small rural (critical access),1
281331,2019,Small rural (critical access),0
281331,2020,Small rural (critical access),0
281331,2021,Small rural (critical access),0
281331,2022,Small rural (critical access),0
281331,2023,Small rural (critical access),0
281331,2024,Small rural (critical access),0
281332,2019,Small rural (critical access),0
281332,2020,Small rural (critical access),0
281332,2021,Small rural (critical access),0
281332,2022,Small rural (critical access),0
281332,2023,Small rural (critical access),0
281332,2024,Small rural (critical access),0
281333,2019,Small rural (critical access),1
281333,2020,Small rural (critical access),1
281333,2021,Small rural (critical access),0
281333,2022,Small rural (critical access),0
281333,2023,Small rural (critical access),1
281333,2024,Small rural (critical access),1
281334,2019,Small rural (critical access),0
281334,2020,Small rural (critical access),0
281334,2021,Small rural (critical access),0
281334,2022,Small rural (critical access),0
281334,2023,Small rural (critical access),0
281334,2024,Small rural (critical access),0
281335,2019,Small rural (critical access),1
281335,2020,Small rural (critical access),1
281335,2021,Small rural (critical access),1
281335,2022,Small rural (critical access),1
281335,2023,Small rural (critical access),1
281335,2024,Small rural (critical access),1
281336,2019,Small rural (critical access),0
281336,2020,Small rural (critical access),0
281336,2021,Small rural (critical access),0
281336,2022,Small rural (critical access),0
281336,2023,Small rural (critical access),0
281336,2024,Small rural (critical access),0
281338,2019,Small rural (critical access),0
281338,2020,Small rural (critical access),0
281338,2021,Small rural (critical access),0
281338,2022,Small rural (critical access),0
281338,2023,Small rural (critical access),0
281338,2024,Small rural (critical access),0
281339,2019,Small rural (critical access),0
281339,2020,Small rural (critical access),0
281339,2021,Small rural (critical access),0
281339,2022,Small rural (critical access),0
281339,2023,Small rural (critical access),0
281339,2024,Small rural (critical access),0
281340,2019,Small rural (critical access),0
281340,2020,Small rural (critical access),0
281340,2021,Small rural (critical access),1
281340,2022,Small rural (critical access),1
281340,2023,Small rural (critical access),1
281340,2024,Small rural (critical access),1
281341,2019,Small rural (critical access),1
281341,2020,Small rural (critical access),0
281341,2021,Small rural (critical access),1
281341,2022,Small rural (critical access),1
281341,2023,Small rural (critical access),0
281341,2024,Small rural (critical access),0
281342,2019,Small rural (critical access),1
281342,2020,Small rural (critical access),1
281342,2021,Small rural (critical access),0
281342,2022,Small rural (critical access),0
281342,2023,Small rural (critical access),1
281342,2024,Small rural (critical access),0
281343,2019,Small rural (critical access),0
281343,2020,Small rural (critical access),0
281343,2021,Small rural (critical access),0
281343,2022,Small rural (critical access),0
281343,2023,Small rural (critical access),0
281343,2024,Small rural (critical access),1
281344,2019,Small rural (critical access),1
281344,2020,Small rural (critical access),1
281344,2021,Small rural (critical access),1
281344,2022,Small rural (critical access),1
281344,2023,Small rural (critical access),1
281344,2024,Small rural (critical access),1
281345,2019,Small rural (critical access),0
281345,2020,Small rural (critical access),0
281345,2021,Small rural (critical access),0
281345,2022,Small rural (critical access),0
281345,2023,Small rural (critical access),0
281345,2024,Small rural (critical access),0
281346,2019,Small rural (critical access),0
281346,2020,Small rural (critical access),0
281346,2021,Small rural (critical access),0
281346,2022,Small rural (critical access),0
281346,2023,Small rural (critical access),1
281346,2024,Small rural (critical access),0
281347,2019,Small rural (critical access),1
281347,2020,Small rural (critical access),0
281347,2021,Small rural (critical access),0
281347,2022,Small rural (critical access),0
281347,2023,Small rural (critical access),0
281347,2024,Small rural (critical access),0
281348,2019,Small rural (critical access),1
281348,2020,Small rural (critical access),1
281348,2021,Small rural (critical access),0
281348,2022,Small rural (critical access),0
281348,2023,Small rural (critical access),0
281348,2024,Small rural (critical access),0
281349,2019,Small rural (critical access),0
281349,2020,Small rural (critical access),0
281349,2021,Small rural (critical access),0
281349,2022,Small rural (critical access),0
281349,2023,Small rural (critical access),0
281349,2024,Small rural (critical access),0
281350,2019,Small rural (critical access),0
281350,2020,Small rural (critical access),0
281350,2021,Small rural (critical access),0
281350,2022,Small rural (critical access),0
281350,2023,Small rural (critical access),0
281350,2024,Small rural (critical access),0
281351,2019,Small rural (critical access),1
281351,2020,Small rural (critical access),0
281351,2021,Small rural (critical access),0
281351,2022,Small rural (critical access),0
281351,2023,Small rural (critical access),0
281351,2024,Small rural (critical access),0
281352,2019,Small rural (critical access),1
281352,2020,Small rural (critical access),1
281352,2021,Small rural (critical access),0
281352,2022,Small rural (critical access),0
281352,2023,Small rural (critical access),0
281352,2024,Small rural (critical access),0
281353,2019,Small rural (critical access),0
281353,2020,Small rural (critical access),1
281353,2021,Small rural (critical access),0
281353,2022,Small rural (critical access),0
281353,2023,Small rural (critical access),0
281353,2024,Small rural (critical access),0
281354,2019,Small rural (critical access),0
281354,2020,Small rural (critical access),0
281354,2021,Small rural (critical access),0
281354,2022,Small rural (critical access),0
281354,2023,Small rural (critical access),0
281354,2024,Small rural (critical access),0
281355,2019,Small rural (critical access),0
281355,2020,Small rural (critical access),0
281355,2021,Small rural (critical access),0
281355,2022,Small rural (critical access),0
281355,2023,Small rural (critical access),0
281355,2024,Small rural (critical access),0
281356,2019,Small rural (critical access),0
281356,2020,Small rural (critical access),0
281356,2021,Small rural (critical access),1
281356,2022,Small rural (critical access),1
281356,2023,Small rural (critical access),1
281356,2024,Small rural (critical access),0
281357,2019,Small rural (critical access),1
281357,2020,Small rural (critical access),1
281357,2021,Small rural (critical access),1
281357,2022,Small rural (critical access),1
281357,2023,Small rural (critical access),1
281357,2024,Small rural (critical access),1
281358,2019,Small rural (critical access),0
281358,2020,Small rural (critical access),0
281358,2021,Small rural (critical access),0
281358,2022,Small rural (critical access),1
281358,2023,Small rural (critical access),1
281358,2024,Small rural (critical access),0
281359,2019,Small rural (critical access),0
281359,2020,Small rural (critical access),0
281359,2021,Small rural (critical access),0
281359,2022,Small rural (critical access),0
281359,2023,Small rural (critical access),1
281359,2024,Small rural (critical access),0
281360,2019,Small rural (critical access),0
281360,2020,Small rural (critical access),1
281360,2021,Small rural (critical access),0
281360,2022,Small rural (critical access),0
281360,2023,Small rural (critical access),0
281360,2024,Small rural (critical access),0
281361,2019,Small rural (critical access),0
281361,2020,Small rural (critical access),0
281361,2021,Small rural (critical access),0
281361,2022,Small rural (critical access),0
281361,2023,Small rural (critical access),0
281361,2024,Small rural (critical access),0
281362,2019,Small rural (critical access),0
281362,2020,Small rural (critical access),0
281362,2021,Small rural (critical access),0
281362,2022,Small rural (critical access),0
281362,2023,Small rural (critical access),0
281362,2024,Small rural (critical access),0
281363,2019,Small rural (critical access),0
281363,2020,Small rural (critical access),0
281363,2021,Small rural (critical access),0
281363,2022,Small rural (critical access),0
281363,2023,Small rural (critical access),0
281363,2024,Small rural (critical access),0
281364,2019,Small rural (critical access),0
281364,2020,Small rural (critical access),0
281364,2021,Small rural (critical access),0
281364,2022,Small rural (critical access),0
281364,2023,Small rural (critical access),0
281364,2024,Small rural (critical access),0
281365,2019,Small rural (critical access),0
281365,2020,Small rural (critical access),1
281365,2021,Small rural (critical access),0
281365,2022,Small rural (critical access),0
281365,2023,Small rural (critical access),1
281365,2024,Small rural (critical access),1
290001,2019,General hospital,0
290001,2020,General hospital,0
290001,2021,General hospital,0
290001,2022,General hospital,0
290001,2023,General hospital,0
290001,2024,General hospital,0
290003,2019,General hospital,0
290003,2020,General hospital,0
290003,2021,General hospital,0
290003,2022,General hospital,0
290003,2023,General hospital,0
290003,2024,General hospital,0
290005,2019,General hospital,0
290005,2020,General hospital,0
290005,2021,General hospital,0
290005,2022,General hospital,0
290005,2023,General hospital,0
290005,2024,General hospital,0
290007,2019,General hospital,0
290007,2020,General hospital,0
290007,2021,General hospital,0
290007,2022,General hospital,0
290007,2023,General hospital,0
290007,2024,General hospital,0
290008,2019,General hospital,0
290008,2020,General hospital,0
290008,2021,General hospital,0
290008,2022,General hospital,0
290008,2023,General hospital,0
290008,2024,General hospital,0
290009,2019,General hospital,0
290009,2020,General hospital,0
290009,2021,General hospital,0
290009,2022,General hospital,0
290009,2023,General hospital,0
290009,2024,General hospital,0
290012,2019,General hospital,0
290012,2020,General hospital,0
290012,2021,General hospital,0
290012,2022,General hospital,0
290012,2023,General hospital,0
290012,2024,General hospital,0
290019,2019,General hospital,0
290019,2020,General hospital,0
290019,2021,General hospital,0
290019,2022,General hospital,0
290019,2023,General hospital,1
290019,2024,General hospital,0
290021,2019,General hospital,0
290021,2020,General hospital,0
290021,2021,General hospital,0
290021,2022,General hospital,0
290021,2023,General hospital,0
290021,2024,General hospital,0
290022,2019,General hospital,0
290022,2020,General hospital,0
290022,2021,General hospital,0
290022,2022,General hospital,0
290022,2023,General hospital,0
290032,2019,General hospital,0
290032,2020,General hospital,0
290032,2021,General hospital,0
290032,2022,General hospital,0
290032,2023,General hospital,0
290032,2024,General hospital,0
290039,2019,General hospital,0
290039,2020,General hospital,0
290039,2021,General hospital,0
290039,2022,General hospital,0
290039,2023,General hospital,0
290039,2024,General hospital,0
290041,2019,General hospital,0
290041,2020,General hospital,0
290041,2021,General hospital,0
290041,2022,General hospital,0
290041,2023,General hospital,0
290041,2024,General hospital,0
290042,2019,General hospital,1
290042,2020,General hospital,1
290042,2021,General hospital,1
290042,2022,General hospital,1
290042,2023,General hospital,1
290042,2024,General hospital,1
290045,2019,General hospital,0
290045,2020,General hospital,0
290045,2021,General hospital,0
290045,2022,General hospital,0
290045,2023,General hospital,0
290045,2024,General hospital,0
290046,2019,General hospital,0
290046,2020,General hospital,0
290046,2021,General hospital,0
290046,2022,General hospital,0
290046,2023,General hospital,0
290046,2024,General hospital,0
290047,2019,General hospital,0
290047,2020,General hospital,0
290047,2021,General hospital,0
290047,2022,General hospital,0
290047,2023,General hospital,0
290047,2024,General hospital,0
290049,2019,General hospital,0
290049,2020,General hospital,0
290049,2021,General hospital,0
290049,2022,General hospital,0
290049,2023,General hospital,0
290049,2024,General hospital,0
290053,2019,General hospital,0
290053,2020,General hospital,0
290053,2021,General hospital,0
290053,2022,General hospital,0
290053,2023,General hospital,0
290053,2024,General hospital,0
290054,2019,General hospital,0
290054,2020,General hospital,0
290054,2021,General hospital,0
290054,2022,General hospital,0
290054,2023,General hospital,0
290054,2024,General hospital,0
290056,2019,General hospital,1
290056,2020,General hospital,0
290057,2019,General hospital,0
290057,2020,General hospital,0
290057,2021,General hospital,0
290057,2022,General hospital,0
290057,2023,General hospital,0
290057,2024,General hospital,0
290058,2019,General hospital,1
290058,2020,General hospital,1
290058,2021,General hospital,1
290058,2022,General hospital,1
290058,2023,General hospital,1
290058,2024,General hospital,0
290061,2023,General hospital,0
290061,2024,General hospital,0
291300,2019,Small rural (critical access),0
291300,2020,Small rural (critical access),0
291300,2021,Small rural (critical access),0
291300,2022,Small rural (critical access),0
291300,2023,Small rural (critical access),0
291300,2024,Small rural (critical access),0
291301,2019,Small rural (critical access),0
291301,2020,Small rural (critical access),0
291301,2021,Small rural (critical access),0
291301,2022,Small rural (critical access),1
291301,2023,Small rural (critical access),1
291301,2024,Small rural (critical access),0
291302,2019,Small rural (critical access),1
291302,2020,Small rural (critical access),1
291302,2021,Small rural (critical access),1
291302,2022,Small rural (critical access),1
291302,2023,Small rural (critical access),1
291302,2024,Small rural (critical access),0
291303,2019,Small rural (critical access),1
291303,2020,Small rural (critical access),1
291303,2021,Small rural (critical access),1
291303,2022,Small rural (critical access),1
291303,2023,Small rural (critical access),1
291303,2024,Small rural (critical access),1
291304,2019,Small rural (critical access),1
291304,2020,Small rural (critical access),1
291304,2021,Small rural (critical access),1
291304,2022,Small rural (critical access),1
291304,2023,Small rural (critical access),1
291304,2024,Small rural (critical access),1
291306,2019,Small rural (critical access),1
291306,2020,Small rural (critical access),1
291306,2021,Small rural (critical access),0
291306,2022,Small rural (critical access),0
291306,2023,Small rural (critical access),0
291306,2024,Small rural (critical access),0
291307,2019,Small rural (critical access),0
291307,2020,Small rural (critical access),0
291307,2021,Small rural (critical access),0
291307,2022,Small rural (critical access),0
291307,2023,Small rural (critical access),0
291307,2024,Small rural (critical access),0
291308,2019,Small rural (critical access),1
291308,2020,Small rural (critical access),1
291308,2021,Small rural (critical access),1
291308,2022,Small rural (critical access),0
291308,2023,Small rural (critical access),1
291308,2024,Small rural (critical access),0
291309,2019,Small rural (critical access),1
291309,2020,Small rural (critical access),1
291309,2021,Small rural (critical access),1
291309,2022,Small rural (critical access),1
291309,2023,Small rural (critical access),1
291309,2024,Small rural (critical access),1
291311,2019,Small rural (critical access),0
291311,2020,Small rural (critical access),0
291311,2021,Small rural (critical access),0
291311,2022,Small rural (critical access),0
291311,2023,Small rural (critical access),0
291311,2024,Small rural (critical access),1
291312,2019,Small rural (critical access),1
291312,2020,Small rural (critical access),1
291312,2021,Small rural (critical access),1
291312,2022,Small rural (critical access),1
291312,2023,Small rural (critical access),1
291312,2024,Small rural (critical access),1
291313,2019,Small rural (critical access),0
291313,2020,Small rural (critical access),0
291313,2021,Small rural (critical access),0
291313,2022,Small rural (critical access),0
291313,2023,Small rural (critical access),0
291313,2024,Small rural (critical access),0
291314,2019,Small rural (critical access),0
291314,2020,Small rural (critical access),0
291314,2021,Small rural (critical access),1
291314,2022,Small rural (critical access),1
291314,2023,Small rural (critical access),1
291314,2024,Small rural (critical access),1
300001,2019,General hospital,0
300001,2020,General hospital,0
300001,2021,General hospital,0
300001,2022,General hospital,0
300001,2023,General hospital,0
300001,2024,General hospital,0
300003,2019,General hospital,0
300003,2020,General hospital,0
300003,2021,General hospital,0
300003,2022,General hospital,0
300003,2023,General hospital,0
300003,2024,General hospital,0
300005,2019,General hospital,0
300005,2020,General hospital,0
300005,2021,General hospital,0
300005,2022,General hospital,0
300005,2023,General hospital,0
300005,2024,General hospital,0
300011,2019,General hospital,0
300011,2020,General hospital,0
300011,2021,General hospital,0
300011,2022,General hospital,0
300011,2023,General hospital,0
300011,2024,General hospital,0
300012,2019,General hospital,0
300012,2020,General hospital,0
300012,2021,General hospital,0
300012,2022,General hospital,1
300012,2023,General hospital,0
300012,2024,General hospital,0
300014,2019,General hospital,0
300014,2020,General hospital,0
300014,2021,General hospital,0
300014,2022,General hospital,0
300014,2023,General hospital,0
300014,2024,General hospital,0
300017,2019,General hospital,0
300017,2020,General hospital,0
300017,2021,General hospital,0
300017,2022,General hospital,0
300017,2023,General hospital,0
300017,2024,General hospital,0
300018,2019,General hospital,0
300018,2020,General hospital,0
300018,2021,General hospital,0
300018,2022,General hospital,0
300018,2023,General hospital,0
300018,2024,General hospital,0
300019,2019,General hospital,1
300019,2020,General hospital,0
300019,2021,General hospital,0
300019,2022,General hospital,0
300019,2023,General hospital,0
300019,2024,General hospital,0
300020,2019,General hospital,0
300020,2020,General hospital,0
300020,2021,General hospital,0
300020,2022,General hospital,1
300020,2023,General hospital,1
300020,2024,General hospital,0
300023,2019,General hospital,0
300023,2020,General hospital,0
300023,2021,General hospital,0
300023,2022,General hospital,0
300023,2023,General hospital,0
300023,2024,General hospital,0
300029,2019,General hospital,0
300029,2020,General hospital,0
300029,2021,General hospital,0
300029,2022,General hospital,0
300029,2023,General hospital,0
300029,2024,General hospital,0
300034,2019,General hospital,1
300034,2020,General hospital,0
300034,2021,General hospital,0
300034,2022,General hospital,1
300034,2023,General hospital,0
300034,2024,General hospital,0
301300,2019,Small rural (critical access),0
301300,2020,Small rural (critical access),0
301300,2021,Small rural (critical access),0
301300,2022,Small rural (critical access),0
301300,2023,Small rural (critical access),0
301300,2024,Small rural (critical access),0
301301,2019,Small rural (critical access),0
301301,2020,Small rural (critical access),0
301301,2021,Small rural (critical access),0
301301,2022,Small rural (critical access),0
301301,2023,Small rural (critical access),0
301301,2024,Small rural (critical access),0
301302,2019,Small rural (critical access),0
301302,2020,Small rural (critical access),0
301302,2021,Small rural (critical access),1
301302,2022,Small rural (critical access),1
301302,2023,Small rural (critical access),1
301302,2024,Small rural (critical access),0
301303,2019,Small rural (critical access),0
301303,2020,Small rural (critical access),0
301303,2021,Small rural (critical access),1
301303,2022,Small rural (critical access),0
301303,2023,Small rural (critical access),0
301303,2024,Small rural (critical access),0
301304,2019,Small rural (critical access),0
301304,2020,Small rural (critical access),0
301304,2021,Small rural (critical access),0
301304,2022,Small rural (critical access),0
301304,2023,Small rural (critical access),1
301304,2024,Small rural (critical access),1
301305,2019,Small rural (critical access),1
301305,2020,Small rural (critical access),1
301305,2021,Small rural (critical access),0
301305,2022,Small rural (critical access),0
301305,2023,Small rural (critical access),1
301305,2024,Small rural (critical access),0
301306,2019,Small rural (critical access),0
301306,2020,Small rural (critical access),0
301306,2021,Small rural (critical access),0
301306,2022,Small rural (critical access),1
301306,2023,Small rural (critical access),0
301306,2024,Small rural (critical access),0
301307,2019,Small rural (critical access),0
301307,2020,Small rural (critical access),0
301307,2021,Small rural (critical access),0
301307,2022,Small rural (critical access),0
301307,2023,Small rural (critical access),0
301307,2024,Small rural (critical access),0
301308,2019,Small rural (critical access),0
301308,2020,Small rural (critical access),0
301308,2021,Small rural (critical access),0
301308,2022,Small rural (critical access),0
301308,2023,Small rural (critical access),0
301308,2024,Small rural (critical access),0
301309,2019,Small rural (critical access),1
301309,2020,Small rural (critical access),1
301309,2021,Small rural (critical access),1
301309,2022,Small rural (critical access),1
301309,2023,Small rural (critical access),1
301309,2024,Small rural (critical access),1
301310,2019,Small rural (critical access),0
301310,2020,Small rural (critical access),0
301310,2021,Small rural (critical access),0
301310,2022,Small rural (critical access),0
301310,2023,Small rural (critical access),0
301310,2024,Small rural (critical access),0
301311,2019,Small rural (critical access),0
301311,2020,Small rural (critical access),0
301311,2021,Small rural (critical access),0
301311,2022,Small rural (critical access),0
301311,2023,Small rural (critical access),0
301311,2024,Small rural (critical access),0
301312,2019,Small rural (critical access),0
301312,2020,Small rural (critical access),0
301312,2021,Small rural (critical access),0
301312,2022,Small rural (critical access),1
301312,2023,Small rural (critical access),1
301312,2024,Small rural (critical access),1
310001,2019,General hospital,0
310001,2020,General hospital,0
310001,2021,General hospital,0
310001,2022,General hospital,0
310001,2023,General hospital,0
310001,2024,General hospital,0
310002,2019,General hospital,1
310002,2020,General hospital,0
310002,2021,General hospital,0
310002,2022,General hospital,0
310002,2023,General hospital,0
310002,2024,General hospital,0
310003,2019,General hospital,0
310003,2020,General hospital,0
310003,2021,General hospital,0
310003,2022,General hospital,0
310003,2023,General hospital,0
310003,2024,General hospital,0
310005,2019,General hospital,1
310005,2020,General hospital,0
310005,2021,General hospital,1
310005,2022,General hospital,1
310005,2023,General hospital,1
310005,2024,General hospital,1
310006,2019,General hospital,0
310006,2020,General hospital,0
310006,2021,General hospital,0
310006,2022,General hospital,0
310006,2023,General hospital,0
310006,2024,General hospital,0
310008,2019,General hospital,1
310008,2020,General hospital,1
310008,2021,General hospital,1
310008,2022,General hospital,1
310008,2023,General hospital,1
310008,2024,General hospital,0
310009,2019,General hospital,1
310009,2020,General hospital,0
310009,2021,General hospital,0
310009,2022,General hospital,0
310009,2023,General hospital,0
310009,2024,General hospital,0
310010,2019,General hospital,0
310010,2020,General hospital,0
310010,2021,General hospital,0
310010,2022,General hospital,0
310010,2023,General hospital,0
310010,2024,General hospital,0
310011,2019,General hospital,0
310011,2020,General hospital,0
310011,2021,General hospital,0
310011,2022,General hospital,0
310011,2023,General hospital,0
310011,2024,General hospital,0
310012,2019,General hospital,0
310012,2020,General hospital,0
310012,2021,General hospital,0
310012,2022,General hospital,0
310012,2023,General hospital,0
310012,2024,General hospital,0
310014,2019,General hospital,0
310014,2020,General hospital,0
310014,2021,General hospital,0
310014,2022,General hospital,0
310014,2023,General hospital,0
310014,2024,General hospital,0
310015,2019,General hospital,0
310015,2020,General hospital,0
310015,2021,General hospital,0
310015,2022,General hospital,0
310015,2023,General hospital,0
310015,2024,General hospital,0
310016,2019,General hospital,0
310016,2020,General hospital,0
310016,2021,General hospital,0
310016,2022,General hospital,0
310016,2023,General hospital,0
310016,2024,General hospital,0
310017,2019,General hospital,0
310017,2020,General hospital,0
310017,2021,General hospital,0
310017,2022,General hospital,0
310017,2023,General hospital,0
310017,2024,General hospital,0
310019,2019,General hospital,0
310019,2020,General hospital,0
310019,2021,General hospital,0
310019,2022,General hospital,0
310019,2023,General hospital,0
310019,2024,General hospital,0
310021,2019,General hospital,0
310021,2020,General hospital,0
310021,2021,General hospital,0
310021,2022,General hospital,0
310021,2023,General hospital,1
310022,2019,General hospital,0
310022,2020,General hospital,0
310022,2021,General hospital,0
310022,2022,General hospital,0
310022,2023,General hospital,0
310022,2024,General hospital,0
310024,2019,General hospital,0
310024,2020,General hospital,0
310024,2021,General hospital,0
310024,2022,General hospital,0
310024,2023,General hospital,0
310024,2024,General hospital,0
310025,2019,General hospital,0
310025,2020,General hospital,0
310025,2021,General hospital,0
310025,2022,General hospital,0
310025,2023,General hospital,0
310025,2024,General hospital,0
310027,2019,General hospital,0
310027,2020,General hospital,0
310027,2021,General hospital,0
310027,2022,General hospital,0
310027,2023,General hospital,0
310027,2024,General hospital,1
310028,2019,General hospital,0
310028,2020,General hospital,0
310028,2021,General hospital,0
310028,2022,General hospital,0
310028,2023,General hospital,0
310028,2024,General hospital,0
310029,2019,General hospital,0
310029,2020,General hospital,0
310029,2021,General hospital,0
310029,2022,General hospital,0
310029,2023,General hospital,0
310029,2024,General hospital,0
310031,2019,General hospital,1
310031,2020,General hospital,0
310031,2021,General hospital,1
310031,2022,General hospital,0
310031,2023,General hospital,1
310031,2024,General hospital,0
310032,2019,General hospital,0
310032,2020,General hospital,0
310032,2021,General hospital,0
310032,2022,General hospital,0
310032,2023,General hospital,0
310032,2024,General hospital,0
310034,2019,General hospital,0
310034,2020,General hospital,0
310034,2021,General hospital,0
310034,2022,General hospital,0
310034,2023,General hospital,0
310034,2024,General hospital,0
310038,2019,General hospital,0
310038,2020,General hospital,0
310038,2021,General hospital,0
310038,2022,General hospital,0
310038,2023,General hospital,0
310038,2024,General hospital,0
310039,2019,General hospital,0
310039,2020,General hospital,0
310039,2021,General hospital,0
310039,2022,General hospital,0
310039,2023,General hospital,0
310039,2024,General hospital,0
310040,2019,General hospital,0
310040,2020,General hospital,0
310040,2021,General hospital,0
310040,2022,General hospital,0
310040,2023,General hospital,0
310040,2024,General hospital,0
310041,2019,General hospital,1
310041,2020,General hospital,0
310041,2021,General hospital,0
310041,2022,General hospital,0
310041,2023,General hospital,0
310041,2024,General hospital,0
310044,2019,General hospital,0
310044,2020,General hospital,0
310044,2021,General hospital,1
310044,2022,General hospital,0
310044,2023,General hospital,0
310044,2024,General hospital,0
310045,2019,General hospital,0
310045,2020,General hospital,0
310045,2021,General hospital,0
310045,2022,General hospital,0
310045,2023,General hospital,0
310045,2024,General hospital,0
310047,2019,General hospital,0
310047,2020,General hospital,0
310047,2021,General hospital,0
310047,2022,General hospital,0
310047,2023,General hospital,0
310047,2024,General hospital,0
310048,2019,General hospital,0
310048,2020,General hospital,0
310048,2021,General hospital,0
310048,2022,General hospital,0
310048,2023,General hospital,0
310048,2024,General hospital,0
310050,2019,General hospital,0
310050,2020,General hospital,0
310050,2021,General hospital,0
310050,2022,General hospital,0
310050,2023,General hospital,0
310050,2024,General hospital,0
310051,2019,General hospital,0
310051,2020,General hospital,0
310051,2021,General hospital,0
310051,2022,General hospital,0
310051,2023,General hospital,0
310051,2024,General hospital,0
310052,2019,General hospital,0
310052,2020,General hospital,0
310052,2021,General hospital,0
310052,2022,General hospital,0
310052,2023,General hospital,0
310052,2024,General hospital,0
310054,2019,General hospital,1
310054,2020,General hospital,0
310054,2021,General hospital,0
310054,2022,General hospital,0
310054,2023,General hospital,0
310054,2024,General hospital,0
310057,2019,General hospital,0
310057,2020,General hospital,0
310057,2021,General hospital,0
310057,2022,General hospital,0
310057,2023,General hospital,0
310057,2024,General hospital,0
310058,2019,General hospital,0
310058,2020,General hospital,0
310058,2021,General hospital,0
310058,2022,General hospital,0
310058,2023,General hospital,0
310058,2024,General hospital,0
310060,2019,General hospital,0
310060,2020,General hospital,0
310060,2021,General hospital,0
310060,2022,General hospital,0
310060,2023,General hospital,0
310060,2024,General hospital,0
310061,2019,General hospital,0
310061,2020,General hospital,0
310061,2021,General hospital,0
310061,2022,General hospital,0
310061,2023,General hospital,0
310061,2024,General hospital,0
310064,2019,General hospital,0
310064,2020,General hospital,0
310064,2021,General hospital,0
310064,2022,General hospital,0
310064,2023,General hospital,0
310064,2024,General hospital,0
310069,2019,General hospital,0
310069,2020,General hospital,0
310069,2021,General hospital,0
310069,2022,General hospital,0
310069,2023,General hospital,0
310069,2024,General hospital,0
310070,2019,General hospital,0
310070,2020,General hospital,0
310070,2021,General hospital,0
310070,2022,General hospital,0
310070,2023,General hospital,1
310070,2024,General hospital,0
310073,2019,General hospital,1
310073,2020,General hospital,0
310073,2021,General hospital,0
310073,2022,General hospital,0
310073,2023,General hospital,0
310073,2024,General hospital,0
310074,2019,General hospital,1
310074,2020,General hospital,0
310074,2021,General hospital,0
310074,2022,General hospital,0
310074,2023,General hospital,0
310074,2024,General hospital,0
310075,2019,General hospital,1
310075,2020,General hospital,0
310075,2021,General hospital,0
310075,2022,General hospital,0
310075,2023,General hospital,0
310075,2024,General hospital,0
310076,2019,General hospital,1
310076,2020,General hospital,0
310076,2021,General hospital,0
310076,2022,General hospital,0
310076,2023,General hospital,0
310076,2024,General hospital,0
310081,2019,General hospital,0
310081,2020,General hospital,0
310081,2021,General hospital,1
310083,2019,General hospital,1
310083,2020,General hospital,1
310083,2021,General hospital,0
310083,2022,General hospital,0
310083,2023,General hospital,1
310083,2024,General hospital,0
310084,2019,General hospital,1
310084,2020,General hospital,0
310084,2021,General hospital,0
310084,2022,General hospital,0
310084,2023,General hospital,0
310084,2024,General hospital,0
310086,2019,General hospital,0
310086,2020,General hospital,0
310086,2021,General hospital,0
310086,2022,General hospital,0
310086,2023,General hospital,0
310086,2024,General hospital,0
310091,2019,General hospital,0
310091,2020,General hospital,0
310091,2021,General hospital,0
310091,2022,General hospital,0
310091,2023,General hospital,0
310092,2019,General hospital,0
310092,2020,General hospital,0
310092,2021,General hospital,1
310092,2022,General hospital,0
310092,2023,General hospital,0
310092,2024,General hospital,0
310096,2019,General hospital,0
310096,2020,General hospital,0
310096,2021,General hospital,0
310096,2022,General hospital,0
310096,2023,General hospital,0
310096,2024,General hospital,0
310108,2019,General hospital,1
310108,2020,General hospital,1
310108,2021,General hospital,0
310108,2022,General hospital,0
310108,2023,General hospital,0
310108,2024,General hospital,0
310110,2019,General hospital,0
310110,2020,General hospital,0
310110,2021,General hospital,0
310110,2022,General hospital,0
310110,2023,General hospital,0
310110,2024,General hospital,0
310111,2019,General hospital,0
310111,2020,General hospital,0
310111,2021,General hospital,0
310111,2022,General hospital,0
310111,2023,General hospital,1
310111,2024,General hospital,0
310112,2019,General hospital,0
310112,2020,General hospital,0
310112,2021,General hospital,0
310112,2022,General hospital,0
310112,2023,General hospital,0
310112,2024,General hospital,0
310113,2019,General hospital,0
310113,2020,General hospital,0
310113,2021,General hospital,0
310113,2022,General hospital,0
310113,2023,General hospital,0
310113,2024,General hospital,0
310115,2019,General hospital,0
310115,2020,General hospital,0
310115,2021,General hospital,0
310115,2022,General hospital,0
310115,2023,General hospital,0
310115,2024,General hospital,0
310118,2019,General hospital,0
310118,2020,General hospital,0
310118,2021,General hospital,0
310118,2022,General hospital,0
310118,2023,General hospital,1
310118,2024,General hospital,1
310119,2019,General hospital,0
310119,2020,General hospital,0
310119,2021,General hospital,0
310119,2022,General hospital,0
310119,2023,General hospital,0
310119,2024,General hospital,0
310130,2019,General hospital,1
310130,2020,General hospital,1
310130,2021,General hospital,0
310130,2022,General hospital,0
310130,2023,General hospital,0
310130,2024,General hospital,0
310131,2024,General hospital,1
320001,2019,General hospital,0
320001,2020,General hospital,0
320001,2021,General hospital,0
320001,2022,General hospital,0
320001,2023,General hospital,0
320001,2024,General hospital,0
320002,2019,General hospital,0
320002,2020,General hospital,0
320002,2021,General hospital,0
320002,2022,General hospital,0
320002,2023,General hospital,0
320002,2024,General hospital,0
320003,2019,General hospital,0
320003,2020,General hospital,0
320003,2021,General hospital,0
320003,2022,General hospital,0
320003,2023,General hospital,0
320004,2019,General hospital,1
320004,2020,General hospital,0
320004,2021,General hospital,0
320004,2022,General hospital,0
320004,2023,General hospital,0
320004,2024,General hospital,0
320005,2019,General hospital,0
320005,2020,General hospital,0
320005,2021,General hospital,0
320005,2022,General hospital,0
320005,2023,General hospital,0
320005,2024,General hospital,0
320006,2019,General hospital,0
320006,2020,General hospital,0
320006,2021,General hospital,0
320006,2022,General hospital,0
320006,2023,General hospital,0
320006,2024,General hospital,0
320009,2019,General hospital,0
320009,2020,General hospital,0
320009,2021,General hospital,0
320009,2022,General hospital,0
320009,2023,General hospital,0
320009,2024,General hospital,0
320011,2019,General hospital,1
320011,2020,General hospital,1
320011,2021,General hospital,0
320011,2022,General hospital,0
320011,2023,General hospital,0
320011,2024,General hospital,1
320016,2019,General hospital,1
320016,2020,General hospital,1
320017,2019,General hospital,1
320017,2020,General hospital,0
320017,2021,General hospital,0
320017,2022,General hospital,0
320017,2023,General hospital,0
320017,2024,General hospital,0
320018,2019,General hospital,0
320018,2020,General hospital,0
320018,2021,General hospital,0
320018,2022,General hospital,0
320018,2023,General hospital,0
320018,2024,General hospital,0
320021,2019,General hospital,0
320021,2020,General hospital,0
320021,2021,General hospital,0
320021,2022,General hospital,0
320021,2023,General hospital,0
320021,2024,General hospital,1
320022,2019,General hospital,0
320022,2020,General hospital,0
320022,2021,General hospital,0
320022,2022,General hospital,0
320022,2023,General hospital,0
320022,2024,General hospital,1
320030,2019,General hospital,0
320030,2020,General hospital,0
320030,2021,General hospital,0
320030,2022,General hospital,0
320030,2023,General hospital,1
320030,2024,General hospital,0
320033,2019,General hospital,0
320033,2020,General hospital,0
320033,2021,General hospital,0
320033,2022,General hospital,0
320033,2023,General hospital,0
320033,2024,General hospital,0
320038,2019,General hospital,1
320038,2020,General hospital,1
320038,2021,General hospital,1
320038,2022,General hospital,1
320038,2023,General hospital,0
320057,2019,General hospital,1
320057,2020,General hospital,1
320057,2021,General hospital,1
320057,2022,General hospital,1
320057,2023,General hospital,1
320057,2024,General hospital,1
320058,2019,General hospital,1
320058,2020,General hospital,1
320058,2021,General hospital,1
320058,2022,General hospital,1
320059,2019,General hospital,1
320059,2020,General hospital,1
320059,2021,General hospital,1
320059,2022,General hospital,1
320059,2023,General hospital,1
320059,2024,General hospital,1
320060,2019,General hospital,1
320060,2020,General hospital,1
320060,2021,General hospital,1
320060,2022,General hospital,1
320060,2023,General hospital,1
320060,2024,General hospital,1
320061,2019,General hospital,1
320061,2020,General hospital,0
320061,2021,General hospital,1
320061,2022,General hospital,1
320061,2023,General hospital,1
320061,2024,General hospital,1
320062,2019,General hospital,1
320062,2020,General hospital,1
320062,2021,General hospital,1
320062,2022,General hospital,0
320062,2023,General hospital,1
320062,2024,General hospital,1
320063,2019,General hospital,0
320063,2020,General hospital,0
320063,2021,General hospital,0
320063,2022,General hospital,0
320063,2023,General hospital,0
320063,2024,General hospital,0
320065,2019,General hospital,0
320065,2020,General hospital,0
320065,2021,General hospital,1
320065,2022,General hospital,0
320065,2023,General hospital,0
320065,2024,General hospital,0
320067,2019,General hospital,0
320067,2020,General hospital,0
320067,2021,General hospital,0
320067,2022,General hospital,0
320067,2023,General hospital,1
320070,2019,General hospital,0
320070,2020,General hospital,0
320070,2021,General hospital,1
320070,2022,General hospital,1
320074,2019,General hospital,1
320074,2020,General hospital,0
320074,2021,General hospital,0
320074,2022,General hospital,0
320074,2023,General hospital,0
320074,2024,General hospital,0
320084,2019,General hospital,1
320084,2020,General hospital,1
320084,2021,General hospital,1
320084,2022,General hospital,1
320084,2023,General hospital,1
320084,2024,General hospital,0
320085,2019,General hospital,0
320085,2020,General hospital,0
320085,2021,General hospital,0
320085,2022,General hospital,0
320085,2023,General hospital,0
320085,2024,General hospital,0
320086,2019,General hospital,0
320086,2020,General hospital,0
320086,2021,General hospital,0
320086,2022,General hospital,0
320086,2023,General hospital,0
320086,2024,General hospital,0
320089,2019,General hospital,0
320089,2020,General hospital,0
320089,2021,General hospital,0
320089,2022,General hospital,0
320089,2023,General hospital,0
320089,2024,General hospital,0
320090,2019,General hospital,1
320090,2020,General hospital,1
320090,2021,General hospital,0
320090,2022,General hospital,0
320090,2023,General hospital,0
320090,2024,General hospital,1
320091,2021,General hospital,1
320091,2022,General hospital,1
320091,2023,General hospital,0
320091,2024,General hospital,0
321300,2019,Small rural (critical access),1
321300,2020,Small rural (critical access),0
321300,2021,Small rural (critical access),0
321300,2022,Small rural (critical access),0
321300,2023,Small rural (critical access),1
321300,2024,Small rural (critical access),1
321301,2019,Small rural (critical access),0
321301,2020,Small rural (critical access),0
321301,2021,Small rural (critical access),0
321301,2022,Small rural (critical access),0
321301,2023,Small rural (critical access),0
321301,2024,Small rural (critical access),1
321302,2019,Small rural (critical access),0
321302,2020,Small rural (critical access),0
321302,2021,Small rural (critical access),0
321302,2022,Small rural (critical access),0
321302,2023,Small rural (critical access),0
321302,2024,Small rural (critical access),1
321304,2019,Small rural (critical access),0
321304,2020,Small rural (critical access),0
321304,2021,Small rural (critical access),0
321304,2022,Small rural (critical access),1
321304,2023,Small rural (critical access),1
321304,2024,Small rural (critical access),0
321305,2019,Small rural (critical access),1
321305,2020,Small rural (critical access),1
321305,2021,Small rural (critical access),0
321305,2022,Small rural (critical access),0
321305,2023,Small rural (critical access),0
321305,2024,Small rural (critical access),0
321306,2019,Small rural (critical access),0
321306,2020,Small rural (critical access),0
321306,2021,Small rural (critical access),0
321306,2022,Small rural (critical access),0
321306,2023,Small rural (critical access),0
321306,2024,Small rural (critical access),1
321307,2019,Small rural (critical access),1
321307,2020,Small rural (critical access),1
321307,2021,Small rural (critical access),0
321307,2022,Small rural (critical access),0
321307,2023,Small rural (critical access),1
321307,2024,Small rural (critical access),0
321308,2019,Small rural (critical access),0
321308,2020,Small rural (critical access),0
321308,2021,Small rural (critical access),0
321308,2022,Small rural (critical access),0
321308,2023,Small rural (critical access),0
321308,2024,Small rural (critical access),0
321309,2019,Small rural (critical access),0
321309,2020,Small rural (critical access),0
321309,2021,Small rural (critical access),0
321309,2022,Small rural (critical access),0
321309,2023,Small rural (critical access),0
321309,2024,Small rural (critical access),0
321310,2019,Small rural (critical access),0
321310,2020,Small rural (critical access),0
321310,2021,Small rural (critical access),0
321310,2022,Small rural (critical access),0
321310,2023,Small rural (critical access),0
321310,2024,Small rural (critical access),0
321311,2021,Small rural (critical access),1
321311,2022,Small rural (critical access),1
321311,2023,Small rural (critical access),1
321311,2024,Small rural (critical access),0
321312,2024,Small rural (critical access),1
321313,2024,Small rural (critical access),0
330003,2019,General hospital,0
330003,2020,General hospital,0
330004,2019,General hospital,0
330004,2020,General hospital,0
330005,2019,General hospital,0
330005,2020,General hospital,0
330005,2021,General hospital,0
330005,2022,General hospital,0
330005,2023,General hospital,0
330005,2024,General hospital,0
330006,2019,General hospital,0
330006,2020,General hospital,0
330006,2021,General hospital,0
330006,2022,General hospital,0
330006,2023,General hospital,0
330006,2024,General hospital,0
330008,2019,General hospital,0
330008,2020,General hospital,0
330008,2021,General hospital,0
330008,2022,General hospital,0
330008,2023,General hospital,0
330008,2024,General hospital,0
330009,2019,General hospital,0
330009,2020,General hospital,0
330009,2021,General hospital,0
330009,2022,General hospital,1
330009,2023,General hospital,0
330009,2024,General hospital,0
330011,2019,General hospital,0
330011,2020,General hospital,0
330011,2021,General hospital,0
330011,2022,General hospital,0
330011,2023,General hospital,0
330011,2024,General hospital,0
330013,2019,General hospital,0
330013,2020,General hospital,0
330013,2021,General hospital,0
330013,2022,General hospital,0
330013,2023,General hospital,0
330013,2024,General hospital,0
330014,2019,General hospital,0
330014,2020,General hospital,0
330014,2021,General hospital,0
330014,2022,General hospital,0
330014,2023,General hospital,0
330014,2024,General hospital,0
330019,2019,General hospital,0
330019,2020,General hospital,0
330019,2021,General hospital,0
330019,2022,General hospital,0
330019,2023,General hospital,0
330019,2024,General hospital,0
330023,2019,General hospital,0
330023,2020,General hospital,0
330023,2021,General hospital,0
330023,2022,General hospital,0
330023,2023,General hospital,0
330023,2024,General hospital,0
330024,2019,General hospital,0
330024,2020,General hospital,0
330024,2021,General hospital,0
330024,2022,General hospital,0
330024,2023,General hospital,0
330024,2024,General hospital,0
330027,2019,General hospital,0
330027,2020,General hospital,0
330027,2021,General hospital,0
330027,2022,General hospital,0
330027,2023,General hospital,0
330027,2024,General hospital,0
330028,2019,General hospital,1
330028,2020,General hospital,1
330028,2021,General hospital,0
330028,2022,General hospital,0
330028,2023,General hospital,0
330028,2024,General hospital,1
330030,2019,General hospital,0
330030,2020,General hospital,0
330030,2021,General hospital,0
330030,2022,General hospital,0
330030,2023,General hospital,0
330030,2024,General hospital,0
330033,2019,General hospital,0
330033,2020,General hospital,0
330033,2021,General hospital,0
330033,2022,General hospital,0
330033,2023,General hospital,0
330033,2024,General hospital,0
330043,2019,General hospital,0
330043,2020,General hospital,0
330043,2021,General hospital,1
330043,2022,General hospital,0
330043,2023,General hospital,0
330043,2024,General hospital,0
330044,2019,General hospital,1
330044,2020,General hospital,1
330044,2021,General hospital,0
330044,2022,General hospital,0
330044,2023,General hospital,1
330044,2024,General hospital,0
330045,2019,General hospital,0
330045,2020,General hospital,0
330045,2021,General hospital,1
330045,2022,General hospital,0
330045,2023,General hospital,0
330045,2024,General hospital,0
330046,2019,General hospital,0
330046,2020,General hospital,0
330046,2021,General hospital,0
330046,2022,General hospital,0
330046,2023,General hospital,0
330046,2024,General hospital,0
330047,2019,General hospital,0
330047,2020,General hospital,0
330047,2021,General hospital,0
330047,2022,General hospital,0
330047,2023,General hospital,0
330047,2024,General hospital,0
330049,2019,General hospital,0
330049,2020,General hospital,0
330049,2021,General hospital,1
330049,2022,General hospital,0
330049,2023,General hospital,0
330049,2024,General hospital,0
330055,2019,General hospital,0
330055,2020,General hospital,0
330055,2021,General hospital,0
330055,2022,General hospital,0
330055,2023,General hospital,0
330055,2024,General hospital,0
330056,2019,General hospital,0
330056,2020,General hospital,0
330056,2021,General hospital,0
330056,2022,General hospital,1
330056,2023,General hospital,0
330056,2024,General hospital,1
330057,2019,General hospital,0
330057,2020,General hospital,0
330057,2021,General hospital,0
330057,2022,General hospital,0
330057,2023,General hospital,0
330057,2024,General hospital,0
330058,2019,General hospital,0
330058,2020,General hospital,0
330058,2021,General hospital,0
330058,2022,General hospital,0
330058,2023,General hospital,0
330058,2024,General hospital,0
330059,2019,General hospital,0
330059,2020,General hospital,0
330059,2021,General hospital,0
330059,2022,General hospital,0
330059,2023,General hospital,0
330059,2024,General hospital,0
330065,2019,General hospital,0
330065,2020,General hospital,0
330065,2021,General hospital,0
330065,2022,General hospital,0
330065,2023,General hospital,0
330065,2024,General hospital,0
330073,2019,General hospital,0
330073,2020,General hospital,0
330073,2021,General hospital,0
330073,2022,General hospital,0
330073,2023,General hospital,0
330073,2024,General hospital,0
330074,2019,General hospital,0
330074,2020,General hospital,0
330074,2021,General hospital,0
330074,2022,General hospital,0
330074,2023,General hospital,0
330074,2024,General hospital,0
330078,2019,General hospital,0
330078,2020,General hospital,0
330078,2021,General hospital,0
330078,2022,General hospital,0
330078,2023,General hospital,0
330078,2024,General hospital,0
330079,2019,General hospital,0
330079,2020,General hospital,0
330079,2021,General hospital,0
330079,2022,General hospital,0
330079,2023,General hospital,0
330079,2024,General hospital,0
330080,2019,General hospital,0
330080,2020,General hospital,0
330080,2021,General hospital,0
330080,2022,General hospital,0
330080,2023,General hospital,0
330080,2024,General hospital,0
330084,2019,General hospital,0
330084,2020,General hospital,0
330084,2021,General hospital,0
330084,2022,General hospital,0
330084,2023,General hospital,0
330085,2019,General hospital,1
330085,2020,General hospital,0
330085,2021,General hospital,0
330085,2022,General hospital,0
330085,2023,General hospital,0
330085,2024,General hospital,0
330086,2019,General hospital,0
330086,2020,General hospital,0
330086,2021,General hospital,0
330086,2022,General hospital,0
330086,2023,General hospital,0
330086,2024,General hospital,0
330088,2019,General hospital,1
330088,2020,General hospital,1
330090,2019,General hospital,0
330090,2020,General hospital,0
330090,2021,General hospital,1
330090,2022,General hospital,1
330090,2023,General hospital,1
330090,2024,General hospital,1
330094,2019,General hospital,0
330094,2020,General hospital,0
330094,2021,General hospital,0
330094,2022,General hospital,0
330094,2023,General hospital,0
330094,2024,General hospital,0
330096,2019,General hospital,1
330096,2020,General hospital,1
330096,2021,General hospital,0
330096,2022,General hospital,0
330096,2023,General hospital,0
330096,2024,General hospital,0
330100,2019,General hospital,0
330100,2020,General hospital,0
330100,2021,General hospital,0
330100,2022,General hospital,0
330100,2023,General hospital,0
330100,2024,General hospital,0
330101,2019,General hospital,0
330101,2020,General hospital,0
330101,2021,General hospital,0
330101,2022,General hospital,0
330101,2023,General hospital,0
330101,2024,General hospital,0
330102,2019,General hospital,0
330102,2020,General hospital,0
330102,2021,General hospital,0
330102,2022,General hospital,0
330102,2023,General hospital,0
330102,2024,General hospital,0
330103,2019,General hospital,0
330103,2020,General hospital,0
330103,2021,General hospital,0
330103,2022,General hospital,0
330103,2023,General hospital,0
330103,2024,General hospital,0
330104,2019,General hospital,0
330104,2020,General hospital,0
330104,2021,General hospital,1
330104,2022,General hospital,0
330104,2023,General hospital,0
330104,2024,General hospital,0
330106,2019,General hospital,0
330106,2020,General hospital,0
330106,2021,General hospital,1
330106,2022,General hospital,0
330106,2023,General hospital,0
330106,2024,General hospital,0
330107,2019,General hospital,0
330107,2020,General hospital,0
330107,2021,General hospital,0
330107,2022,General hospital,0
330107,2023,General hospital,0
330107,2024,General hospital,0
330108,2019,General hospital,0
330111,2019,General hospital,0
330111,2020,General hospital,0
330111,2021,General hospital,0
330111,2022,General hospital,0
330111,2023,General hospital,0
330111,2024,General hospital,0
330115,2019,General hospital,0
330115,2020,General hospital,0
330115,2021,General hospital,0
330115,2022,General hospital,0
330115,2023,General hospital,0
330115,2024,General hospital,0
330119,2019,General hospital,0
330119,2020,General hospital,0
330119,2021,General hospital,1
330119,2022,General hospital,0
330119,2023,General hospital,0
330119,2024,General hospital,0
330125,2019,General hospital,0
330125,2020,General hospital,0
330125,2021,General hospital,0
330125,2022,General hospital,0
330125,2023,General hospital,0
330125,2024,General hospital,0
330126,2019,General hospital,0
330126,2020,General hospital,0
330126,2021,General hospital,0
330126,2022,General hospital,0
330126,2023,General hospital,0
330126,2024,General hospital,0
330127,2019,General hospital,0
330127,2020,General hospital,0
330127,2021,General hospital,0
330127,2022,General hospital,0
330127,2023,General hospital,0
330127,2024,General hospital,0
330128,2019,General hospital,0
330128,2020,General hospital,0
330128,2021,General hospital,0
330128,2022,General hospital,0
330128,2023,General hospital,0
330128,2024,General hospital,0
330135,2019,General hospital,0
330135,2020,General hospital,0
330135,2021,General hospital,0
330135,2022,General hospital,0
330135,2023,General hospital,0
330135,2024,General hospital,0
330136,2019,General hospital,1
330136,2020,General hospital,0
330136,2021,General hospital,0
330136,2022,General hospital,0
330136,2023,General hospital,0
330136,2024,General hospital,0
330140,2019,General hospital,0
330140,2020,General hospital,0
330140,2021,General hospital,0
330140,2022,General hospital,0
330140,2023,General hospital,0
330140,2024,General hospital,0
330141,2019,General hospital,0
330141,2020,General hospital,0
330141,2021,General hospital,0
330141,2022,General hospital,0
330141,2023,General hospital,0
330141,2024,General hospital,0
330144,2019,General hospital,0
330144,2020,General hospital,0
330144,2021,General hospital,1
330144,2022,General hospital,1
330144,2023,General hospital,1
330144,2024,General hospital,1
330151,2019,General hospital,1
330151,2020,General hospital,1
330151,2021,General hospital,1
330151,2022,General hospital,1
330151,2023,General hospital,0
330151,2024,General hospital,0
330153,2019,General hospital,0
330153,2020,General hospital,0
330153,2021,General hospital,0
330153,2022,General hospital,0
330153,2023,General hospital,0
330153,2024,General hospital,0
330157,2019,General hospital,0
330157,2020,General hospital,0
330157,2021,General hospital,1
330157,2022,General hospital,0
330157,2023,General hospital,0
330157,2024,General hospital,0
330158,2019,General hospital,0
330158,2020,General hospital,0
330158,2021,General hospital,0
330158,2022,General hospital,0
330158,2023,General hospital,0
330158,2024,General hospital,0
330160,2019,General hospital,0
330160,2020,General hospital,0
330160,2021,General hospital,1
330160,2022,General hospital,0
330160,2023,General hospital,0
330160,2024,General hospital,0
330162,2019,General hospital,0
330162,2020,General hospital,0
330162,2021,General hospital,0
330162,2022,General hospital,0
330162,2023,General hospital,0
330162,2024,General hospital,0
330163,2019,General hospital,0
330163,2020,General hospital,0
330163,2021,General hospital,0
330163,2022,General hospital,0
330163,2023,General hospital,1
330164,2019,General hospital,0
330164,2020,General hospital,0
330164,2021,General hospital,0
330164,2022,General hospital,0
330164,2023,General hospital,0
330164,2024,General hospital,0
330166,2019,General hospital,0
330166,2020,General hospital,0
330166,2021,General hospital,0
330166,2022,General hospital,0
330166,2023,General hospital,0
330166,2024,General hospital,0
330167,2019,General hospital,0
330167,2020,General hospital,0
330169,2019,General hospital,1
330169,2020,General hospital,1
330169,2021,General hospital,0
330169,2022,General hospital,0
330169,2023,General hospital,0
330169,2024,General hospital,0
330175,2019,General hospital,0
330175,2020,General hospital,0
330175,2021,General hospital,0
330175,2022,General hospital,0
330175,2023,General hospital,0
330175,2024,General hospital,0
330180,2019,General hospital,0
330180,2020,General hospital,0
330180,2021,General hospital,0
330180,2022,General hospital,0
330180,2023,General hospital,0
330180,2024,General hospital,0
330181,2019,General hospital,0
330181,2020,General hospital,0
330181,2021,General hospital,1
330181,2022,General hospital,0
330181,2023,General hospital,0
330181,2024,General hospital,0
330182,2019,General hospital,1
330182,2020,General hospital,0
330182,2021,General hospital,0
330182,2022,General hospital,0
330182,2023,General hospital,0
330182,2024,General hospital,0
330184,2019,General hospital,1
330184,2020,General hospital,0
330184,2021,General hospital,0
330184,2022,General hospital,0
330184,2023,General hospital,0
330184,2024,General hospital,0
330185,2019,General hospital,0
330185,2020,General hospital,0
330185,2021,General hospital,0
330185,2022,General hospital,0
330185,2023,General hospital,0
330185,2024,General hospital,0
330188,2019,General hospital,0
330188,2020,General hospital,0
330188,2021,General hospital,0
330188,2022,General hospital,0
330188,2023,General hospital,0
330188,2024,General hospital,0
330191,2019,General hospital,0
330191,2020,General hospital,0
330191,2021,General hospital,0
330191,2022,General hospital,0
330191,2023,General hospital,0
330191,2024,General hospital,0
330193,2019,General hospital,0
330193,2020,General hospital,0
330193,2021,General hospital,0
330193,2022,General hospital,0
330193,2023,General hospital,0
330193,2024,General hospital,0
330194,2019,General hospital,0
330194,2020,General hospital,0
330194,2021,General hospital,1
330194,2022,General hospital,0
330194,2023,General hospital,0
330194,2024,General hospital,0
330195,2019,General hospital,0
330195,2020,General hospital,0
330195,2021,General hospital,1
330195,2022,General hospital,0
330195,2023,General hospital,0
330195,2024,General hospital,0
330196,2019,General hospital,0
330196,2020,General hospital,0
330196,2021,General hospital,0
330196,2022,General hospital,0
330196,2023,General hospital,0
330196,2024,General hospital,0
330197,2019,General hospital,0
330197,2020,General hospital,0
330197,2021,General hospital,0
330197,2022,General hospital,0
330197,2023,General hospital,0
330197,2024,General hospital,0
330198,2019,General hospital,1
330198,2020,General hospital,0
330198,2021,General hospital,0
330198,2022,General hospital,0
330198,2023,General hospital,0
330198,2024,General hospital,0
330199,2019,General hospital,0
330199,2020,General hospital,0
330199,2021,General hospital,0
330199,2022,General hospital,0
330199,2023,General hospital,0
330199,2024,General hospital,0
330201,2019,General hospital,0
330201,2020,General hospital,0
330201,2021,General hospital,1
330202,2019,General hospital,0
330202,2020,General hospital,0
330202,2021,General hospital,0
330202,2022,General hospital,0
330202,2023,General hospital,0
330202,2024,General hospital,0
330203,2019,General hospital,0
330203,2020,General hospital,0
330203,2021,General hospital,0
330203,2022,General hospital,0
330203,2023,General hospital,0
330203,2024,General hospital,0
330204,2019,General hospital,0
330204,2020,General hospital,0
330204,2021,General hospital,0
330204,2022,General hospital,0
330204,2023,General hospital,0
330204,2024,General hospital,0
330205,2019,General hospital,0
330205,2020,General hospital,0
330205,2021,General hospital,0
330205,2022,General hospital,0
330205,2023,General hospital,0
330205,2024,General hospital,0
330208,2019,General hospital,0
330208,2020,General hospital,0
330208,2021,General hospital,0
330208,2022,General hospital,0
330208,2023,General hospital,0
330208,2024,General hospital,0
330211,2019,General hospital,0
330211,2020,General hospital,0
330211,2021,General hospital,0
330211,2022,General hospital,0
330211,2023,General hospital,1
330211,2024,General hospital,1
330214,2019,General hospital,0
330214,2020,General hospital,0
330214,2021,General hospital,0
330214,2022,General hospital,0
330214,2023,General hospital,0
330214,2024,General hospital,0
330215,2019,General hospital,1
330215,2020,General hospital,0
330215,2021,General hospital,1
330215,2022,General hospital,0
330215,2023,General hospital,0
330215,2024,General hospital,0
330218,2019,General hospital,0
330218,2020,General hospital,0
330218,2021,General hospital,0
330218,2022,General hospital,0
330218,2023,General hospital,0
330218,2024,General hospital,0
330219,2019,General hospital,0
330219,2020,General hospital,0
330219,2021,General hospital,0
330219,2022,General hospital,0
330219,2023,General hospital,0
330219,2024,General hospital,0
330221,2019,General hospital,0
330221,2020,General hospital,0
330221,2021,General hospital,0
330221,2022,General hospital,0
330221,2023,General hospital,0
330221,2024,General hospital,0
330222,2019,General hospital,0
330222,2020,General hospital,0
330222,2021,General hospital,0
330222,2022,General hospital,0
330222,2023,General hospital,0
330222,2024,General hospital,0
330223,2019,General hospital,0
330223,2020,General hospital,0
330223,2021,General hospital,0
330223,2022,General hospital,0
330223,2023,General hospital,0
330224,2019,General hospital,0
330224,2020,General hospital,0
330224,2021,General hospital,0
330224,2022,General hospital,0
330224,2023,General hospital,0
330224,2024,General hospital,0
330226,2019,General hospital,0
330226,2020,General hospital,0
330226,2021,General hospital,0
330226,2022,General hospital,0
330226,2023,General hospital,0
330226,2024,General hospital,0
330229,2019,General hospital,1
330229,2020,General hospital,1
330229,2021,General hospital,0
330229,2022,General hospital,0
330229,2023,General hospital,0
330229,2024,General hospital,0
330231,2019,General hospital,0
330231,2020,General hospital,0
330231,2021,General hospital,0
330231,2022,General hospital,0
330231,2023,General hospital,0
330231,2024,General hospital,0
330232,2019,General hospital,0
330232,2020,General hospital,0
330233,2019,General hospital,0
330233,2020,General hospital,0
330233,2021,General hospital,0
330233,2022,General hospital,0
330233,2023,General hospital,0
330233,2024,General hospital,0
330234,2019,General hospital,0
330234,2020,General hospital,0
330234,2021,General hospital,1
330234,2022,General hospital,0
330234,2023,General hospital,0
330234,2024,General hospital,0
330235,2019,General hospital,0
330235,2020,General hospital,0
330235,2021,General hospital,0
330235,2022,General hospital,1
330235,2023,General hospital,1
330235,2024,General hospital,1
330236,2019,General hospital,0
330236,2020,General hospital,0
330236,2021,General hospital,0
330236,2022,General hospital,0
330236,2023,General hospital,0
330238,2019,General hospital,0
330238,2020,General hospital,0
330238,2021,General hospital,0
330238,2022,General hospital,1
330238,2023,General hospital,0
330238,2024,General hospital,0
330239,2019,General hospital,0
330239,2020,General hospital,0
330239,2021,General hospital,0
330239,2022,General hospital,0
330239,2023,General hospital,0
330239,2024,General hospital,0
330240,2019,General hospital,0
330240,2020,General hospital,0
330240,2021,General hospital,0
330240,2022,General hospital,0
330240,2023,General hospital,0
330240,2024,General hospital,0
330241,2019,General hospital,0
330241,2020,General hospital,0
330241,2021,General hospital,0
330241,2022,General hospital,0
330241,2023,General hospital,0
330241,2024,General hospital,0
330245,2019,General hospital,1
330245,2020,General hospital,1
330245,2021,General hospital,0
330245,2022,General hospital,0
330245,2023,General hospital,1
330245,2024,General hospital,0
330246,2019,General hospital,1
330246,2020,General hospital,0
330246,2021,General hospital,0
330246,2022,General hospital,0
330246,2023,General hospital,0
330246,2024,General hospital,0
330250,2019,General hospital,0
330250,2020,General hospital,0
330250,2021,General hospital,0
330250,2022,General hospital,0
330250,2023,General hospital,0
330250,2024,General hospital,0
330259,2019,General hospital,1
330259,2020,General hospital,0
330259,2021,General hospital,0
330259,2022,General hospital,0
330259,2023,General hospital,0
330259,2024,General hospital,0
330261,2019,General hospital,0
330261,2020,General hospital,0
330261,2021,General hospital,0
330261,2022,General hospital,0
330261,2023,General hospital,0
330261,2024,General hospital,0
330264,2019,General hospital,0
330264,2020,General hospital,0
330264,2021,General hospital,0
330264,2022,General hospital,0
330264,2023,General hospital,0
330264,2024,General hospital,0
330265,2019,General hospital,0
330265,2020,General hospital,0
330265,2021,General hospital,0
330265,2022,General hospital,0
330265,2023,General hospital,0
330265,2024,General hospital,0
330267,2019,General hospital,0
330267,2020,General hospital,0
330267,2021,General hospital,0
330267,2022,General hospital,0
330267,2023,General hospital,0
330267,2024,General hospital,0
330270,2019,General hospital,0
330270,2020,General hospital,0
330270,2021,General hospital,0
330270,2022,General hospital,0
330270,2023,General hospital,0
330270,2024,General hospital,0
330273,2019,General hospital,0
330273,2020,General hospital,0
330273,2021,General hospital,0
330273,2022,General hospital,0
330273,2023,General hospital,0
330273,2024,General hospital,0
330276,2019,General hospital,0
330276,2020,General hospital,0
330276,2021,General hospital,0
330276,2022,General hospital,0
330276,2023,General hospital,0
330276,2024,General hospital,0
330277,2019,General hospital,0
330277,2020,General hospital,0
330277,2021,General hospital,0
330277,2022,General hospital,0
330277,2023,General hospital,0
330277,2024,General hospital,0
330279,2019,General hospital,0
330279,2020,General hospital,0
330279,2021,General hospital,0
330279,2022,General hospital,0
330279,2023,General hospital,0
330279,2024,General hospital,0
330285,2019,General hospital,1
330285,2020,General hospital,0
330285,2021,General hospital,0
330285,2022,General hospital,0
330285,2023,General hospital,0
330285,2024,General hospital,0
330286,2019,General hospital,1
330286,2020,General hospital,0
330286,2021,General hospital,0
330286,2022,General hospital,0
330286,2023,General hospital,0
330286,2024,General hospital,0
330304,2019,General hospital,0
330304,2020,General hospital,0
330304,2021,General hospital,0
330304,2022,General hospital,0
330304,2023,General hospital,0
330304,2024,General hospital,0
330307,2019,General hospital,0
330307,2020,General hospital,0
330307,2021,General hospital,0
330307,2022,General hospital,0
330307,2023,General hospital,0
330307,2024,General hospital,0
330331,2019,General hospital,0
330331,2020,General hospital,0
330331,2021,General hospital,1
330331,2022,General hospital,0
330331,2023,General hospital,0
330331,2024,General hospital,0
330332,2019,General hospital,0
330332,2020,General hospital,0
330332,2021,General hospital,0
330332,2022,General hospital,0
330332,2023,General hospital,0
330332,2024,General hospital,0
330350,2019,General hospital,0
330350,2020,General hospital,0
330350,2021,General hospital,0
330350,2022,General hospital,0
330350,2023,General hospital,0
330350,2024,General hospital,0
330385,2019,General hospital,0
330385,2020,General hospital,0
330385,2021,General hospital,0
330386,2019,General hospital,0
330386,2020,General hospital,0
330386,2021,General hospital,0
330386,2022,General hospital,0
330386,2023,General hospital,0
330386,2024,General hospital,0
330387,2019,General hospital,1
330387,2020,General hospital,1
330393,2019,General hospital,0
330393,2020,General hospital,0
330393,2021,General hospital,0
330393,2022,General hospital,0
330393,2023,General hospital,0
330393,2024,General hospital,0
330394,2019,General hospital,0
330394,2020,General hospital,0
330394,2021,General hospital,0
330394,2022,General hospital,0
330394,2023,General hospital,0
330394,2024,General hospital,0
330395,2019,General hospital,1
330395,2020,General hospital,1
330395,2021,General hospital,0
330395,2022,General hospital,0
330395,2023,General hospital,0
330395,2024,General hospital,0
330396,2019,General hospital,0
330396,2020,General hospital,0
330396,2021,General hospital,0
330396,2022,General hospital,0
330396,2023,General hospital,0
330396,2024,General hospital,0
330397,2019,General hospital,0
330397,2020,General hospital,0
330397,2021,General hospital,0
330399,2019,General hospital,0
330399,2020,General hospital,0
330399,2021,General hospital,0
330399,2022,General hospital,0
330399,2023,General hospital,0
330399,2024,General hospital,1
330401,2019,General hospital,0
330401,2020,General hospital,0
330401,2021,General hospital,0
330401,2022,General hospital,0
330401,2023,General hospital,0
330401,2024,General hospital,0
330403,2019,General hospital,1
330403,2020,General hospital,1
330403,2021,General hospital,1
330403,2022,General hospital,1
330405,2019,General hospital,1
330405,2020,General hospital,1
330405,2021,General hospital,1
330405,2022,General hospital,1
330405,2023,General hospital,1
330405,2024,General hospital,1
330406,2019,General hospital,1
330406,2020,General hospital,0
330406,2021,General hospital,0
330406,2022,General hospital,0
330406,2023,General hospital,0
330406,2024,General hospital,0
330408,2019,General hospital,1
330409,2019,General hospital,0
330409,2020,General hospital,0
330409,2021,General hospital,1
330411,2022,General hospital,1
330411,2023,General hospital,1
330411,2024,General hospital,1
331301,2019,Small rural (critical access),1
331301,2020,Small rural (critical access),1
331301,2021,Small rural (critical access),1
331301,2022,Small rural (critical access),0
331301,2023,Small rural (critical access),0
331301,2024,Small rural (critical access),0
331302,2019,Small rural (critical access),0
331302,2020,Small rural (critical access),0
331302,2021,Small rural (critical access),0
331302,2022,Small rural (critical access),1
331302,2023,Small rural (critical access),0
331302,2024,Small rural (critical access),0
331303,2019,Small rural (critical access),0
331303,2020,Small rural (critical access),0
331303,2021,Small rural (critical access),0
331303,2022,Small rural (critical access),0
331303,2023,Small rural (critical access),0
331303,2024,Small rural (critical access),0
331304,2019,Small rural (critical access),0
331304,2020,Small rural (critical access),0
331304,2021,Small rural (critical access),0
331304,2022,Small rural (critical access),0
331304,2023,Small rural (critical access),0
331304,2024,Small rural (critical access),0
331305,2019,Small rural (critical access),1
331305,2020,Small rural (critical access),0
331305,2021,Small rural (critical access),0
331305,2022,Small rural (critical access),0
331305,2023,Small rural (critical access),0
331305,2024,Small rural (critical access),0
331307,2019,Small rural (critical access),0
331307,2020,Small rural (critical access),0
331307,2021,Small rural (critical access),1
331307,2022,Small rural (critical access),0
331307,2023,Small rural (critical access),1
331307,2024,Small rural (critical access),1
331309,2019,Small rural (critical access),0
331309,2020,Small rural (critical access),0
331309,2021,Small rural (critical access),1
331309,2022,Small rural (critical access),0
331309,2023,Small rural (critical access),1
331309,2024,Small rural (critical access),1
331310,2019,Small rural (critical access),0
331310,2020,Small rural (critical access),0
331310,2021,Small rural (critical access),0
331310,2022,Small rural (critical access),0
331310,2023,Small rural (critical access),0
331310,2024,Small rural (critical access),0
331311,2019,Small rural (critical access),1
331311,2020,Small rural (critical access),0
331311,2021,Small rural (critical access),0
331311,2022,Small rural (critical access),0
331311,2023,Small rural (critical access),0
331311,2024,Small rural (critical access),0
331312,2019,Small rural (critical access),1
331312,2020,Small rural (critical access),1
331312,2021,Small rural (critical access),0
331312,2022,Small rural (critical access),0
331312,2023,Small rural (critical access),0
331312,2024,Small rural (critical access),0
331313,2019,Small rural (critical access),0
331313,2020,Small rural (critical access),0
331313,2021,Small rural (critical access),0
331313,2022,Small rural (critical access),0
331313,2023,Small rural (critical access),1
331313,2024,Small rural (critical access),1
331314,2019,Small rural (critical access),0
331314,2020,Small rural (critical access),0
331314,2021,Small rural (critical access),0
331314,2022,Small rural (critical access),0
331314,2023,Small rural (critical access),0
331314,2024,Small rural (critical access),0
331315,2019,Small rural (critical access),0
331315,2020,Small rural (critical access),0
331315,2021,Small rural (critical access),0
331315,2022,Small rural (critical access),0
331315,2023,Small rural (critical access),0
331315,2024,Small rural (critical access),0
331316,2019,Small rural (critical access),0
331316,2020,Small rural (critical access),0
331316,2021,Small rural (critical access),0
331316,2022,Small rural (critical access),0
331316,2023,Small rural (critical access),0
331316,2024,Small rural (critical access),0
331317,2019,Small rural (critical access),1
331317,2020,Small rural (critical access),1
331317,2021,Small rural (critical access),0
331317,2022,Small rural (critical access),0
331317,2023,Small rural (critical access),0
331317,2024,Small rural (critical access),0
331318,2019,Small rural (critical access),0
331318,2020,Small rural (critical access),0
331318,2021,Small rural (critical access),0
331318,2022,Small rural (critical access),0
331318,2023,Small rural (critical access),0
331318,2024,Small rural (critical access),0
331319,2019,Small rural (critical access),0
331319,2020,Small rural (critical access),0
331319,2021,Small rural (critical access),0
331319,2022,Small rural (critical access),0
331319,2023,Small rural (critical access),0
331319,2024,Small rural (critical access),1
331320,2019,Small rural (critical access),1
331320,2020,Small rural (critical access),0
331320,2021,Small rural (critical access),0
331320,2022,Small rural (critical access),0
331320,2023,Small rural (critical access),0
331320,2024,Small rural (critical access),0
331321,2024,Small rural (critical access),1
331322,2024,Small rural (critical access),1
340001,2019,General hospital,0
340001,2020,General hospital,0
340001,2021,General hospital,0
340001,2022,General hospital,0
340001,2023,General hospital,0
340001,2024,General hospital,0
340002,2019,General hospital,0
340002,2020,General hospital,0
340002,2021,General hospital,0
340002,2022,General hospital,0
340002,2023,General hospital,0
340002,2024,General hospital,0
340003,2019,General hospital,0
340003,2020,General hospital,0
340003,2021,General hospital,0
340003,2022,General hospital,0
340003,2023,General hospital,0
340003,2024,General hospital,0
340004,2019,General hospital,1
340004,2020,General hospital,0
340004,2021,General hospital,0
340004,2022,General hospital,0
340004,2023,General hospital,0
340004,2024,General hospital,0
340008,2019,General hospital,1
340008,2020,General hospital,1
340008,2021,General hospital,0
340008,2022,General hospital,0
340008,2023,General hospital,0
340008,2024,General hospital,0
340010,2019,General hospital,0
340010,2020,General hospital,0
340010,2021,General hospital,0
340010,2022,General hospital,0
340010,2023,General hospital,0
340010,2024,General hospital,0
340013,2019,General hospital,0
340013,2020,General hospital,0
340013,2021,General hospital,0
340013,2022,General hospital,0
340013,2023,General hospital,0
340013,2024,General hospital,0
340014,2019,General hospital,0
340014,2020,General hospital,0
340014,2021,General hospital,0
340014,2022,General hospital,0
340014,2023,General hospital,0
340014,2024,General hospital,0
340015,2019,General hospital,0
340015,2020,General hospital,0
340015,2021,General hospital,0
340015,2022,General hospital,0
340015,2023,General hospital,0
340015,2024,General hospital,0
340016,2019,General hospital,0
340016,2020,General hospital,0
340016,2021,General hospital,0
340016,2022,General hospital,0
340016,2023,General hospital,0
340016,2024,General hospital,0
340017,2019,General hospital,0
340017,2020,General hospital,0
340017,2021,General hospital,0
340017,2022,General hospital,0
340017,2023,General hospital,0
340017,2024,General hospital,0
340020,2019,General hospital,0
340020,2020,General hospital,0
340020,2021,General hospital,0
340020,2022,General hospital,0
340020,2023,General hospital,0
340020,2024,General hospital,0
340021,2019,General hospital,0
340021,2020,General hospital,0
340021,2021,General hospital,0
340021,2022,General hospital,0
340021,2023,General hospital,0
340021,2024,General hospital,0
340023,2019,General hospital,0
340023,2020,General hospital,0
340023,2021,General hospital,0
340023,2022,General hospital,0
340023,2023,General hospital,0
340023,2024,General hospital,0
340024,2019,General hospital,0
340024,2020,General hospital,0
340024,2021,General hospital,0
340024,2022,General hospital,0
340024,2023,General hospital,0
340024,2024,General hospital,0
340027,2019,General hospital,0
340027,2020,General hospital,0
340027,2021,General hospital,0
340027,2022,General hospital,0
340027,2023,General hospital,0
340027,2024,General hospital,0
340028,2019,General hospital,0
340028,2020,General hospital,0
340028,2021,General hospital,0
340028,2022,General hospital,0
340028,2023,General hospital,0
340028,2024,General hospital,0
340030,2019,General hospital,0
340030,2020,General hospital,0
340030,2021,General hospital,0
340030,2022,General hospital,0
340030,2023,General hospital,0
340030,2024,General hospital,0
340032,2019,General hospital,0
340032,2020,General hospital,0
340032,2021,General hospital,0
340032,2022,General hospital,0
340032,2023,General hospital,0
340032,2024,General hospital,0
340037,2019,General hospital,0
340037,2020,General hospital,0
340039,2019,General hospital,0
340039,2020,General hospital,0
340039,2021,General hospital,0
340039,2022,General hospital,0
340039,2023,General hospital,0
340039,2024,General hospital,0
340040,2019,General hospital,0
340040,2020,General hospital,0
340040,2021,General hospital,0
340040,2022,General hospital,0
340040,2023,General hospital,0
340040,2024,General hospital,0
340041,2019,General hospital,0
340041,2020,General hospital,0
340041,2021,General hospital,0
340041,2022,General hospital,0
340041,2023,General hospital,0
340041,2024,General hospital,0
340042,2019,General hospital,0
340042,2020,General hospital,0
340042,2021,General hospital,0
340042,2022,General hospital,0
340042,2023,General hospital,0
340042,2024,General hospital,0
340047,2019,General hospital,0
340047,2020,General hospital,0
340047,2021,General hospital,0
340047,2022,General hospital,0
340047,2023,General hospital,0
340047,2024,General hospital,0
340049,2019,General hospital,0
340049,2020,General hospital,0
340049,2021,General hospital,0
340049,2022,General hospital,0
340049,2023,General hospital,0
340049,2024,General hospital,0
340050,2019,General hospital,0
340050,2020,General hospital,0
340050,2021,General hospital,0
340050,2022,General hospital,0
340050,2023,General hospital,0
340050,2024,General hospital,0
340051,2019,General hospital,0
340051,2020,General hospital,0
340051,2021,General hospital,1
340051,2022,General hospital,0
340051,2023,General hospital,0
340051,2024,General hospital,0
340053,2019,General hospital,0
340053,2020,General hospital,0
340053,2021,General hospital,0
340053,2022,General hospital,0
340053,2023,General hospital,0
340053,2024,General hospital,0
340060,2019,General hospital,0
340060,2020,General hospital,0
340060,2021,General hospital,0
340060,2022,General hospital,0
340060,2023,General hospital,0
340060,2024,General hospital,0
340061,2019,General hospital,0
340061,2020,General hospital,0
340061,2021,General hospital,0
340061,2022,General hospital,0
340061,2023,General hospital,0
340061,2024,General hospital,0
340064,2019,General hospital,0
340064,2020,General hospital,0
340064,2021,General hospital,0
340064,2022,General hospital,0
340064,2023,General hospital,0
340064,2024,General hospital,0
340068,2019,General hospital,0
340068,2020,General hospital,0
340068,2021,General hospital,0
340068,2022,General hospital,0
340068,2023,General hospital,0
340068,2024,General hospital,0
340069,2019,General hospital,0
340069,2020,General hospital,0
340069,2021,General hospital,0
340069,2022,General hospital,0
340069,2023,General hospital,0
340069,2024,General hospital,0
340070,2019,General hospital,0
340070,2020,General hospital,0
340070,2021,General hospital,0
340070,2022,General hospital,0
340070,2023,General hospital,0
340070,2024,General hospital,0
340071,2019,General hospital,0
340071,2020,General hospital,0
340071,2021,General hospital,1
340071,2022,General hospital,0
340071,2023,General hospital,1
340071,2024,General hospital,0
340073,2019,General hospital,0
340073,2020,General hospital,0
340073,2021,General hospital,0
340073,2022,General hospital,0
340073,2023,General hospital,0
340073,2024,General hospital,0
340075,2019,General hospital,0
340075,2020,General hospital,0
340075,2021,General hospital,0
340075,2022,General hospital,0
340075,2023,General hospital,0
340075,2024,General hospital,0
340084,2019,General hospital,0
340084,2020,General hospital,0
340084,2021,General hospital,0
340084,2022,General hospital,0
340084,2023,General hospital,0
340084,2024,General hospital,0
340085,2019,General hospital,0
340085,2020,General hospital,0
340085,2021,General hospital,0
340085,2022,General hospital,0
340085,2023,General hospital,0
340085,2024,General hospital,0
340087,2019,General hospital,0
340087,2020,General hospital,0
340087,2021,General hospital,0
340087,2022,General hospital,0
340087,2023,General hospital,0
340087,2024,General hospital,0
340090,2019,General hospital,0
340090,2020,General hospital,0
340090,2021,General hospital,0
340090,2022,General hospital,0
340090,2023,General hospital,0
340090,2024,General hospital,0
340091,2019,General hospital,0
340091,2020,General hospital,0
340091,2021,General hospital,0
340091,2022,General hospital,0
340091,2023,General hospital,0
340091,2024,General hospital,0
340096,2019,General hospital,0
340096,2020,General hospital,0
340096,2021,General hospital,0
340096,2022,General hospital,0
340096,2023,General hospital,0
340096,2024,General hospital,0
340097,2019,General hospital,0
340097,2020,General hospital,0
340097,2021,General hospital,0
340097,2022,General hospital,0
340097,2023,General hospital,0
340097,2024,General hospital,0
340098,2019,General hospital,0
340098,2020,General hospital,0
340098,2021,General hospital,0
340098,2022,General hospital,0
340098,2023,General hospital,0
340098,2024,General hospital,0
340099,2019,General hospital,0
340099,2020,General hospital,0
340099,2021,General hospital,0
340099,2022,General hospital,0
340099,2023,General hospital,0
340099,2024,General hospital,0
340107,2019,General hospital,0
340107,2020,General hospital,0
340107,2021,General hospital,0
340107,2022,General hospital,0
340107,2023,General hospital,0
340107,2024,General hospital,0
340109,2019,General hospital,1
340109,2020,General hospital,0
340109,2021,General hospital,0
340109,2022,General hospital,0
340109,2023,General hospital,0
340109,2024,General hospital,0
340113,2019,General hospital,0
340113,2020,General hospital,0
340113,2021,General hospital,0
340113,2022,General hospital,0
340113,2023,General hospital,0
340113,2024,General hospital,0
340114,2019,General hospital,0
340114,2020,General hospital,0
340114,2021,General hospital,0
340114,2022,General hospital,0
340114,2023,General hospital,0
340114,2024,General hospital,0
340115,2019,General hospital,0
340115,2020,General hospital,0
340115,2021,General hospital,0
340115,2022,General hospital,0
340115,2023,General hospital,0
340115,2024,General hospital,0
340116,2019,General hospital,0
340116,2020,General hospital,0
340116,2021,General hospital,0
340116,2022,General hospital,0
340116,2023,General hospital,0
340116,2024,General hospital,0
340119,2019,General hospital,0
340119,2020,General hospital,0
340119,2021,General hospital,0
340119,2022,General hospital,0
340119,2023,General hospital,0
340119,2024,General hospital,0
340120,2019,General hospital,0
340120,2020,General hospital,0
340120,2021,General hospital,0
340120,2022,General hospital,0
340120,2023,General hospital,0
340120,2024,General hospital,0
340123,2019,General hospital,1
340123,2020,General hospital,1
340123,2021,General hospital,0
340123,2022,General hospital,0
340123,2023,General hospital,0
340123,2024,General hospital,1
340126,2019,General hospital,0
340126,2020,General hospital,0
340126,2021,General hospital,0
340126,2022,General hospital,0
340126,2023,General hospital,0
340126,2024,General hospital,0
340127,2019,General hospital,0
340127,2020,General hospital,0
340127,2021,General hospital,0
340127,2022,General hospital,0
340127,2023,General hospital,0
340127,2024,General hospital,0
340129,2019,General hospital,0
340129,2020,General hospital,0
340129,2021,General hospital,0
340129,2022,General hospital,0
340129,2023,General hospital,0
340129,2024,General hospital,0
340130,2019,General hospital,0
340130,2020,General hospital,0
340130,2021,General hospital,0
340130,2022,General hospital,0
340130,2023,General hospital,0
340130,2024,General hospital,0
340131,2019,General hospital,0
340131,2020,General hospital,0
340131,2021,General hospital,0
340131,2022,General hospital,0
340131,2023,General hospital,0
340131,2024,General hospital,0
340132,2019,General hospital,0
340132,2020,General hospital,0
340132,2021,General hospital,0
340132,2022,General hospital,0
340132,2023,General hospital,0
340132,2024,General hospital,0
340133,2019,General hospital,0
340133,2020,General hospital,0
340133,2021,General hospital,0
340133,2022,General hospital,0
340133,2023,General hospital,0
340141,2019,General hospital,0
340141,2020,General hospital,0
340141,2021,General hospital,0
340141,2022,General hospital,0
340141,2023,General hospital,0
340141,2024,General hospital,0
340142,2019,General hospital,0
340142,2020,General hospital,0
340142,2021,General hospital,0
340142,2022,General hospital,0
340142,2023,General hospital,0
340142,2024,General hospital,0
340143,2019,General hospital,0
340143,2020,General hospital,0
340143,2021,General hospital,0
340143,2022,General hospital,0
340143,2023,General hospital,0
340143,2024,General hospital,0
340144,2019,General hospital,0
340144,2020,General hospital,0
340144,2021,General hospital,0
340144,2022,General hospital,0
340144,2023,General hospital,1
340144,2024,General hospital,1
340145,2019,General hospital,0
340145,2020,General hospital,0
340145,2021,General hospital,0
340145,2022,General hospital,0
340145,2023,General hospital,0
340145,2024,General hospital,0
340147,2019,General hospital,1
340147,2020,General hospital,0
340147,2021,General hospital,0
340147,2022,General hospital,0
340147,2023,General hospital,0
340147,2024,General hospital,0
340148,2019,General hospital,0
340148,2020,General hospital,0
340148,2021,General hospital,0
340148,2022,General hospital,0
340148,2023,General hospital,0
340148,2024,General hospital,0
340151,2019,General hospital,0
340151,2020,General hospital,0
340151,2021,General hospital,0
340151,2022,General hospital,0
340151,2023,General hospital,0
340151,2024,General hospital,0
340155,2019,General hospital,0
340155,2020,General hospital,0
340155,2021,General hospital,0
340155,2022,General hospital,0
340155,2023,General hospital,0
340155,2024,General hospital,0
340156,2019,General hospital,1
340156,2020,General hospital,1
340156,2021,General hospital,1
340156,2022,General hospital,1
340156,2023,General hospital,1
340156,2024,General hospital,1
340158,2019,General hospital,0
340158,2020,General hospital,0
340158,2021,General hospital,0
340158,2022,General hospital,0
340158,2023,General hospital,0
340158,2024,General hospital,0
340159,2019,General hospital,0
340159,2020,General hospital,0
340159,2021,General hospital,0
340159,2022,General hospital,0
340159,2023,General hospital,1
340159,2024,General hospital,0
340166,2019,General hospital,0
340166,2020,General hospital,0
340166,2021,General hospital,0
340166,2022,General hospital,0
340166,2023,General hospital,0
340166,2024,General hospital,0
340168,2019,General hospital,1
340168,2020,General hospital,1
340168,2021,General hospital,1
340168,2022,General hospital,1
340168,2023,General hospital,1
340168,2024,General hospital,1
340171,2019,General hospital,0
340171,2020,General hospital,0
340171,2021,General hospital,0
340171,2022,General hospital,0
340171,2023,General hospital,0
340171,2024,General hospital,0
340173,2019,General hospital,0
340173,2020,General hospital,0
340173,2021,General hospital,0
340173,2022,General hospital,0
340173,2023,General hospital,0
340173,2024,General hospital,0
340183,2019,General hospital,0
340183,2020,General hospital,0
340183,2021,General hospital,0
340183,2022,General hospital,0
340183,2023,General hospital,0
340183,2024,General hospital,0
340184,2019,General hospital,0
340184,2020,General hospital,0
340184,2021,General hospital,0
340184,2022,General hospital,0
340184,2023,General hospital,0
340184,2024,General hospital,0
340186,2019,General hospital,0
340186,2020,General hospital,0
340186,2021,General hospital,0
340187,2019,General hospital,0
340187,2020,General hospital,0
340187,2021,General hospital,0
340187,2022,General hospital,0
340187,2023,General hospital,0
340187,2024,General hospital,0
340188,2019,General hospital,0
340188,2020,General hospital,0
340188,2021,General hospital,0
340188,2022,General hospital,0
340188,2023,General hospital,0
340188,2024,General hospital,0
340190,2019,General hospital,1
340190,2020,General hospital,1
340190,2021,General hospital,0
340190,2022,General hospital,0
340190,2023,General hospital,0
340190,2024,General hospital,0
340195,2024,General hospital,0
341302,2019,Small rural (critical access),1
341302,2020,Small rural (critical access),1
341303,2019,Small rural (critical access),0
341303,2020,Small rural (critical access),0
341303,2021,Small rural (critical access),0
341303,2022,Small rural (critical access),0
341303,2023,Small rural (critical access),0
341303,2024,Small rural (critical access),1
341304,2019,Small rural (critical access),0
341304,2020,Small rural (critical access),0
341304,2021,Small rural (critical access),0
341304,2022,Small rural (critical access),0
341304,2023,Small rural (critical access),0
341304,2024,Small rural (critical access),0
341305,2019,Small rural (critical access),0
341305,2020,Small rural (critical access),0
341305,2021,Small rural (critical access),0
341305,2022,Small rural (critical access),0
341305,2023,Small rural (critical access),0
341305,2024,Small rural (critical access),0
341307,2019,Small rural (critical access),1
341307,2020,Small rural (critical access),1
341307,2021,Small rural (critical access),0
341307,2022,Small rural (critical access),0
341307,2023,Small rural (critical access),0
341307,2024,Small rural (critical access),1
341311,2019,Small rural (critical access),0
341311,2020,Small rural (critical access),0
341311,2021,Small rural (critical access),0
341311,2022,Small rural (critical access),0
341311,2023,Small rural (critical access),0
341311,2024,Small rural (critical access),0
341314,2019,Small rural (critical access),1
341314,2020,Small rural (critical access),1
341314,2021,Small rural (critical access),1
341314,2022,Small rural (critical access),1
341314,2023,Small rural (critical access),1
341314,2024,Small rural (critical access),1
341315,2019,Small rural (critical access),1
341315,2020,Small rural (critical access),1
341315,2021,Small rural (critical access),0
341315,2022,Small rural (critical access),0
341315,2023,Small rural (critical access),0
341315,2024,Small rural (critical access),0
341316,2019,Small rural (critical access),0
341316,2020,Small rural (critical access),0
341316,2021,Small rural (critical access),0
341316,2022,Small rural (critical access),0
341316,2023,Small rural (critical access),0
341316,2024,Small rural (critical access),0
341317,2019,Small rural (critical access),1
341317,2020,Small rural (critical access),1
341317,2021,Small rural (critical access),1
341317,2022,Small rural (critical access),1
341317,2023,Small rural (critical access),1
341317,2024,Small rural (critical access),1
341318,2019,Small rural (critical access),0
341318,2020,Small rural (critical access),0
341318,2021,Small rural (critical access),0
341318,2022,Small rural (critical access),0
341318,2023,Small rural (critical access),0
341318,2024,Small rural (critical access),0
341319,2019,Small rural (critical access),0
341319,2020,Small rural (critical access),0
341319,2021,Small rural (critical access),0
341319,2022,Small rural (critical access),0
341319,2023,Small rural (critical access),0
341319,2024,Small rural (critical access),0
341320,2019,Small rural (critical access),1
341320,2020,Small rural (critical access),1
341320,2021,Small rural (critical access),1
341320,2022,Small rural (critical access),1
341320,2023,Small rural (critical access),1
341320,2024,Small rural (critical access),1
341322,2019,Small rural (critical access),1
341322,2020,Small rural (critical access),1
341322,2021,Small rural (critical access),0
341322,2022,Small rural (critical access),0
341322,2023,Small rural (critical access),0
341322,2024,Small rural (critical access),0
341323,2019,Small rural (critical access),0
341323,2020,Small rural (critical access),0
341323,2021,Small rural (critical access),1
341323,2022,Small rural (critical access),0
341323,2023,Small rural (critical access),0
341323,2024,Small rural (critical access),0
341324,2019,Small rural (critical access),0
341324,2020,Small rural (critical access),0
341324,2021,Small rural (critical access),0
341324,2022,Small rural (critical access),0
341324,2023,Small rural (critical access),0
341324,2024,Small rural (critical access),0
341325,2019,Small rural (critical access),0
341325,2020,Small rural (critical access),0
341325,2021,Small rural (critical access),1
341325,2022,Small rural (critical access),1
341325,2023,Small rural (critical access),1
341325,2024,Small rural (critical access),1
341326,2019,Small rural (critical access),0
341326,2020,Small rural (critical access),0
341326,2021,Small rural (critical access),0
341326,2022,Small rural (critical access),0
341326,2023,Small rural (critical access),0
341326,2024,Small rural (critical access),0
341327,2019,Small rural (critical access),0
341327,2020,Small rural (critical access),0
341327,2021,Small rural (critical access),0
341327,2022,Small rural (critical access),0
341327,2023,Small rural (critical access),1
341327,2024,Small rural (critical access),1
341328,2019,Small rural (critical access),0
341328,2020,Small rural (critical access),0
341328,2021,Small rural (critical access),0
341328,2022,Small rural (critical access),0
341328,2023,Small rural (critical access),1
341328,2024,Small rural (critical access),0
341329,2019,Small rural (critical access),0
341329,2020,Small rural (critical access),0
341329,2021,Small rural (critical access),0
341329,2022,Small rural (critical access),0
341329,2023,Small rural (critical access),0
341329,2024,Small rural (critical access),0
350002,2019,General hospital,0
350002,2020,General hospital,0
350002,2021,General hospital,0
350002,2022,General hospital,0
350002,2023,General hospital,1
350002,2024,General hospital,0
350006,2019,General hospital,1
350006,2020,General hospital,0
350006,2021,General hospital,0
350006,2022,General hospital,0
350006,2023,General hospital,0
350006,2024,General hospital,0
350011,2019,General hospital,0
350011,2020,General hospital,0
350011,2021,General hospital,0
350011,2022,General hospital,0
350011,2023,General hospital,0
350011,2024,General hospital,0
350015,2019,General hospital,0
350015,2020,General hospital,0
350015,2021,General hospital,0
350015,2022,General hospital,0
350015,2023,General hospital,0
350015,2024,General hospital,0
350019,2019,General hospital,0
350019,2020,General hospital,0
350019,2021,General hospital,0
350019,2022,General hospital,0
350019,2023,General hospital,0
350019,2024,General hospital,0
350063,2019,General hospital,0
350063,2020,General hospital,0
350063,2021,General hospital,1
350063,2022,General hospital,0
350063,2023,General hospital,0
350063,2024,General hospital,1
350064,2019,General hospital,1
350064,2020,General hospital,1
350064,2021,General hospital,1
350070,2019,General hospital,0
350070,2020,General hospital,0
350070,2021,General hospital,1
350070,2022,General hospital,0
350070,2023,General hospital,0
350070,2024,General hospital,0
351300,2019,Small rural (critical access),0
351300,2020,Small rural (critical access),0
351300,2021,Small rural (critical access),0
351300,2022,Small rural (critical access),0
351300,2023,Small rural (critical access),0
351300,2024,Small rural (critical access),0
351301,2019,Small rural (critical access),0
351301,2020,Small rural (critical access),0
351301,2021,Small rural (critical access),0
351301,2022,Small rural (critical access),0
351301,2023,Small rural (critical access),0
351301,2024,Small rural (critical access),0
351302,2019,Small rural (critical access),0
351302,2020,Small rural (critical access),0
351302,2021,Small rural (critical access),0
351302,2022,Small rural (critical access),0
351302,2023,Small rural (critical access),0
351302,2024,Small rural (critical access),0
351303,2019,Small rural (critical access),0
351303,2020,Small rural (critical access),0
351303,2021,Small rural (critical access),0
351303,2022,Small rural (critical access),0
351303,2023,Small rural (critical access),1
351303,2024,Small rural (critical access),0
351304,2019,Small rural (critical access),0
351304,2020,Small rural (critical access),0
351304,2021,Small rural (critical access),0
351304,2022,Small rural (critical access),0
351304,2023,Small rural (critical access),1
351304,2024,Small rural (critical access),0
351305,2019,Small rural (critical access),1
351305,2020,Small rural (critical access),1
351305,2021,Small rural (critical access),0
351305,2022,Small rural (critical access),1
351305,2023,Small rural (critical access),0
351305,2024,Small rural (critical access),0
351306,2019,Small rural (critical access),1
351306,2020,Small rural (critical access),0
351306,2021,Small rural (critical access),0
351306,2022,Small rural (critical access),0
351306,2023,Small rural (critical access),0
351306,2024,Small rural (critical access),0
351307,2019,Small rural (critical access),1
351307,2020,Small rural (critical access),1
351307,2021,Small rural (critical access),0
351307,2022,Small rural (critical access),0
351307,2023,Small rural (critical access),1
351307,2024,Small rural (critical access),1
351308,2019,Small rural (critical access),0
351308,2020,Small rural (critical access),0
351308,2021,Small rural (critical access),0
351308,2022,Small rural (critical access),0
351308,2023,Small rural (critical access),0
351308,2024,Small rural (critical access),0
351309,2019,Small rural (critical access),1
351309,2020,Small rural (critical access),1
351309,2021,Small rural (critical access),0
351309,2022,Small rural (critical access),0
351309,2023,Small rural (critical access),0
351309,2024,Small rural (critical access),0
351310,2019,Small rural (critical access),1
351310,2020,Small rural (critical access),0
351310,2021,Small rural (critical access),0
351310,2022,Small rural (critical access),0
351310,2023,Small rural (critical access),0
351310,2024,Small rural (critical access),0
351311,2019,Small rural (critical access),0
351311,2020,Small rural (critical access),0
351311,2021,Small rural (critical access),0
351311,2022,Small rural (critical access),0
351311,2023,Small rural (critical access),1
351311,2024,Small rural (critical access),0
351312,2019,Small rural (critical access),1
351312,2020,Small rural (critical access),1
351312,2021,Small rural (critical access),0
351312,2022,Small rural (critical access),0
351312,2023,Small rural (critical access),0
351312,2024,Small rural (critical access),0
351313,2019,Small rural (critical access),1
351313,2020,Small rural (critical access),0
351313,2021,Small rural (critical access),0
351313,2022,Small rural (critical access),0
351313,2023,Small rural (critical access),0
351313,2024,Small rural (critical access),1
351314,2019,Small rural (critical access),1
351314,2020,Small rural (critical access),1
351314,2021,Small rural (critical access),1
351314,2022,Small rural (critical access),1
351314,2023,Small rural (critical access),1
351314,2024,Small rural (critical access),0
351315,2019,Small rural (critical access),0
351315,2020,Small rural (critical access),0
351315,2021,Small rural (critical access),0
351315,2022,Small rural (critical access),0
351315,2023,Small rural (critical access),1
351315,2024,Small rural (critical access),0
351316,2019,Small rural (critical access),0
351316,2020,Small rural (critical access),1
351316,2021,Small rural (critical access),0
351316,2022,Small rural (critical access),0
351316,2023,Small rural (critical access),1
351316,2024,Small rural (critical access),1
351318,2019,Small rural (critical access),0
351318,2020,Small rural (critical access),0
351318,2021,Small rural (critical access),0
351318,2022,Small rural (critical access),0
351318,2023,Small rural (critical access),1
351318,2024,Small rural (critical access),0
351319,2019,Small rural (critical access),1
351319,2020,Small rural (critical access),0
351319,2021,Small rural (critical access),0
351319,2022,Small rural (critical access),0
351319,2023,Small rural (critical access),0
351319,2024,Small rural (critical access),0
351320,2019,Small rural (critical access),1
351320,2020,Small rural (critical access),0
351320,2021,Small rural (critical access),0
351320,2022,Small rural (critical access),0
351320,2023,Small rural (critical access),0
351320,2024,Small rural (critical access),0
351321,2019,Small rural (critical access),1
351321,2020,Small rural (critical access),0
351321,2021,Small rural (critical access),0
351321,2022,Small rural (critical access),0
351321,2023,Small rural (critical access),0
351321,2024,Small rural (critical access),0
351322,2019,Small rural (critical access),1
351322,2020,Small rural (critical access),0
351322,2021,Small rural (critical access),0
351322,2022,Small rural (critical access),0
351322,2023,Small rural (critical access),0
351322,2024,Small rural (critical access),0
351323,2019,Small rural (critical access),1
351323,2020,Small rural (critical access),0
351323,2021,Small rural (critical access),0
351323,2022,Small rural (critical access),0
351323,2023,Small rural (critical access),0
351323,2024,Small rural (critical access),0
351324,2019,Small rural (critical access),0
351324,2020,Small rural (critical access),0
351324,2021,Small rural (critical access),0
351324,2022,Small rural (critical access),0
351324,2023,Small rural (critical access),1
351324,2024,Small rural (critical access),0
351325,2019,Small rural (critical access),1
351325,2020,Small rural (critical access),1
351325,2021,Small rural (critical access),1
351325,2022,Small rural (critical access),1
351325,2023,Small rural (critical access),1
351325,2024,Small rural (critical access),1
351326,2019,Small rural (critical access),1
351326,2020,Small rural (critical access),0
351326,2021,Small rural (critical access),0
351326,2022,Small rural (critical access),0
351326,2023,Small rural (critical access),0
351326,2024,Small rural (critical access),0
351327,2019,Small rural (critical access),1
351327,2020,Small rural (critical access),0
351327,2021,Small rural (critical access),0
351327,2022,Small rural (critical access),0
351327,2023,Small rural (critical access),0
351327,2024,Small rural (critical access),1
351328,2019,Small rural (critical access),1
351328,2020,Small rural (critical access),1
351328,2021,Small rural (critical access),0
351328,2022,Small rural (critical access),0
351328,2023,Small rural (critical access),0
351328,2024,Small rural (critical access),1
351329,2019,Small rural (critical access),0
351329,2020,Small rural (critical access),0
351329,2021,Small rural (critical access),0
351329,2022,Small rural (critical access),0
351329,2023,Small rural (critical access),0
351329,2024,Small rural (critical access),0
351330,2019,Small rural (critical access),0
351330,2020,Small rural (critical access),0
351330,2021,Small rural (critical access),0
351330,2022,Small rural (critical access),1
351330,2023,Small rural (critical access),1
351330,2024,Small rural (critical access),1
351331,2019,Small rural (critical access),1
351331,2020,Small rural (critical access),0
351331,2021,Small rural (critical access),0
351331,2022,Small rural (critical access),0
351331,2023,Small rural (critical access),0
351331,2024,Small rural (critical access),0
351332,2019,Small rural (critical access),0
351332,2020,Small rural (critical access),0
351332,2021,Small rural (critical access),0
351332,2022,Small rural (critical access),1
351332,2023,Small rural (critical access),0
351332,2024,Small rural (critical access),0
351333,2019,Small rural (critical access),0
351333,2020,Small rural (critical access),0
351333,2021,Small rural (critical access),0
351333,2022,Small rural (critical access),0
351333,2023,Small rural (critical access),1
351333,2024,Small rural (critical access),0
351334,2019,Small rural (critical access),0
351334,2020,Small rural (critical access),0
351334,2021,Small rural (critical access),0
351334,2022,Small rural (critical access),0
351334,2023,Small rural (critical access),1
351334,2024,Small rural (critical access),0
351335,2019,Small rural (critical access),0
351335,2020,Small rural (critical access),0
351335,2021,Small rural (critical access),0
351335,2022,Small rural (critical access),0
351335,2023,Small rural (critical access),0
351335,2024,Small rural (critical access),0
351336,2019,Small rural (critical access),0
351336,2020,Small rural (critical access),0
351336,2021,Small rural (critical access),0
351336,2022,Small rural (critical access),0
351336,2023,Small rural (critical access),1
351336,2024,Small rural (critical access),0
351364,2022,Small rural (critical access),1
351364,2023,Small rural (critical access),1
351364,2024,Small rural (critical access),1
360001,2019,General hospital,0
360001,2020,General hospital,0
360001,2021,General hospital,0
360001,2022,General hospital,0
360001,2023,General hospital,0
360001,2024,General hospital,0
360002,2019,General hospital,0
360002,2020,General hospital,0
360002,2021,General hospital,0
360002,2022,General hospital,0
360002,2023,General hospital,0
360002,2024,General hospital,0
360003,2019,General hospital,0
360003,2020,General hospital,0
360003,2021,General hospital,0
360003,2022,General hospital,0
360003,2023,General hospital,0
360003,2024,General hospital,0
360006,2019,General hospital,1
360006,2020,General hospital,0
360006,2021,General hospital,0
360006,2022,General hospital,0
360006,2023,General hospital,0
360006,2024,General hospital,0
360008,2019,General hospital,0
360008,2020,General hospital,0
360008,2021,General hospital,0
360008,2022,General hospital,0
360008,2023,General hospital,0
360008,2024,General hospital,0
360009,2019,General hospital,0
360009,2020,General hospital,0
360009,2021,General hospital,0
360009,2022,General hospital,0
360009,2023,General hospital,0
360009,2024,General hospital,0
360010,2019,General hospital,0
360010,2020,General hospital,0
360010,2021,General hospital,1
360010,2022,General hospital,0
360010,2023,General hospital,0
360010,2024,General hospital,0
360011,2019,General hospital,1
360011,2020,General hospital,0
360011,2021,General hospital,0
360011,2022,General hospital,0
360011,2023,General hospital,0
360011,2024,General hospital,0
360012,2019,General hospital,0
360012,2020,General hospital,0
360012,2021,General hospital,0
360012,2022,General hospital,0
360012,2023,General hospital,0
360012,2024,General hospital,0
360013,2019,General hospital,0
360013,2020,General hospital,0
360013,2021,General hospital,0
360013,2022,General hospital,0
360013,2023,General hospital,0
360013,2024,General hospital,0
360014,2019,General hospital,0
360014,2020,General hospital,0
360014,2021,General hospital,0
360014,2022,General hospital,0
360014,2023,General hospital,0
360014,2024,General hospital,0
360016,2019,General hospital,0
360016,2020,General hospital,0
360016,2021,General hospital,0
360016,2022,General hospital,0
360016,2023,General hospital,0
360016,2024,General hospital,0
360017,2019,General hospital,1
360017,2020,General hospital,0
360017,2021,General hospital,0
360017,2022,General hospital,0
360017,2023,General hospital,0
360017,2024,General hospital,0
360020,2019,General hospital,0
360020,2020,General hospital,0
360020,2021,General hospital,0
360020,2022,General hospital,0
360020,2023,General hospital,0
360020,2024,General hospital,0
360025,2019,General hospital,0
360025,2020,General hospital,0
360025,2021,General hospital,0
360025,2022,General hospital,0
360025,2023,General hospital,0
360025,2024,General hospital,0
360026,2019,General hospital,0
360026,2020,General hospital,0
360026,2021,General hospital,0
360026,2022,General hospital,0
360026,2023,General hospital,0
360026,2024,General hospital,0
360027,2019,General hospital,0
360027,2020,General hospital,0
360027,2021,General hospital,0
360027,2022,General hospital,0
360027,2023,General hospital,0
360027,2024,General hospital,0
360029,2019,General hospital,0
360029,2020,General hospital,0
360029,2021,General hospital,0
360029,2022,General hospital,0
360029,2023,General hospital,0
360029,2024,General hospital,0
360032,2019,General hospital,0
360032,2020,General hospital,0
360032,2021,General hospital,0
360032,2022,General hospital,0
360032,2023,General hospital,0
360032,2024,General hospital,0
360035,2019,General hospital,0
360035,2020,General hospital,0
360035,2021,General hospital,0
360035,2022,General hospital,0
360035,2023,General hospital,0
360035,2024,General hospital,0
360036,2019,General hospital,0
360036,2020,General hospital,0
360036,2021,General hospital,0
360036,2022,General hospital,0
360036,2023,General hospital,0
360036,2024,General hospital,0
360037,2019,General hospital,0
360037,2020,General hospital,0
360037,2021,General hospital,0
360037,2022,General hospital,0
360037,2023,General hospital,0
360039,2019,General hospital,0
360039,2020,General hospital,0
360039,2021,General hospital,0
360039,2022,General hospital,0
360039,2023,General hospital,0
360039,2024,General hospital,0
360040,2019,General hospital,0
360040,2020,General hospital,0
360040,2021,General hospital,0
360040,2022,General hospital,0
360040,2023,General hospital,0
360040,2024,General hospital,0
360041,2019,General hospital,0
360041,2020,General hospital,0
360041,2021,General hospital,0
360041,2022,General hospital,0
360041,2023,General hospital,0
360041,2024,General hospital,0
360044,2019,General hospital,0
360044,2020,General hospital,0
360044,2021,General hospital,0
360044,2022,General hospital,0
360044,2023,General hospital,0
360044,2024,General hospital,0
360046,2019,General hospital,0
360046,2020,General hospital,0
360046,2021,General hospital,0
360046,2022,General hospital,0
360046,2023,General hospital,0
360046,2024,General hospital,0
360048,2019,General hospital,1
360048,2020,General hospital,1
360048,2021,General hospital,1
360048,2022,General hospital,1
360048,2023,General hospital,1
360048,2024,General hospital,0
360051,2019,General hospital,0
360051,2020,General hospital,0
360051,2021,General hospital,0
360051,2022,General hospital,0
360051,2023,General hospital,0
360051,2024,General hospital,0
360054,2019,General hospital,0
360054,2020,General hospital,0
360054,2021,General hospital,0
360054,2022,General hospital,0
360054,2023,General hospital,0
360054,2024,General hospital,0
360055,2019,General hospital,0
360055,2020,General hospital,0
360055,2021,General hospital,0
360055,2022,General hospital,0
360055,2023,General hospital,0
360055,2024,General hospital,0
360056,2019,General hospital,0
360056,2020,General hospital,0
360056,2021,General hospital,0
360056,2022,General hospital,0
360056,2023,General hospital,0
360056,2024,General hospital,0
360058,2019,General hospital,0
360058,2020,General hospital,0
360058,2021,General hospital,0
360058,2022,General hospital,0
360058,2023,General hospital,0
360058,2024,General hospital,0
360059,2019,General hospital,0
360059,2020,General hospital,0
360059,2021,General hospital,0
360059,2022,General hospital,0
360059,2023,General hospital,0
360059,2024,General hospital,0
360064,2019,General hospital,0
360064,2020,General hospital,0
360064,2021,General hospital,0
360064,2022,General hospital,0
360064,2023,General hospital,0
360064,2024,General hospital,0
360065,2019,General hospital,0
360065,2020,General hospital,0
360065,2021,General hospital,0
360065,2022,General hospital,0
360065,2023,General hospital,0
360065,2024,General hospital,0
360066,2019,General hospital,0
360066,2020,General hospital,0
360066,2021,General hospital,0
360066,2022,General hospital,0
360066,2023,General hospital,0
360066,2024,General hospital,0
360068,2019,General hospital,0
360068,2020,General hospital,0
360068,2021,General hospital,0
360068,2022,General hospital,0
360068,2023,General hospital,0
360068,2024,General hospital,0
360070,2019,General hospital,0
360070,2020,General hospital,0
360070,2021,General hospital,0
360070,2022,General hospital,0
360070,2023,General hospital,0
360070,2024,General hospital,0
360071,2019,General hospital,0
360071,2020,General hospital,0
360071,2021,General hospital,0
360071,2022,General hospital,0
360071,2023,General hospital,0
360071,2024,General hospital,0
360072,2019,General hospital,0
360072,2020,General hospital,0
360072,2021,General hospital,0
360072,2022,General hospital,0
360072,2023,General hospital,0
360072,2024,General hospital,0
360074,2019,General hospital,0
360075,2019,General hospital,0
360075,2020,General hospital,0
360075,2021,General hospital,0
360075,2022,General hospital,0
360075,2023,General hospital,0
360075,2024,General hospital,0
360076,2019,General hospital,0
360076,2020,General hospital,0
360076,2021,General hospital,0
360076,2022,General hospital,0
360076,2023,General hospital,0
360076,2024,General hospital,0
360077,2019,General hospital,0
360077,2020,General hospital,0
360077,2021,General hospital,0
360077,2022,General hospital,0
360077,2023,General hospital,0
360077,2024,General hospital,0
360078,2019,General hospital,0
360078,2020,General hospital,0
360078,2021,General hospital,0
360078,2022,General hospital,0
360078,2023,General hospital,0
360078,2024,General hospital,0
360079,2019,General hospital,0
360079,2020,General hospital,0
360079,2021,General hospital,0
360079,2022,General hospital,0
360079,2023,General hospital,0
360079,2024,General hospital,0
360080,2019,General hospital,0
360080,2020,General hospital,0
360080,2021,General hospital,1
360080,2022,General hospital,1
360080,2023,General hospital,1
360080,2024,General hospital,1
360081,2019,General hospital,0
360081,2020,General hospital,0
360081,2021,General hospital,0
360081,2022,General hospital,0
360082,2019,General hospital,0
360082,2020,General hospital,0
360082,2021,General hospital,0
360082,2022,General hospital,0
360082,2023,General hospital,0
360082,2024,General hospital,0
360084,2019,General hospital,0
360084,2020,General hospital,0
360084,2021,General hospital,0
360084,2022,General hospital,0
360084,2023,General hospital,0
360084,2024,General hospital,0
360085,2019,General hospital,0
360085,2020,General hospital,0
360085,2021,General hospital,0
360085,2022,General hospital,0
360085,2023,General hospital,0
360085,2024,General hospital,0
360086,2019,General hospital,0
360086,2020,General hospital,0
360086,2021,General hospital,0
360086,2022,General hospital,0
360086,2023,General hospital,0
360086,2024,General hospital,0
360087,2019,General hospital,0
360087,2020,General hospital,0
360087,2021,General hospital,0
360087,2022,General hospital,0
360087,2023,General hospital,0
360087,2024,General hospital,0
360089,2019,General hospital,0
360089,2020,General hospital,0
360089,2021,General hospital,0
360089,2022,General hospital,0
360089,2023,General hospital,0
360089,2024,General hospital,0
360090,2019,General hospital,0
360090,2020,General hospital,0
360090,2021,General hospital,0
360090,2022,General hospital,0
360090,2023,General hospital,0
360091,2019,General hospital,0
360091,2020,General hospital,0
360091,2021,General hospital,0
360091,2022,General hospital,0
360091,2023,General hospital,0
360091,2024,General hospital,0
360092,2019,General hospital,0
360092,2020,General hospital,0
360092,2021,General hospital,0
360092,2022,General hospital,0
360092,2023,General hospital,0
360092,2024,General hospital,0
360095,2019,General hospital,0
360095,2020,General hospital,0
360095,2021,General hospital,0
360095,2022,General hospital,0
360095,2023,General hospital,0
360095,2024,General hospital,0
360096,2019,General hospital,0
360096,2020,General hospital,0
360096,2021,General hospital,0
360096,2022,General hospital,0
360096,2023,General hospital,0
360096,2024,General hospital,0
360098,2019,General hospital,0
360098,2020,General hospital,0
360098,2021,General hospital,0
360098,2022,General hospital,0
360098,2023,General hospital,0
360098,2024,General hospital,0
360107,2019,General hospital,0
360107,2020,General hospital,0
360107,2021,General hospital,0
360107,2022,General hospital,0
360107,2023,General hospital,0
360107,2024,General hospital,0
360109,2019,General hospital,0
360109,2020,General hospital,0
360109,2021,General hospital,0
360109,2022,General hospital,0
360109,2023,General hospital,0
360109,2024,General hospital,0
360112,2019,General hospital,0
360112,2020,General hospital,0
360112,2021,General hospital,0
360112,2022,General hospital,0
360112,2023,General hospital,0
360112,2024,General hospital,0
360118,2019,General hospital,1
360118,2020,General hospital,0
360118,2021,General hospital,0
360118,2022,General hospital,0
360118,2023,General hospital,0
360118,2024,General hospital,0
360121,2019,General hospital,0
360121,2020,General hospital,0
360121,2021,General hospital,0
360121,2022,General hospital,0
360121,2023,General hospital,0
360121,2024,General hospital,0
360123,2019,General hospital,0
360123,2020,General hospital,0
360123,2021,General hospital,0
360123,2022,General hospital,0
360123,2023,General hospital,0
360123,2024,General hospital,0
360125,2019,General hospital,0
360125,2020,General hospital,0
360125,2021,General hospital,0
360125,2022,General hospital,0
360125,2023,General hospital,0
360125,2024,General hospital,0
360131,2019,General hospital,0
360131,2020,General hospital,0
360131,2021,General hospital,0
360131,2022,General hospital,0
360131,2023,General hospital,0
360131,2024,General hospital,0
360132,2019,General hospital,0
360132,2020,General hospital,0
360132,2021,General hospital,0
360132,2022,General hospital,0
360132,2023,General hospital,0
360132,2024,General hospital,0
360133,2019,General hospital,0
360133,2020,General hospital,0
360133,2021,General hospital,0
360133,2022,General hospital,0
360133,2023,General hospital,0
360133,2024,General hospital,0
360134,2019,General hospital,0
360134,2020,General hospital,0
360134,2021,General hospital,0
360134,2022,General hospital,0
360134,2023,General hospital,0
360134,2024,General hospital,0
360137,2019,General hospital,0
360137,2020,General hospital,0
360137,2021,General hospital,0
360137,2022,General hospital,0
360137,2023,General hospital,0
360137,2024,General hospital,0
360141,2019,General hospital,1
360143,2019,General hospital,0
360143,2020,General hospital,0
360143,2021,General hospital,0
360143,2022,General hospital,0
360143,2023,General hospital,0
360143,2024,General hospital,0
360144,2019,General hospital,0
360144,2020,General hospital,0
360144,2021,General hospital,0
360144,2022,General hospital,0
360144,2023,General hospital,0
360144,2024,General hospital,0
360145,2019,General hospital,0
360145,2020,General hospital,0
360145,2021,General hospital,0
360145,2022,General hospital,0
360145,2023,General hospital,0
360145,2024,General hospital,0
360147,2019,General hospital,0
360147,2020,General hospital,0
360147,2021,General hospital,0
360147,2022,General hospital,0
360147,2023,General hospital,0
360147,2024,General hospital,0
360148,2019,General hospital,1
360148,2020,General hospital,0
360148,2021,General hospital,0
360148,2022,General hospital,0
360148,2023,General hospital,0
360148,2024,General hospital,0
360150,2019,General hospital,0
360150,2020,General hospital,0
360150,2021,General hospital,0
360150,2022,General hospital,0
360150,2023,General hospital,0
360150,2024,General hospital,0
360152,2019,General hospital,0
360152,2020,General hospital,0
360152,2021,General hospital,0
360152,2022,General hospital,0
360152,2023,General hospital,0
360152,2024,General hospital,0
360153,2019,General hospital,1
360155,2019,General hospital,0
360155,2020,General hospital,0
360155,2021,General hospital,0
360155,2022,General hospital,0
360155,2023,General hospital,0
360155,2024,General hospital,0
360156,2019,General hospital,0
360156,2020,General hospital,0
360156,2021,General hospital,0
360156,2022,General hospital,0
360156,2023,General hospital,0
360156,2024,General hospital,0
360159,2019,General hospital,0
360159,2020,General hospital,0
360159,2021,General hospital,0
360159,2022,General hospital,0
360159,2023,General hospital,0
360159,2024,General hospital,0
360161,2019,General hospital,0
360161,2020,General hospital,0
360161,2021,General hospital,0
360161,2022,General hospital,0
360161,2023,General hospital,0
360161,2024,General hospital,0
360163,2019,General hospital,0
360163,2020,General hospital,0
360163,2021,General hospital,0
360163,2022,General hospital,0
360163,2023,General hospital,0
360163,2024,General hospital,0
360170,2019,General hospital,0
360170,2020,General hospital,0
360170,2021,General hospital,0
360170,2022,General hospital,0
360170,2023,General hospital,0
360170,2024,General hospital,0
360172,2019,General hospital,0
360172,2020,General hospital,0
360172,2021,General hospital,0
360172,2022,General hospital,0
360172,2023,General hospital,0
360172,2024,General hospital,0
360174,2019,General hospital,0
360174,2020,General hospital,0
360174,2021,General hospital,0
360174,2022,General hospital,0
360174,2023,General hospital,0
360174,2024,General hospital,0
360175,2019,General hospital,0
360175,2020,General hospital,0
360175,2021,General hospital,0
360175,2022,General hospital,0
360175,2023,General hospital,0
360175,2024,General hospital,0
360179,2019,General hospital,0
360179,2020,General hospital,0
360179,2021,General hospital,0
360179,2022,General hospital,0
360179,2023,General hospital,0
360179,2024,General hospital,0
360180,2019,General hospital,0
360180,2020,General hospital,0
360180,2021,General hospital,0
360180,2022,General hospital,0
360180,2023,General hospital,0
360180,2024,General hospital,0
360185,2019,General hospital,0
360185,2020,General hospital,0
360185,2021,General hospital,0
360185,2022,General hospital,0
360185,2023,General hospital,0
360185,2024,General hospital,0
360189,2019,General hospital,0
360189,2020,General hospital,0
360189,2021,General hospital,0
360189,2022,General hospital,0
360189,2023,General hospital,0
360189,2024,General hospital,0
360192,2019,General hospital,0
360192,2020,General hospital,0
360192,2021,General hospital,0
360192,2022,General hospital,0
360197,2019,General hospital,0
360197,2020,General hospital,0
360197,2021,General hospital,1
360197,2022,General hospital,0
360197,2023,General hospital,1
360197,2024,General hospital,0
360203,2019,General hospital,0
360203,2020,General hospital,0
360203,2021,General hospital,0
360203,2022,General hospital,0
360203,2023,General hospital,0
360203,2024,General hospital,0
360210,2019,General hospital,0
360210,2020,General hospital,0
360210,2021,General hospital,0
360210,2022,General hospital,0
360210,2023,General hospital,0
360210,2024,General hospital,0
360211,2019,General hospital,0
360211,2020,General hospital,0
360211,2021,General hospital,0
360211,2022,General hospital,0
360211,2023,General hospital,0
360211,2024,General hospital,0
360218,2019,General hospital,0
360218,2020,General hospital,0
360218,2021,General hospital,0
360218,2022,General hospital,0
360218,2023,General hospital,0
360218,2024,General hospital,0
360230,2019,General hospital,0
360230,2020,General hospital,0
360230,2021,General hospital,0
360230,2022,General hospital,0
360230,2023,General hospital,0
360230,2024,General hospital,0
360234,2019,General hospital,0
360234,2020,General hospital,0
360234,2021,General hospital,0
360234,2022,General hospital,0
360234,2023,General hospital,0
360234,2024,General hospital,0
360236,2019,General hospital,0
360236,2020,General hospital,0
360236,2021,General hospital,0
360236,2022,General hospital,0
360236,2023,General hospital,0
360236,2024,General hospital,0
360239,2019,General hospital,0
360239,2020,General hospital,0
360239,2021,General hospital,0
360239,2022,General hospital,0
360239,2023,General hospital,0
360239,2024,General hospital,0
360245,2019,General hospital,1
360245,2020,General hospital,1
360245,2021,General hospital,1
360245,2022,General hospital,1
360245,2023,General hospital,1
360245,2024,General hospital,1
360247,2019,General hospital,1
360247,2020,General hospital,1
360247,2021,General hospital,1
360247,2022,General hospital,1
360247,2023,General hospital,1
360247,2024,General hospital,1
360259,2019,General hospital,0
360259,2020,General hospital,0
360259,2021,General hospital,0
360259,2022,General hospital,0
360259,2023,General hospital,0
360259,2024,General hospital,0
360261,2019,General hospital,1
360261,2020,General hospital,1
360262,2019,General hospital,0
360262,2020,General hospital,0
360262,2021,General hospital,0
360262,2022,General hospital,0
360263,2019,General hospital,0
360263,2020,General hospital,0
360263,2021,General hospital,0
360263,2022,General hospital,0
360263,2023,General hospital,0
360263,2024,General hospital,0
360266,2019,General hospital,0
360266,2020,General hospital,0
360266,2021,General hospital,0
360266,2022,General hospital,0
360266,2023,General hospital,0
360266,2024,General hospital,0
360270,2019,General hospital,0
360270,2020,General hospital,0
360270,2021,General hospital,0
360270,2022,General hospital,0
360270,2023,General hospital,0
360270,2024,General hospital,0
360276,2019,General hospital,0
360276,2020,General hospital,0
360276,2021,General hospital,0
360276,2022,General hospital,0
360276,2023,General hospital,0
360276,2024,General hospital,0
360348,2019,General hospital,0
360348,2020,General hospital,0
360348,2021,General hospital,0
360348,2022,General hospital,0
360348,2023,General hospital,0
360348,2024,General hospital,0
360351,2019,General hospital,1
360351,2020,General hospital,0
360351,2021,General hospital,0
360351,2022,General hospital,0
360351,2023,General hospital,0
360351,2024,General hospital,0
360352,2019,General hospital,0
360352,2020,General hospital,0
360352,2021,General hospital,0
360352,2022,General hospital,0
360352,2023,General hospital,0
360352,2024,General hospital,0
360354,2019,General hospital,0
360354,2020,General hospital,0
360354,2021,General hospital,0
360354,2022,General hospital,0
360354,2023,General hospital,0
360354,2024,General hospital,0
360355,2019,General hospital,0
360355,2020,General hospital,0
360355,2021,General hospital,0
360355,2022,General hospital,0
360355,2023,General hospital,0
360355,2024,General hospital,0
360358,2019,General hospital,0
360358,2020,General hospital,0
360358,2021,General hospital,0
360358,2022,General hospital,0
360358,2023,General hospital,0
360358,2024,General hospital,0
360359,2019,General hospital,0
360359,2020,General hospital,0
360359,2021,General hospital,0
360359,2022,General hospital,0
360359,2023,General hospital,0
360359,2024,General hospital,0
360360,2019,General hospital,0
360360,2020,General hospital,0
360360,2021,General hospital,0
360360,2022,General hospital,0
360360,2023,General hospital,0
360360,2024,General hospital,0
360361,2019,General hospital,0
360361,2020,General hospital,0
360361,2021,General hospital,0
360361,2022,General hospital,0
360361,2023,General hospital,0
360361,2024,General hospital,0
360362,2019,General hospital,0
360362,2020,General hospital,0
360364,2019,General hospital,1
360364,2020,General hospital,0
360364,2021,General hospital,0
360364,2022,General hospital,0
360364,2023,General hospital,0
360364,2024,General hospital,0
360365,2019,General hospital,0
360365,2020,General hospital,0
360365,2021,General hospital,0
360365,2022,General hospital,0
360365,2023,General hospital,0
360365,2024,General hospital,0
360366,2020,General hospital,1
360367,2021,General hospital,0
360367,2022,General hospital,0
360367,2023,General hospital,0
360367,2024,General hospital,0
360368,2021,General hospital,0
360368,2022,General hospital,0
360368,2023,General hospital,0
360368,2024,General hospital,0
361300,2019,Small rural (critical access),1
361300,2020,Small rural (critical access),0
361300,2021,Small rural (critical access),0
361300,2022,Small rural (critical access),0
361300,2023,Small rural (critical access),0
361300,2024,Small rural (critical access),0
361301,2019,Small rural (critical access),1
361301,2020,Small rural (critical access),1
361301,2021,Small rural (critical access),0
361301,2022,Small rural (critical access),0
361301,2023,Small rural (critical access),0
361301,2024,Small rural (critical access),1
361302,2019,Small rural (critical access),0
361302,2020,Small rural (critical access),0
361302,2021,Small rural (critical access),1
361302,2022,Small rural (critical access),1
361302,2023,Small rural (critical access),1
361302,2024,Small rural (critical access),1
361303,2019,Small rural (critical access),0
361303,2020,Small rural (critical access),0
361303,2021,Small rural (critical access),0
361303,2022,Small rural (critical access),0
361303,2023,Small rural (critical access),0
361303,2024,Small rural (critical access),0
361304,2019,Small rural (critical access),0
361304,2020,Small rural (critical access),0
361304,2021,Small rural (critical access),0
361304,2022,Small rural (critical access),0
361304,2023,Small rural (critical access),0
361304,2024,Small rural (critical access),0
361306,2019,Small rural (critical access),0
361306,2020,Small rural (critical access),0
361306,2021,Small rural (critical access),0
361306,2022,Small rural (critical access),0
361306,2023,Small rural (critical access),0
361306,2024,Small rural (critical access),0
361307,2019,Small rural (critical access),0
361307,2020,Small rural (critical access),0
361307,2021,Small rural (critical access),0
361307,2022,Small rural (critical access),0
361307,2023,Small rural (critical access),0
361307,2024,Small rural (critical access),0
361308,2019,Small rural (critical access),0
361308,2020,Small rural (critical access),0
361308,2021,Small rural (critical access),0
361308,2022,Small rural (critical access),0
361308,2023,Small rural (critical access),0
361308,2024,Small rural (critical access),0
361309,2019,Small rural (critical access),0
361309,2020,Small rural (critical access),0
361309,2021,Small rural (critical access),0
361309,2022,Small rural (critical access),0
361309,2023,Small rural (critical access),0
361309,2024,Small rural (critical access),0
361310,2019,Small rural (critical access),0
361310,2020,Small rural (critical access),0
361310,2021,Small rural (critical access),0
361310,2022,Small rural (critical access),0
361310,2023,Small rural (critical access),0
361310,2024,Small rural (critical access),0
361311,2019,Small rural (critical access),1
361311,2020,Small rural (critical access),1
361311,2021,Small rural (critical access),0
361311,2022,Small rural (critical access),1
361311,2023,Small rural (critical access),0
361311,2024,Small rural (critical access),0
361312,2019,Small rural (critical access),0
361312,2020,Small rural (critical access),0
361312,2021,Small rural (critical access),0
361312,2022,Small rural (critical access),0
361312,2023,Small rural (critical access),0
361312,2024,Small rural (critical access),0
361313,2019,Small rural (critical access),0
361313,2020,Small rural (critical access),0
361313,2021,Small rural (critical access),0
361313,2022,Small rural (critical access),0
361313,2023,Small rural (critical access),0
361313,2024,Small rural (critical access),0
361314,2019,Small rural (critical access),0
361314,2020,Small rural (critical access),0
361314,2021,Small rural (critical access),0
361314,2022,Small rural (critical access),0
361314,2023,Small rural (critical access),0
361314,2024,Small rural (critical access),0
361315,2019,Small rural (critical access),0
361315,2020,Small rural (critical access),0
361315,2021,Small rural (critical access),0
361315,2022,Small rural (critical access),0
361315,2023,Small rural (critical access),0
361315,2024,Small rural (critical access),0
361316,2019,Small rural (critical access),0
361316,2020,Small rural (critical access),0
361316,2021,Small rural (critical access),0
361316,2022,Small rural (critical access),0
361316,2023,Small rural (critical access),0
361316,2024,Small rural (critical access),0
361318,2019,Small rural (critical access),0
361318,2020,Small rural (critical access),0
361318,2021,Small rural (critical access),0
361318,2022,Small rural (critical access),0
361318,2023,Small rural (critical access),0
361318,2024,Small rural (critical access),0
361319,2019,Small rural (critical access),0
361319,2020,Small rural (critical access),0
361319,2021,Small rural (critical access),0
361319,2022,Small rural (critical access),0
361319,2023,Small rural (critical access),0
361319,2024,Small rural (critical access),0
361320,2019,Small rural (critical access),0
361320,2020,Small rural (critical access),0
361320,2021,Small rural (critical access),0
361320,2022,Small rural (critical access),0
361320,2023,Small rural (critical access),0
361320,2024,Small rural (critical access),0
361321,2019,Small rural (critical access),0
361321,2020,Small rural (critical access),0
361321,2021,Small rural (critical access),0
361321,2022,Small rural (critical access),1
361321,2023,Small rural (critical access),0
361321,2024,Small rural (critical access),0
361322,2019,Small rural (critical access),0
361322,2020,Small rural (critical access),0
361322,2021,Small rural (critical access),0
361322,2022,Small rural (critical access),0
361322,2023,Small rural (critical access),0
361322,2024,Small rural (critical access),0
361323,2019,Small rural (critical access),0
361323,2020,Small rural (critical access),0
361323,2021,Small rural (critical access),0
361323,2022,Small rural (critical access),0
361323,2023,Small rural (critical access),0
361323,2024,Small rural (critical access),0
361324,2019,Small rural (critical access),0
361324,2020,Small rural (critical access),0
361324,2021,Small rural (critical access),0
361324,2022,Small rural (critical access),0
361324,2023,Small rural (critical access),0
361324,2024,Small rural (critical access),0
361325,2019,Small rural (critical access),0
361325,2020,Small rural (critical access),0
361325,2021,Small rural (critical access),0
361325,2022,Small rural (critical access),0
361325,2023,Small rural (critical access),0
361325,2024,Small rural (critical access),0
361326,2019,Small rural (critical access),0
361326,2020,Small rural (critical access),0
361326,2021,Small rural (critical access),0
361326,2022,Small rural (critical access),0
361326,2023,Small rural (critical access),0
361326,2024,Small rural (critical access),0
361327,2019,Small rural (critical access),0
361327,2020,Small rural (critical access),0
361327,2021,Small rural (critical access),0
361327,2022,Small rural (critical access),0
361327,2023,Small rural (critical access),0
361327,2024,Small rural (critical access),0
361328,2019,Small rural (critical access),0
361328,2020,Small rural (critical access),0
361328,2021,Small rural (critical access),0
361328,2022,Small rural (critical access),0
361328,2023,Small rural (critical access),0
361328,2024,Small rural (critical access),0
361329,2019,Small rural (critical access),1
361329,2020,Small rural (critical access),1
361329,2021,Small rural (critical access),0
361329,2022,Small rural (critical access),0
361329,2023,Small rural (critical access),0
361329,2024,Small rural (critical access),0
361330,2019,Small rural (critical access),0
361330,2020,Small rural (critical access),0
361330,2021,Small rural (critical access),0
361330,2022,Small rural (critical access),0
361330,2023,Small rural (critical access),0
361330,2024,Small rural (critical access),0
361331,2019,Small rural (critical access),1
361331,2020,Small rural (critical access),0
361331,2021,Small rural (critical access),0
361331,2022,Small rural (critical access),0
361331,2023,Small rural (critical access),0
361331,2024,Small rural (critical access),0
361332,2019,Small rural (critical access),1
361332,2020,Small rural (critical access),0
361332,2021,Small rural (critical access),0
361332,2022,Small rural (critical access),0
361332,2023,Small rural (critical access),1
361332,2024,Small rural (critical access),1
361333,2019,Small rural (critical access),0
361333,2020,Small rural (critical access),0
361333,2021,Small rural (critical access),0
361333,2022,Small rural (critical access),0
361333,2023,Small rural (critical access),0
361333,2024,Small rural (critical access),0
361334,2019,Small rural (critical access),0
361334,2020,Small rural (critical access),0
361334,2021,Small rural (critical access),0
361334,2022,Small rural (critical access),0
361334,2023,Small rural (critical access),0
361334,2024,Small rural (critical access),0
370001,2019,General hospital,0
370001,2020,General hospital,0
370001,2021,General hospital,0
370001,2022,General hospital,0
370001,2023,General hospital,0
370001,2024,General hospital,0
370002,2019,General hospital,0
370002,2020,General hospital,0
370002,2021,General hospital,0
370002,2022,General hospital,0
370002,2023,General hospital,0
370002,2024,General hospital,0
370004,2019,General hospital,0
370004,2020,General hospital,0
370004,2021,General hospital,0
370004,2022,General hospital,0
370004,2023,General hospital,0
370004,2024,General hospital,0
370006,2019,General hospital,1
370006,2020,General hospital,1
370006,2021,General hospital,0
370006,2022,General hospital,0
370006,2023,General hospital,0
370006,2024,General hospital,0
370008,2019,General hospital,0
370008,2020,General hospital,0
370008,2021,General hospital,0
370008,2022,General hospital,0
370008,2023,General hospital,0
370008,2024,General hospital,0
370011,2019,General hospital,0
370013,2019,General hospital,0
370013,2020,General hospital,0
370013,2021,General hospital,0
370013,2022,General hospital,0
370013,2023,General hospital,0
370013,2024,General hospital,0
370014,2019,General hospital,0
370014,2020,General hospital,0
370014,2021,General hospital,0
370014,2022,General hospital,0
370014,2023,General hospital,0
370014,2024,General hospital,0
370015,2019,General hospital,1
370015,2020,General hospital,0
370015,2021,General hospital,0
370015,2022,General hospital,0
370015,2023,General hospital,0
370015,2024,General hospital,0
370016,2019,General hospital,0
370016,2020,General hospital,0
370016,2021,General hospital,0
370016,2022,General hospital,0
370016,2023,General hospital,0
370016,2024,General hospital,0
370018,2019,General hospital,0
370018,2020,General hospital,0
370018,2021,General hospital,0
370018,2022,General hospital,0
370018,2023,General hospital,0
370018,2024,General hospital,0
370019,2019,General hospital,0
370019,2020,General hospital,0
370019,2021,General hospital,0
370019,2022,General hospital,0
370019,2023,General hospital,0
370019,2024,General hospital,1
370020,2019,General hospital,0
370020,2020,General hospital,0
370020,2021,General hospital,0
370020,2022,General hospital,0
370020,2023,General hospital,0
370020,2024,General hospital,0
370022,2019,General hospital,0
370022,2020,General hospital,0
370022,2021,General hospital,0
370022,2022,General hospital,0
370022,2023,General hospital,0
370022,2024,General hospital,0
370023,2019,General hospital,0
370023,2020,General hospital,0
370023,2021,General hospital,0
370023,2022,General hospital,0
370023,2023,General hospital,1
370023,2024,General hospital,0
370025,2019,General hospital,0
370025,2020,General hospital,0
370025,2021,General hospital,0
370025,2022,General hospital,0
370025,2023,General hospital,0
370025,2024,General hospital,0
370026,2019,General hospital,0
370026,2020,General hospital,0
370026,2021,General hospital,0
370026,2022,General hospital,0
370026,2023,General hospital,0
370026,2024,General hospital,0
370028,2019,General hospital,0
370028,2020,General hospital,0
370028,2021,General hospital,0
370028,2022,General hospital,0
370028,2023,General hospital,0
370028,2024,General hospital,0
370029,2019,General hospital,0
370029,2020,General hospital,0
370029,2021,General hospital,0
370029,2022,General hospital,0
370030,2019,General hospital,0
370030,2020,General hospital,0
370030,2021,General hospital,0
370030,2022,General hospital,0
370030,2023,General hospital,0
370034,2019,General hospital,0
370034,2020,General hospital,0
370034,2021,General hospital,1
370034,2022,General hospital,0
370034,2023,General hospital,0
370034,2024,General hospital,0
370037,2019,General hospital,0
370037,2020,General hospital,0
370037,2021,General hospital,0
370037,2022,General hospital,0
370037,2023,General hospital,0
370037,2024,General hospital,0
370039,2019,General hospital,0
370039,2020,General hospital,0
370039,2021,General hospital,0
370039,2022,General hospital,0
370039,2023,General hospital,0
370039,2024,General hospital,0
370041,2019,General hospital,0
370041,2020,General hospital,0
370041,2021,General hospital,0
370041,2022,General hospital,0
370041,2023,General hospital,0
370041,2024,General hospital,1
370047,2019,General hospital,0
370047,2020,General hospital,0
370047,2021,General hospital,0
370047,2022,General hospital,0
370047,2023,General hospital,0
370047,2024,General hospital,0
370049,2019,General hospital,0
370049,2020,General hospital,0
370049,2021,General hospital,0
370049,2022,General hospital,0
370049,2023,General hospital,0
370049,2024,General hospital,0
370054,2019,General hospital,0
370054,2020,General hospital,0
370054,2021,General hospital,0
370054,2022,General hospital,0
370054,2023,General hospital,0
370054,2024,General hospital,0
370056,2019,General hospital,1
370056,2020,General hospital,1
370056,2021,General hospital,0
370056,2022,General hospital,0
370056,2023,General hospital,0
370056,2024,General hospital,1
370057,2019,General hospital,0
370057,2020,General hospital,0
370057,2021,General hospital,0
370057,2022,General hospital,0
370057,2023,General hospital,0
370057,2024,General hospital,0
370078,2019,General hospital,0
370078,2020,General hospital,0
370078,2021,General hospital,0
370078,2022,General hospital,0
370078,2023,General hospital,0
370078,2024,General hospital,0
370083,2019,General hospital,0
370083,2020,General hospital,0
370083,2021,General hospital,1
370083,2022,General hospital,1
370083,2023,General hospital,0
370083,2024,General hospital,0
370089,2019,General hospital,0
370089,2020,General hospital,0
370089,2021,General hospital,0
370089,2022,General hospital,0
370089,2023,General hospital,0
370089,2024,General hospital,0
370091,2019,General hospital,0
370091,2020,General hospital,0
370091,2021,General hospital,0
370091,2022,General hospital,0
370091,2023,General hospital,0
370091,2024,General hospital,0
370093,2019,General hospital,1
370093,2020,General hospital,0
370093,2021,General hospital,0
370093,2022,General hospital,0
370093,2023,General hospital,0
370093,2024,General hospital,0
370094,2019,General hospital,0
370094,2020,General hospital,0
370094,2021,General hospital,0
370094,2022,General hospital,1
370094,2023,General hospital,0
370094,2024,General hospital,0
370097,2019,General hospital,0
370097,2020,General hospital,0
370097,2021,General hospital,0
370097,2022,General hospital,0
370097,2023,General hospital,0
370097,2024,General hospital,0
370099,2019,General hospital,1
370099,2020,General hospital,0
370099,2021,General hospital,0
370099,2022,General hospital,0
370099,2023,General hospital,0
370099,2024,General hospital,0
370100,2019,General hospital,1
370100,2020,General hospital,0
370100,2021,General hospital,0
370100,2022,General hospital,0
370100,2023,General hospital,0
370100,2024,General hospital,0
370106,2019,General hospital,0
370106,2020,General hospital,0
370106,2021,General hospital,0
370106,2022,General hospital,0
370106,2023,General hospital,0
370106,2024,General hospital,0
370112,2019,General hospital,1
370112,2020,General hospital,0
370112,2021,General hospital,0
370112,2022,General hospital,0
370112,2023,General hospital,0
370112,2024,General hospital,0
370113,2019,General hospital,0
370113,2020,General hospital,0
370113,2021,General hospital,0
370113,2022,General hospital,0
370113,2023,General hospital,0
370113,2024,General hospital,0
370114,2019,General hospital,0
370114,2020,General hospital,0
370114,2021,General hospital,0
370114,2022,General hospital,0
370114,2023,General hospital,0
370114,2024,General hospital,0
370139,2019,General hospital,0
370139,2020,General hospital,0
370139,2021,General hospital,0
370139,2022,General hospital,0
370139,2023,General hospital,0
370149,2019,General hospital,0
370149,2020,General hospital,0
370149,2021,General hospital,0
370149,2022,General hospital,0
370149,2023,General hospital,0
370149,2024,General hospital,0
370153,2019,General hospital,1
370153,2020,General hospital,0
370153,2021,General hospital,0
370153,2022,General hospital,0
370153,2023,General hospital,0
370153,2024,General hospital,0
370158,2019,General hospital,0
370158,2020,General hospital,0
370158,2021,General hospital,0
370158,2022,General hospital,0
370158,2023,General hospital,0
370158,2024,General hospital,0
370166,2019,General hospital,1
370166,2020,General hospital,0
370166,2021,General hospital,0
370166,2022,General hospital,0
370166,2023,General hospital,0
370166,2024,General hospital,0
370170,2019,General hospital,0
370170,2020,General hospital,0
370170,2021,General hospital,1
370170,2022,General hospital,0
370170,2023,General hospital,0
370170,2024,General hospital,1
370171,2019,General hospital,1
370171,2020,General hospital,1
370171,2021,General hospital,0
370171,2022,General hospital,0
370171,2023,General hospital,0
370171,2024,General hospital,0
370172,2019,General hospital,1
370172,2020,General hospital,1
370172,2021,General hospital,0
370172,2022,General hospital,1
370172,2023,General hospital,1
370172,2024,General hospital,1
370173,2019,General hospital,1
370173,2020,General hospital,1
370173,2021,General hospital,1
370173,2022,General hospital,0
370173,2023,General hospital,0
370173,2024,General hospital,1
370178,2019,General hospital,0
370178,2020,General hospital,0
370178,2021,General hospital,0
370178,2022,General hospital,0
370178,2023,General hospital,0
370178,2024,General hospital,1
370180,2019,General hospital,1
370180,2020,General hospital,1
370180,2021,General hospital,1
370180,2022,General hospital,1
370180,2023,General hospital,1
370180,2024,General hospital,1
370183,2019,General hospital,0
370183,2020,General hospital,0
370183,2021,General hospital,0
370183,2022,General hospital,0
370183,2023,General hospital,0
370183,2024,General hospital,0
370190,2019,General hospital,1
370190,2020,General hospital,0
370190,2021,General hospital,0
370192,2019,General hospital,1
370192,2020,General hospital,1
370192,2021,General hospital,1
370192,2022,General hospital,1
370192,2023,General hospital,1
370192,2024,General hospital,1
370199,2019,General hospital,0
370199,2020,General hospital,0
370199,2021,General hospital,0
370199,2022,General hospital,0
370199,2023,General hospital,0
370199,2024,General hospital,0
370201,2019,General hospital,0
370201,2020,General hospital,0
370201,2021,General hospital,1
370201,2022,General hospital,1
370201,2023,General hospital,1
370201,2024,General hospital,1
370202,2019,General hospital,0
370202,2020,General hospital,0
370202,2021,General hospital,0
370202,2022,General hospital,0
370202,2023,General hospital,0
370202,2024,General hospital,0
370203,2019,General hospital,1
370203,2020,General hospital,1
370203,2021,General hospital,1
370203,2022,General hospital,1
370203,2023,General hospital,1
370203,2024,General hospital,1
370206,2019,General hospital,1
370206,2020,General hospital,0
370206,2021,General hospital,0
370206,2022,General hospital,0
370206,2023,General hospital,0
370206,2024,General hospital,0
370210,2019,General hospital,0
370210,2020,General hospital,0
370210,2021,General hospital,1
370210,2022,General hospital,0
370210,2023,General hospital,0
370210,2024,General hospital,0
370211,2019,General hospital,0
370211,2020,General hospital,0
370211,2021,General hospital,0
370211,2022,General hospital,0
370211,2023,General hospital,0
370211,2024,General hospital,0
370212,2019,General hospital,1
370212,2020,General hospital,0
370212,2021,General hospital,0
370212,2022,General hospital,0
370212,2023,General hospital,0
370212,2024,General hospital,0
370214,2019,General hospital,0
370214,2020,General hospital,0
370214,2021,General hospital,0
370214,2022,General hospital,0
370214,2023,General hospital,1
370214,2024,General hospital,0
370215,2019,General hospital,0
370215,2020,General hospital,0
370215,2021,General hospital,0
370215,2022,General hospital,0
370215,2023,General hospital,0
370215,2024,General hospital,0
370216,2019,General hospital,0
370216,2020,General hospital,0
370216,2021,General hospital,0
370216,2022,General hospital,0
370216,2023,General hospital,0
370216,2024,General hospital,0
370218,2019,General hospital,0
370218,2020,General hospital,0
370218,2021,General hospital,0
370218,2022,General hospital,0
370218,2023,General hospital,0
370218,2024,General hospital,0
370220,2019,General hospital,1
370220,2020,General hospital,1
370220,2021,General hospital,1
370220,2022,General hospital,1
370220,2023,General hospital,1
370220,2024,General hospital,1
370222,2019,General hospital,0
370222,2020,General hospital,0
370222,2021,General hospital,0
370222,2022,General hospital,0
370222,2023,General hospital,0
370222,2024,General hospital,0
370225,2019,General hospital,0
370225,2020,General hospital,0
370225,2021,General hospital,0
370225,2022,General hospital,0
370225,2023,General hospital,0
370225,2024,General hospital,0
370227,2019,General hospital,0
370227,2020,General hospital,0
370227,2021,General hospital,0
370227,2022,General hospital,0
370227,2023,General hospital,0
370227,2024,General hospital,0
370228,2019,General hospital,0
370228,2020,General hospital,0
370228,2021,General hospital,0
370228,2022,General hospital,0
370228,2023,General hospital,0
370228,2024,General hospital,0
370229,2019,General hospital,0
370229,2020,General hospital,0
370229,2021,General hospital,0
370229,2022,General hospital,0
370229,2023,General hospital,1
370234,2019,General hospital,0
370234,2020,General hospital,0
370234,2021,General hospital,0
370234,2022,General hospital,0
370234,2023,General hospital,0
370234,2024,General hospital,0
370235,2019,General hospital,0
370235,2020,General hospital,0
370235,2021,General hospital,0
370235,2022,General hospital,0
370235,2023,General hospital,0
370235,2024,General hospital,0
370236,2019,General hospital,0
370236,2020,General hospital,0
370236,2021,General hospital,0
370236,2022,General hospital,0
370236,2023,General hospital,0
370236,2024,General hospital,0
370237,2019,General hospital,0
370237,2020,General hospital,0
370237,2021,General hospital,0
370237,2022,General hospital,0
370237,2023,General hospital,0
370237,2024,General hospital,0
370240,2020,General hospital,1
370240,2021,General hospital,1
370240,2022,General hospital,1
370240,2023,General hospital,0
370240,2024,General hospital,0
370243,2022,General hospital,1
370243,2023,General hospital,1
370243,2024,General hospital,1
370244,2024,General hospital,0
370245,2024,General hospital,1
371300,2019,Small rural (critical access),1
371300,2020,Small rural (critical access),1
371300,2021,Small rural (critical access),1
371300,2022,Small rural (critical access),1
371300,2023,Small rural (critical access),1
371300,2024,Small rural (critical access),1
371301,2019,Small rural (critical access),1
371301,2020,Small rural (critical access),1
371301,2021,Small rural (critical access),1
371301,2022,Small rural (critical access),1
371301,2023,Small rural (critical access),1
371301,2024,Small rural (critical access),0
371302,2019,Small rural (critical access),0
371302,2020,Small rural (critical access),0
371302,2021,Small rural (critical access),0
371302,2022,Small rural (critical access),0
371302,2023,Small rural (critical access),0
371302,2024,Small rural (critical access),0
371303,2019,Small rural (critical access),0
371303,2020,Small rural (critical access),0
371303,2021,Small rural (critical access),0
371303,2022,Small rural (critical access),0
371303,2023,Small rural (critical access),1
371303,2024,Small rural (critical access),0
371304,2019,Small rural (critical access),0
371304,2020,Small rural (critical access),0
371304,2021,Small rural (critical access),0
371304,2022,Small rural (critical access),0
371304,2023,Small rural (critical access),0
371304,2024,Small rural (critical access),0
371305,2019,Small rural (critical access),0
371305,2020,Small rural (critical access),0
371305,2021,Small rural (critical access),0
371305,2022,Small rural (critical access),0
371305,2023,Small rural (critical access),0
371305,2024,Small rural (critical access),0
371306,2019,Small rural (critical access),0
371306,2020,Small rural (critical access),0
371306,2021,Small rural (critical access),0
371306,2022,Small rural (critical access),0
371306,2023,Small rural (critical access),0
371306,2024,Small rural (critical access),0
371307,2019,Small rural (critical access),1
371307,2020,Small rural (critical access),1
371307,2021,Small rural (critical access),1
371307,2022,Small rural (critical access),1
371307,2023,Small rural (critical access),1
371307,2024,Small rural (critical access),1
371309,2019,Small rural (critical access),1
371309,2020,Small rural (critical access),1
371309,2021,Small rural (critical access),1
371309,2022,Small rural (critical access),0
371309,2023,Small rural (critical access),0
371309,2024,Small rural (critical access),0
371310,2019,Small rural (critical access),0
371310,2020,Small rural (critical access),0
371310,2021,Small rural (critical access),0
371310,2022,Small rural (critical access),0
371310,2023,Small rural (critical access),0
371310,2024,Small rural (critical access),0
371311,2019,Small rural (critical access),0
371311,2020,Small rural (critical access),0
371311,2021,Small rural (critical access),0
371311,2022,Small rural (critical access),0
371311,2023,Small rural (critical access),1
371311,2024,Small rural (critical access),0
371312,2019,Small rural (critical access),0
371312,2020,Small rural (critical access),0
371312,2021,Small rural (critical access),0
371312,2022,Small rural (critical access),0
371312,2023,Small rural (critical access),0
371312,2024,Small rural (critical access),0
371313,2019,Small rural (critical access),0
371313,2020,Small rural (critical access),0
371313,2021,Small rural (critical access),0
371313,2022,Small rural (critical access),0
371313,2023,Small rural (critical access),0
371313,2024,Small rural (critical access),0
371314,2019,Small rural (critical access),1
371314,2020,Small rural (critical access),1
371314,2021,Small rural (critical access),0
371314,2022,Small rural (critical access),0
371314,2023,Small rural (critical access),0
371314,2024,Small rural (critical access),0
371316,2019,Small rural (critical access),0
371316,2020,Small rural (critical access),1
371316,2021,Small rural (critical access),0
371316,2022,Small rural (critical access),0
371316,2023,Small rural (critical access),0
371316,2024,Small rural (critical access),0
371317,2019,Small rural (critical access),0
371317,2020,Small rural (critical access),0
371317,2021,Small rural (critical access),0
371317,2022,Small rural (critical access),0
371317,2023,Small rural (critical access),0
371317,2024,Small rural (critical access),0
371318,2019,Small rural (critical access),1
371318,2020,Small rural (critical access),1
371318,2021,Small rural (critical access),1
371318,2022,Small rural (critical access),1
371318,2023,Small rural (critical access),0
371318,2024,Small rural (critical access),0
371319,2019,Small rural (critical access),1
371319,2020,Small rural (critical access),1
371319,2021,Small rural (critical access),1
371319,2022,Small rural (critical access),1
371319,2023,Small rural (critical access),1
371319,2024,Small rural (critical access),0
371320,2019,Small rural (critical access),0
371320,2020,Small rural (critical access),0
371320,2021,Small rural (critical access),0
371320,2022,Small rural (critical access),0
371320,2023,Small rural (critical access),0
371320,2024,Small rural (critical access),0
371321,2019,Small rural (critical access),0
371321,2020,Small rural (critical access),0
371321,2021,Small rural (critical access),1
371321,2022,Small rural (critical access),0
371321,2023,Small rural (critical access),1
371321,2024,Small rural (critical access),0
371322,2019,Small rural (critical access),0
371322,2020,Small rural (critical access),1
371322,2021,Small rural (critical access),0
371322,2022,Small rural (critical access),0
371322,2023,Small rural (critical access),0
371322,2024,Small rural (critical access),0
371323,2019,Small rural (critical access),0
371323,2020,Small rural (critical access),0
371323,2021,Small rural (critical access),0
371323,2022,Small rural (critical access),0
371323,2023,Small rural (critical access),0
371323,2024,Small rural (critical access),0
371324,2019,Small rural (critical access),0
371324,2020,Small rural (critical access),1
371324,2021,Small rural (critical access),0
371324,2022,Small rural (critical access),0
371324,2023,Small rural (critical access),0
371325,2019,Small rural (critical access),0
371325,2020,Small rural (critical access),1
371325,2021,Small rural (critical access),0
371325,2022,Small rural (critical access),0
371325,2023,Small rural (critical access),0
371325,2024,Small rural (critical access),0
371326,2019,Small rural (critical access),0
371326,2020,Small rural (critical access),0
371326,2021,Small rural (critical access),0
371326,2022,Small rural (critical access),0
371326,2023,Small rural (critical access),0
371326,2024,Small rural (critical access),0
371327,2019,Small rural (critical access),0
371327,2020,Small rural (critical access),1
371327,2021,Small rural (critical access),0
371327,2022,Small rural (critical access),0
371327,2023,Small rural (critical access),0
371327,2024,Small rural (critical access),0
371328,2019,Small rural (critical access),1
371328,2020,Small rural (critical access),0
371328,2021,Small rural (critical access),1
371328,2022,Small rural (critical access),1
371328,2023,Small rural (critical access),0
371328,2024,Small rural (critical access),0
371329,2019,Small rural (critical access),0
371329,2020,Small rural (critical access),1
371329,2021,Small rural (critical access),0
371329,2022,Small rural (critical access),0
371329,2023,Small rural (critical access),0
371329,2024,Small rural (critical access),0
371330,2019,Small rural (critical access),1
371330,2020,Small rural (critical access),1
371330,2021,Small rural (critical access),1
371330,2022,Small rural (critical access),1
371330,2023,Small rural (critical access),1
371330,2024,Small rural (critical access),0
371331,2019,Small rural (critical access),1
371331,2020,Small rural (critical access),1
371331,2021,Small rural (critical access),1
371331,2022,Small rural (critical access),1
371331,2023,Small rural (critical access),0
371331,2024,Small rural (critical access),0
371332,2019,Small rural (critical access),1
371332,2020,Small rural (critical access),1
371332,2021,Small rural (critical access),1
371332,2022,Small rural (critical access),1
371332,2023,Small rural (critical access),1
371332,2024,Small rural (critical access),0
371333,2019,Small rural (critical access),0
371333,2020,Small rural (critical access),0
371333,2021,Small rural (critical access),0
371333,2022,Small rural (critical access),0
371333,2023,Small rural (critical access),1
371333,2024,Small rural (critical access),0
371334,2019,Small rural (critical access),1
371334,2020,Small rural (critical access),1
371334,2021,Small rural (critical access),1
371334,2022,Small rural (critical access),1
371334,2023,Small rural (critical access),1
371334,2024,Small rural (critical access),0
371335,2019,Small rural (critical access),1
371335,2020,Small rural (critical access),1
371335,2021,Small rural (critical access),1
371335,2022,Small rural (critical access),1
371335,2023,Small rural (critical access),1
371335,2024,Small rural (critical access),0
371336,2019,Small rural (critical access),0
371336,2020,Small rural (critical access),1
371336,2021,Small rural (critical access),0
371336,2022,Small rural (critical access),0
371336,2023,Small rural (critical access),0
371336,2024,Small rural (critical access),0
371337,2019,Small rural (critical access),1
371337,2020,Small rural (critical access),0
371337,2021,Small rural (critical access),0
371337,2022,Small rural (critical access),1
371337,2023,Small rural (critical access),0
371337,2024,Small rural (critical access),0
371338,2019,Small rural (critical access),1
371338,2020,Small rural (critical access),1
371338,2021,Small rural (critical access),1
371338,2022,Small rural (critical access),0
371338,2023,Small rural (critical access),0
371338,2024,Small rural (critical access),0
371340,2019,Small rural (critical access),0
371340,2020,Small rural (critical access),0
371340,2021,Small rural (critical access),0
371340,2022,Small rural (critical access),1
371340,2023,Small rural (critical access),1
371340,2024,Small rural (critical access),1
371341,2019,Small rural (critical access),1
371341,2020,Small rural (critical access),1
371341,2021,Small rural (critical access),1
371341,2022,Small rural (critical access),1
371341,2023,Small rural (critical access),1
371341,2024,Small rural (critical access),1
371342,2019,Small rural (critical access),1
371342,2020,Small rural (critical access),1
371342,2021,Small rural (critical access),0
371342,2022,Small rural (critical access),1
371342,2023,Small rural (critical access),1
371342,2024,Small rural (critical access),1
380001,2019,General hospital,0
380001,2020,General hospital,0
380001,2021,General hospital,0
380001,2022,General hospital,0
380001,2023,General hospital,1
380001,2024,General hospital,0
380002,2019,General hospital,0
380002,2020,General hospital,0
380002,2021,General hospital,0
380002,2022,General hospital,0
380002,2023,General hospital,0
380002,2024,General hospital,0
380004,2019,General hospital,0
380004,2020,General hospital,0
380004,2021,General hospital,0
380004,2022,General hospital,0
380004,2023,General hospital,0
380004,2024,General hospital,0
380005,2019,General hospital,0
380005,2020,General hospital,0
380005,2021,General hospital,0
380005,2022,General hospital,0
380005,2023,General hospital,0
380005,2024,General hospital,0
380007,2019,General hospital,0
380007,2020,General hospital,0
380007,2021,General hospital,0
380007,2022,General hospital,0
380007,2023,General hospital,0
380007,2024,General hospital,0
380009,2019,General hospital,0
380009,2020,General hospital,0
380009,2021,General hospital,0
380009,2022,General hospital,0
380009,2023,General hospital,1
380009,2024,General hospital,0
380014,2019,General hospital,0
380014,2020,General hospital,0
380014,2021,General hospital,0
380014,2022,General hospital,0
380014,2023,General hospital,0
380014,2024,General hospital,0
380017,2019,General hospital,0
380017,2020,General hospital,0
380017,2021,General hospital,0
380017,2022,General hospital,0
380017,2023,General hospital,0
380017,2024,General hospital,0
380018,2019,General hospital,0
380018,2020,General hospital,0
380018,2021,General hospital,0
380018,2022,General hospital,0
380018,2023,General hospital,0
380018,2024,General hospital,0
380020,2019,General hospital,0
380020,2020,General hospital,0
380020,2021,General hospital,0
380020,2022,General hospital,0
380020,2023,General hospital,0
380020,2024,General hospital,0
380021,2019,General hospital,1
380021,2020,General hospital,0
380021,2021,General hospital,0
380021,2022,General hospital,0
380021,2023,General hospital,1
380021,2024,General hospital,0
380022,2019,General hospital,0
380022,2020,General hospital,0
380022,2021,General hospital,0
380022,2022,General hospital,0
380022,2023,General hospital,0
380022,2024,General hospital,0
380025,2019,General hospital,0
380025,2020,General hospital,0
380025,2021,General hospital,0
380025,2022,General hospital,0
380025,2023,General hospital,0
380025,2024,General hospital,0
380027,2019,General hospital,0
380027,2020,General hospital,0
380027,2021,General hospital,0
380027,2022,General hospital,1
380027,2023,General hospital,1
380027,2024,General hospital,0
380029,2019,General hospital,0
380029,2020,General hospital,0
380029,2021,General hospital,0
380029,2022,General hospital,0
380029,2023,General hospital,0
380029,2024,General hospital,0
380033,2019,General hospital,0
380033,2020,General hospital,0
380033,2021,General hospital,0
380033,2022,General hospital,0
380033,2023,General hospital,0
380033,2024,General hospital,0
380037,2019,General hospital,0
380037,2020,General hospital,0
380037,2021,General hospital,0
380037,2022,General hospital,0
380037,2023,General hospital,0
380037,2024,General hospital,0
380038,2019,General hospital,0
380038,2020,General hospital,0
380038,2021,General hospital,0
380038,2022,General hospital,0
380038,2023,General hospital,0
380038,2024,General hospital,0
380040,2019,General hospital,0
380040,2020,General hospital,0
380040,2021,General hospital,0
380040,2022,General hospital,0
380047,2019,General hospital,0
380047,2020,General hospital,0
380047,2021,General hospital,0
380047,2022,General hospital,0
380047,2023,General hospital,0
380047,2024,General hospital,0
380050,2019,General hospital,0
380050,2020,General hospital,0
380050,2021,General hospital,0
380050,2022,General hospital,0
380050,2023,General hospital,0
380050,2024,General hospital,0
380051,2019,General hospital,0
380051,2020,General hospital,0
380051,2021,General hospital,0
380051,2022,General hospital,0
380051,2023,General hospital,0
380051,2024,General hospital,0
380052,2019,General hospital,0
380052,2020,General hospital,0
380052,2021,General hospital,0
380052,2022,General hospital,0
380052,2023,General hospital,0
380052,2024,General hospital,0
380056,2019,General hospital,0
380056,2020,General hospital,0
380056,2021,General hospital,0
380056,2022,General hospital,1
380056,2023,General hospital,0
380056,2024,General hospital,0
380060,2019,General hospital,0
380060,2020,General hospital,0
380060,2021,General hospital,0
380060,2022,General hospital,0
380060,2023,General hospital,0
380060,2024,General hospital,0
380061,2019,General hospital,0
380061,2020,General hospital,0
380061,2021,General hospital,0
380061,2022,General hospital,0
380061,2023,General hospital,0
380061,2024,General hospital,0
380071,2019,General hospital,0
380071,2020,General hospital,0
380071,2021,General hospital,0
380071,2022,General hospital,0
380071,2023,General hospital,0
380071,2024,General hospital,0
380075,2019,General hospital,0
380075,2020,General hospital,0
380075,2021,General hospital,0
380075,2022,General hospital,0
380075,2023,General hospital,0
380075,2024,General hospital,0
380082,2019,General hospital,0
380082,2020,General hospital,0
380082,2021,General hospital,0
380082,2022,General hospital,0
380082,2023,General hospital,0
380082,2024,General hospital,0
380089,2019,General hospital,0
380089,2020,General hospital,0
380089,2021,General hospital,0
380089,2022,General hospital,0
380089,2023,General hospital,0
380089,2024,General hospital,0
380090,2019,General hospital,0
380090,2020,General hospital,0
380090,2021,General hospital,0
380090,2022,General hospital,0
380090,2023,General hospital,0
380090,2024,General hospital,0
380091,2019,General hospital,1
380091,2020,General hospital,0
380091,2021,General hospital,0
380091,2022,General hospital,1
380091,2023,General hospital,0
380091,2024,General hospital,0
380102,2019,General hospital,0
380102,2020,General hospital,0
380102,2021,General hospital,0
380102,2022,General hospital,0
380102,2023,General hospital,0
380102,2024,General hospital,0
380103,2019,General hospital,1
380103,2020,General hospital,0
380103,2021,General hospital,0
380103,2022,General hospital,1
380103,2023,General hospital,0
380103,2024,General hospital,0
381301,2019,Small rural (critical access),0
381301,2020,Small rural (critical access),0
381301,2021,Small rural (critical access),0
381301,2022,Small rural (critical access),0
381301,2023,Small rural (critical access),0
381301,2024,Small rural (critical access),0
381302,2019,Small rural (critical access),0
381302,2020,Small rural (critical access),0
381302,2021,Small rural (critical access),0
381302,2022,Small rural (critical access),0
381302,2023,Small rural (critical access),0
381302,2024,Small rural (critical access),0
381303,2019,Small rural (critical access),0
381303,2020,Small rural (critical access),0
381303,2021,Small rural (critical access),0
381303,2022,Small rural (critical access),0
381303,2023,Small rural (critical access),0
381303,2024,Small rural (critical access),0
381304,2019,Small rural (critical access),0
381304,2020,Small rural (critical access),0
381304,2021,Small rural (critical access),1
381304,2022,Small rural (critical access),1
381304,2023,Small rural (critical access),1
381304,2024,Small rural (critical access),0
381305,2019,Small rural (critical access),0
381305,2020,Small rural (critical access),0
381305,2021,Small rural (critical access),0
381305,2022,Small rural (critical access),0
381305,2023,Small rural (critical access),0
381305,2024,Small rural (critical access),0
381306,2019,Small rural (critical access),0
381306,2020,Small rural (critical access),0
381306,2021,Small rural (critical access),0
381306,2022,Small rural (critical access),0
381306,2023,Small rural (critical access),0
381306,2024,Small rural (critical access),0
381307,2019,Small rural (critical access),0
381307,2020,Small rural (critical access),0
381307,2021,Small rural (critical access),0
381307,2022,Small rural (critical access),0
381307,2023,Small rural (critical access),0
381307,2024,Small rural (critical access),0
381308,2019,Small rural (critical access),1
381308,2020,Small rural (critical access),1
381308,2021,Small rural (critical access),0
381308,2022,Small rural (critical access),0
381308,2023,Small rural (critical access),0
381308,2024,Small rural (critical access),0
381309,2019,Small rural (critical access),0
381309,2020,Small rural (critical access),0
381309,2021,Small rural (critical access),0
381309,2022,Small rural (critical access),0
381309,2023,Small rural (critical access),0
381309,2024,Small rural (critical access),0
381310,2019,Small rural (critical access),0
381310,2020,Small rural (critical access),0
381310,2021,Small rural (critical access),0
381310,2022,Small rural (critical access),0
381310,2023,Small rural (critical access),1
381310,2024,Small rural (critical access),0
381311,2019,Small rural (critical access),0
381311,2020,Small rural (critical access),0
381311,2021,Small rural (critical access),0
381311,2022,Small rural (critical access),0
381311,2023,Small rural (critical access),1
381311,2024,Small rural (critical access),0
381312,2019,Small rural (critical access),0
381312,2020,Small rural (critical access),0
381312,2021,Small rural (critical access),0
381312,2022,Small rural (critical access),0
381312,2023,Small rural (critical access),0
381312,2024,Small rural (critical access),0
381313,2019,Small rural (critical access),0
381313,2020,Small rural (critical access),0
381313,2021,Small rural (critical access),0
381313,2022,Small rural (critical access),0
381313,2023,Small rural (critical access),0
381313,2024,Small rural (critical access),0
381314,2019,Small rural (critical access),0
381314,2020,Small rural (critical access),0
381314,2021,Small rural (critical access),0
381314,2022,Small rural (critical access),0
381314,2023,Small rural (critical access),0
381314,2024,Small rural (critical access),0
381315,2019,Small rural (critical access),0
381315,2020,Small rural (critical access),0
381315,2021,Small rural (critical access),0
381315,2022,Small rural (critical access),0
381315,2023,Small rural (critical access),0
381315,2024,Small rural (critical access),0
381316,2019,Small rural (critical access),0
381316,2020,Small rural (critical access),0
381316,2021,Small rural (critical access),0
381316,2022,Small rural (critical access),0
381316,2023,Small rural (critical access),0
381316,2024,Small rural (critical access),0
381317,2019,Small rural (critical access),0
381317,2020,Small rural (critical access),0
381317,2021,Small rural (critical access),0
381317,2022,Small rural (critical access),0
381317,2023,Small rural (critical access),0
381317,2024,Small rural (critical access),0
381318,2019,Small rural (critical access),0
381318,2020,Small rural (critical access),0
381318,2021,Small rural (critical access),0
381318,2022,Small rural (critical access),0
381318,2023,Small rural (critical access),0
381318,2024,Small rural (critical access),0
381319,2019,Small rural (critical access),0
381319,2020,Small rural (critical access),0
381319,2021,Small rural (critical access),0
381319,2022,Small rural (critical access),1
381319,2023,Small rural (critical access),1
381319,2024,Small rural (critical access),0
381320,2019,Small rural (critical access),0
381320,2020,Small rural (critical access),0
381320,2021,Small rural (critical access),0
381320,2022,Small rural (critical access),0
381320,2023,Small rural (critical access),0
381320,2024,Small rural (critical access),0
381321,2019,Small rural (critical access),0
381321,2020,Small rural (critical access),0
381321,2021,Small rural (critical access),0
381321,2022,Small rural (critical access),0
381321,2023,Small rural (critical access),0
381321,2024,Small rural (critical access),0
381322,2019,Small rural (critical access),0
381322,2020,Small rural (critical access),0
381322,2021,Small rural (critical access),0
381322,2022,Small rural (critical access),0
381322,2023,Small rural (critical access),0
381322,2024,Small rural (critical access),1
381323,2019,Small rural (critical access),0
381323,2020,Small rural (critical access),0
381323,2021,Small rural (critical access),0
381323,2022,Small rural (critical access),0
381323,2023,Small rural (critical access),0
381323,2024,Small rural (critical access),0
381324,2019,Small rural (critical access),0
381324,2020,Small rural (critical access),0
381324,2021,Small rural (critical access),0
381324,2022,Small rural (critical access),0
381324,2023,Small rural (critical access),0
381324,2024,Small rural (critical access),0
381325,2019,Small rural (critical access),0
381325,2020,Small rural (critical access),0
381325,2021,Small rural (critical access),0
381325,2022,Small rural (critical access),0
381325,2023,Small rural (critical access),0
381325,2024,Small rural (critical access),0
390001,2019,General hospital,0
390001,2020,General hospital,0
390001,2021,General hospital,0
390001,2022,General hospital,0
390001,2023,General hospital,0
390001,2024,General hospital,0
390002,2019,General hospital,0
390002,2020,General hospital,0
390002,2021,General hospital,0
390002,2022,General hospital,0
390002,2023,General hospital,0
390002,2024,General hospital,0
390003,2019,General hospital,0
390003,2020,General hospital,0
390003,2021,General hospital,0
390003,2022,General hospital,0
390003,2023,General hospital,0
390003,2024,General hospital,0
390004,2019,General hospital,0
390004,2020,General hospital,0
390004,2021,General hospital,0
390004,2022,General hospital,0
390004,2023,General hospital,0
390004,2024,General hospital,0
390006,2019,General hospital,0
390006,2020,General hospital,0
390006,2021,General hospital,0
390006,2022,General hospital,0
390006,2023,General hospital,0
390006,2024,General hospital,0
390008,2019,General hospital,1
390008,2020,General hospital,1
390009,2019,General hospital,0
390009,2020,General hospital,0
390009,2021,General hospital,0
390009,2022,General hospital,0
390009,2023,General hospital,0
390009,2024,General hospital,0
390012,2019,General hospital,0
390012,2020,General hospital,0
390012,2021,General hospital,1
390012,2022,General hospital,0
390012,2023,General hospital,0
390012,2024,General hospital,0
390013,2019,General hospital,0
390013,2020,General hospital,0
390013,2021,General hospital,0
390013,2022,General hospital,0
390013,2023,General hospital,0
390013,2024,General hospital,0
390016,2019,General hospital,0
390016,2020,General hospital,0
390016,2021,General hospital,0
390016,2022,General hospital,0
390016,2023,General hospital,0
390016,2024,General hospital,0
390019,2019,General hospital,1
390019,2020,General hospital,1
390019,2021,General hospital,1
390025,2019,General hospital,1
390025,2020,General hospital,1
390025,2021,General hospital,1
390025,2022,General hospital,1
390025,2023,General hospital,1
390025,2024,General hospital,1
390026,2019,General hospital,0
390026,2020,General hospital,0
390026,2021,General hospital,0
390026,2022,General hospital,0
390026,2023,General hospital,0
390026,2024,General hospital,0
390027,2019,General hospital,0
390027,2020,General hospital,0
390027,2021,General hospital,0
390027,2022,General hospital,0
390027,2023,General hospital,0
390027,2024,General hospital,0
390028,2019,General hospital,0
390028,2020,General hospital,0
390028,2021,General hospital,0
390028,2022,General hospital,0
390028,2023,General hospital,0
390028,2024,General hospital,0
390030,2019,General hospital,0
390030,2020,General hospital,0
390030,2021,General hospital,0
390030,2022,General hospital,0
390030,2023,General hospital,0
390030,2024,General hospital,0
390032,2019,General hospital,0
390032,2020,General hospital,0
390032,2021,General hospital,0
390032,2022,General hospital,0
390032,2023,General hospital,0
390032,2024,General hospital,0
390035,2019,General hospital,0
390035,2020,General hospital,0
390035,2021,General hospital,0
390035,2022,General hospital,0
390035,2023,General hospital,0
390035,2024,General hospital,0
390036,2019,General hospital,0
390036,2020,General hospital,0
390036,2021,General hospital,0
390036,2022,General hospital,0
390036,2023,General hospital,0
390036,2024,General hospital,0
390037,2019,General hospital,0
390037,2020,General hospital,0
390037,2021,General hospital,0
390037,2022,General hospital,0
390037,2023,General hospital,0
390037,2024,General hospital,0
390039,2019,General hospital,0
390039,2020,General hospital,0
390039,2021,General hospital,0
390039,2022,General hospital,0
390039,2023,General hospital,0
390039,2024,General hospital,0
390041,2019,General hospital,0
390041,2020,General hospital,0
390041,2021,General hospital,0
390041,2022,General hospital,0
390041,2023,General hospital,0
390041,2024,General hospital,0
390042,2019,General hospital,0
390042,2020,General hospital,0
390042,2021,General hospital,0
390042,2022,General hospital,0
390042,2023,General hospital,0
390042,2024,General hospital,0
390044,2019,General hospital,0
390044,2020,General hospital,0
390044,2021,General hospital,0
390044,2022,General hospital,0
390044,2023,General hospital,0
390044,2024,General hospital,0
390045,2019,General hospital,0
390045,2020,General hospital,0
390045,2021,General hospital,0
390045,2022,General hospital,0
390045,2023,General hospital,0
390045,2024,General hospital,0
390046,2019,General hospital,0
390046,2020,General hospital,0
390046,2021,General hospital,0
390046,2022,General hospital,0
390046,2023,General hospital,0
390046,2024,General hospital,0
390048,2019,General hospital,0
390048,2020,General hospital,0
390048,2021,General hospital,0
390048,2022,General hospital,0
390048,2023,General hospital,0
390048,2024,General hospital,0
390049,2019,General hospital,0
390049,2020,General hospital,0
390049,2021,General hospital,0
390049,2022,General hospital,0
390049,2023,General hospital,0
390049,2024,General hospital,0
390050,2019,General hospital,0
390050,2020,General hospital,0
390050,2021,General hospital,0
390050,2022,General hospital,0
390050,2023,General hospital,0
390050,2024,General hospital,0
390052,2019,General hospital,0
390052,2020,General hospital,0
390052,2021,General hospital,0
390056,2019,General hospital,0
390056,2020,General hospital,0
390056,2021,General hospital,0
390056,2022,General hospital,0
390056,2023,General hospital,0
390056,2024,General hospital,0
390057,2019,General hospital,0
390057,2020,General hospital,0
390057,2021,General hospital,0
390057,2022,General hospital,0
390057,2023,General hospital,0
390057,2024,General hospital,0
390058,2019,General hospital,0
390058,2020,General hospital,0
390058,2021,General hospital,0
390058,2022,General hospital,0
390058,2023,General hospital,0
390058,2024,General hospital,0
390061,2019,General hospital,0
390062,2019,General hospital,1
390062,2020,General hospital,1
390062,2021,General hospital,1
390062,2022,General hospital,0
390062,2023,General hospital,0
390062,2024,General hospital,0
390063,2019,General hospital,0
390063,2020,General hospital,0
390063,2021,General hospital,0
390063,2022,General hospital,0
390063,2023,General hospital,0
390063,2024,General hospital,0
390065,2019,General hospital,0
390065,2020,General hospital,0
390065,2021,General hospital,0
390065,2022,General hospital,0
390065,2023,General hospital,0
390065,2024,General hospital,0
390066,2019,General hospital,0
390066,2020,General hospital,0
390066,2021,General hospital,0
390066,2022,General hospital,0
390066,2023,General hospital,0
390066,2024,General hospital,0
390067,2019,General hospital,0
390067,2020,General hospital,0
390067,2021,General hospital,0
390067,2022,General hospital,0
390067,2023,General hospital,0
390067,2024,General hospital,0
390068,2019,General hospital,0
390068,2020,General hospital,0
390068,2021,General hospital,0
390068,2022,General hospital,0
390068,2023,General hospital,0
390068,2024,General hospital,0
390070,2019,General hospital,0
390070,2020,General hospital,0
390070,2021,General hospital,0
390070,2022,General hospital,0
390070,2023,General hospital,0
390070,2024,General hospital,0
390071,2019,General hospital,0
390071,2020,General hospital,0
390071,2021,General hospital,0
390071,2022,General hospital,0
390071,2023,General hospital,0
390072,2019,General hospital,0
390072,2020,General hospital,0
390072,2021,General hospital,1
390072,2022,General hospital,1
390073,2019,General hospital,0
390073,2020,General hospital,0
390073,2021,General hospital,0
390073,2022,General hospital,0
390073,2023,General hospital,0
390073,2024,General hospital,0
390076,2019,General hospital,0
390076,2020,General hospital,0
390076,2021,General hospital,0
390076,2022,General hospital,0
390079,2019,General hospital,0
390079,2020,General hospital,0
390079,2021,General hospital,0
390079,2022,General hospital,0
390079,2023,General hospital,0
390079,2024,General hospital,0
390080,2019,General hospital,0
390080,2020,General hospital,0
390081,2019,General hospital,1
390081,2020,General hospital,1
390081,2021,General hospital,1
390081,2022,General hospital,1
390081,2023,General hospital,0
390081,2024,General hospital,1
390084,2019,General hospital,0
390084,2020,General hospital,0
390086,2019,General hospital,0
390086,2020,General hospital,0
390086,2021,General hospital,0
390086,2022,General hospital,0
390086,2023,General hospital,0
390086,2024,General hospital,0
390090,2019,General hospital,0
390090,2020,General hospital,0
390090,2021,General hospital,0
390090,2022,General hospital,0
390090,2023,General hospital,0
390090,2024,General hospital,0
390091,2019,General hospital,0
390091,2020,General hospital,0
390091,2021,General hospital,0
390091,2022,General hospital,0
390091,2023,General hospital,0
390091,2024,General hospital,0
390093,2019,General hospital,0
390093,2020,General hospital,0
390093,2021,General hospital,0
390093,2022,General hospital,0
390093,2023,General hospital,0
390093,2024,General hospital,0
390096,2019,General hospital,0
390096,2020,General hospital,0
390096,2021,General hospital,0
390096,2022,General hospital,0
390096,2023,General hospital,0
390096,2024,General hospital,0
390097,2019,General hospital,0
390097,2020,General hospital,0
390097,2021,General hospital,1
390097,2022,General hospital,0
390097,2023,General hospital,0
390097,2024,General hospital,0
390100,2019,General hospital,0
390100,2020,General hospital,0
390100,2021,General hospital,0
390100,2022,General hospital,1
390100,2023,General hospital,0
390100,2024,General hospital,0
390101,2019,General hospital,0
390101,2020,General hospital,0
390101,2021,General hospital,0
390101,2022,General hospital,0
390101,2023,General hospital,0
390101,2024,General hospital,0
390102,2019,General hospital,0
390102,2020,General hospital,0
390102,2021,General hospital,0
390102,2022,General hospital,0
390102,2023,General hospital,0
390102,2024,General hospital,0
390104,2019,General hospital,0
390104,2020,General hospital,0
390104,2021,General hospital,0
390104,2022,General hospital,0
390104,2023,General hospital,0
390104,2024,General hospital,0
390107,2019,General hospital,0
390107,2020,General hospital,0
390107,2021,General hospital,0
390107,2022,General hospital,0
390107,2023,General hospital,0
390107,2024,General hospital,0
390110,2019,General hospital,0
390110,2020,General hospital,0
390110,2021,General hospital,0
390110,2022,General hospital,0
390110,2023,General hospital,0
390110,2024,General hospital,0
390111,2019,General hospital,0
390111,2020,General hospital,0
390111,2021,General hospital,0
390111,2022,General hospital,0
390111,2023,General hospital,0
390111,2024,General hospital,0
390112,2019,General hospital,1
390112,2020,General hospital,0
390112,2021,General hospital,0
390112,2022,General hospital,0
390112,2023,General hospital,0
390112,2024,General hospital,0
390113,2019,General hospital,0
390113,2020,General hospital,0
390113,2021,General hospital,0
390113,2022,General hospital,0
390113,2023,General hospital,1
390113,2024,General hospital,0
390114,2019,General hospital,0
390114,2020,General hospital,0
390114,2021,General hospital,0
390114,2022,General hospital,0
390114,2023,General hospital,0
390114,2024,General hospital,0
390115,2019,General hospital,1
390115,2020,General hospital,0
390115,2021,General hospital,1
390115,2022,General hospital,0
390115,2023,General hospital,0
390115,2024,General hospital,0
390116,2019,General hospital,0
390116,2020,General hospital,0
390116,2021,General hospital,0
390116,2022,General hospital,0
390116,2023,General hospital,0
390116,2024,General hospital,0
390117,2019,General hospital,0
390117,2020,General hospital,0
390117,2021,General hospital,0
390117,2022,General hospital,0
390117,2023,General hospital,0
390117,2024,General hospital,0
390119,2019,General hospital,0
390119,2020,General hospital,0
390119,2021,General hospital,0
390119,2022,General hospital,0
390119,2023,General hospital,0
390123,2019,General hospital,0
390123,2020,General hospital,0
390123,2021,General hospital,0
390123,2022,General hospital,0
390123,2023,General hospital,0
390123,2024,General hospital,0
390125,2019,General hospital,0
390125,2020,General hospital,0
390125,2021,General hospital,0
390125,2022,General hospital,0
390125,2023,General hospital,0
390125,2024,General hospital,0
390127,2019,General hospital,0
390127,2020,General hospital,0
390127,2021,General hospital,0
390127,2022,General hospital,0
390127,2023,General hospital,0
390127,2024,General hospital,0
390130,2019,General hospital,0
390130,2020,General hospital,0
390133,2019,General hospital,0
390133,2020,General hospital,0
390133,2021,General hospital,0
390133,2022,General hospital,0
390133,2023,General hospital,0
390133,2024,General hospital,0
390137,2019,General hospital,0
390137,2020,General hospital,0
390137,2021,General hospital,0
390137,2022,General hospital,0
390137,2023,General hospital,0
390137,2024,General hospital,0
390138,2019,General hospital,0
390138,2020,General hospital,0
390138,2021,General hospital,0
390138,2022,General hospital,0
390138,2023,General hospital,0
390138,2024,General hospital,0
390139,2019,General hospital,0
390139,2020,General hospital,0
390139,2021,General hospital,0
390139,2022,General hospital,0
390139,2023,General hospital,0
390139,2024,General hospital,0
390142,2019,General hospital,0
390142,2020,General hospital,0
390142,2021,General hospital,0
390142,2022,General hospital,0
390142,2023,General hospital,0
390142,2024,General hospital,0
390145,2019,General hospital,0
390145,2020,General hospital,0
390145,2021,General hospital,0
390145,2022,General hospital,0
390145,2023,General hospital,0
390145,2024,General hospital,0
390146,2019,General hospital,0
390146,2020,General hospital,0
390146,2021,General hospital,0
390146,2022,General hospital,0
390146,2023,General hospital,0
390146,2024,General hospital,0
390147,2019,General hospital,0
390147,2020,General hospital,0
390147,2021,General hospital,0
390147,2022,General hospital,0
390147,2023,General hospital,0
390147,2024,General hospital,0
390150,2019,General hospital,0
390150,2020,General hospital,0
390150,2021,General hospital,0
390150,2022,General hospital,0
390150,2023,General hospital,0
390150,2024,General hospital,0
390151,2019,General hospital,0
390151,2020,General hospital,0
390151,2021,General hospital,0
390151,2022,General hospital,0
390151,2023,General hospital,0
390151,2024,General hospital,0
390153,2019,General hospital,0
390153,2020,General hospital,0
390153,2021,General hospital,0
390153,2022,General hospital,0
390153,2023,General hospital,0
390153,2024,General hospital,0
390156,2019,General hospital,1
390156,2020,General hospital,0
390156,2021,General hospital,0
390156,2022,General hospital,0
390156,2023,General hospital,0
390156,2024,General hospital,0
390157,2019,General hospital,0
390157,2020,General hospital,0
390157,2021,General hospital,0
390157,2022,General hospital,0
390157,2023,General hospital,0
390157,2024,General hospital,1
390160,2019,General hospital,0
390160,2020,General hospital,0
390160,2021,General hospital,0
390160,2022,General hospital,0
390160,2023,General hospital,0
390160,2024,General hospital,0
390162,2019,General hospital,1
390162,2020,General hospital,1
390162,2021,General hospital,0
390162,2022,General hospital,0
390162,2023,General hospital,0
390162,2024,General hospital,0
390163,2019,General hospital,0
390163,2020,General hospital,0
390163,2021,General hospital,0
390163,2022,General hospital,0
390163,2023,General hospital,0
390163,2024,General hospital,0
390164,2019,General hospital,0
390164,2020,General hospital,0
390164,2021,General hospital,0
390164,2022,General hospital,0
390164,2023,General hospital,0
390164,2024,General hospital,0
390168,2019,General hospital,0
390168,2020,General hospital,0
390168,2021,General hospital,0
390168,2022,General hospital,0
390168,2023,General hospital,0
390168,2024,General hospital,0
390173,2019,General hospital,1
390173,2020,General hospital,1
390173,2021,General hospital,0
390173,2022,General hospital,0
390173,2023,General hospital,0
390173,2024,General hospital,0
390174,2019,General hospital,0
390174,2020,General hospital,0
390174,2021,General hospital,0
390174,2022,General hospital,0
390174,2023,General hospital,0
390174,2024,General hospital,0
390178,2019,General hospital,0
390178,2020,General hospital,0
390178,2021,General hospital,0
390178,2022,General hospital,0
390178,2023,General hospital,0
390178,2024,General hospital,0
390179,2019,General hospital,0
390179,2020,General hospital,0
390179,2021,General hospital,0
390179,2022,General hospital,0
390179,2023,General hospital,0
390179,2024,General hospital,0
390180,2019,General hospital,1
390180,2020,General hospital,1
390180,2021,General hospital,1
390180,2022,General hospital,1
390180,2023,General hospital,0
390180,2024,General hospital,0
390183,2019,General hospital,0
390183,2020,General hospital,0
390183,2021,General hospital,0
390183,2022,General hospital,0
390183,2023,General hospital,0
390183,2024,General hospital,0
390184,2019,General hospital,0
390184,2020,General hospital,0
390184,2021,General hospital,1
390184,2022,General hospital,1
390184,2023,General hospital,1
390184,2024,General hospital,1
390185,2019,General hospital,0
390185,2020,General hospital,0
390185,2021,General hospital,0
390185,2022,General hospital,0
390185,2023,General hospital,0
390185,2024,General hospital,0
390192,2019,General hospital,0
390192,2020,General hospital,0
390192,2021,General hospital,0
390194,2019,General hospital,0
390194,2020,General hospital,0
390194,2021,General hospital,0
390195,2019,General hospital,0
390195,2020,General hospital,0
390195,2021,General hospital,0
390195,2022,General hospital,0
390195,2023,General hospital,0
390195,2024,General hospital,0
390197,2019,General hospital,0
390197,2020,General hospital,0
390198,2019,General hospital,0
390198,2020,General hospital,0
390198,2021,General hospital,1
390198,2022,General hospital,1
390198,2023,General hospital,1
390198,2024,General hospital,0
390199,2019,General hospital,0
390199,2020,General hospital,0
390199,2021,General hospital,0
390199,2022,General hospital,0
390199,2023,General hospital,0
390199,2024,General hospital,0
390201,2019,General hospital,1
390201,2020,General hospital,1
390201,2021,General hospital,0
390201,2022,General hospital,0
390201,2023,General hospital,0
390201,2024,General hospital,0
390203,2019,General hospital,0
390203,2020,General hospital,0
390203,2021,General hospital,0
390203,2022,General hospital,0
390203,2023,General hospital,0
390203,2024,General hospital,0
390204,2019,General hospital,0
390204,2020,General hospital,0
390204,2021,General hospital,0
390204,2022,General hospital,0
390204,2023,General hospital,0
390204,2024,General hospital,0
390211,2019,General hospital,0
390211,2020,General hospital,0
390211,2021,General hospital,0
390211,2022,General hospital,0
390211,2023,General hospital,0
390211,2024,General hospital,0
390217,2019,General hospital,0
390217,2020,General hospital,0
390217,2021,General hospital,0
390217,2022,General hospital,0
390217,2023,General hospital,0
390217,2024,General hospital,0
390219,2019,General hospital,0
390219,2020,General hospital,0
390219,2021,General hospital,0
390219,2022,General hospital,0
390219,2023,General hospital,0
390219,2024,General hospital,0
390220,2019,General hospital,0
390220,2020,General hospital,0
390220,2021,General hospital,0
390222,2019,General hospital,0
390222,2020,General hospital,0
390222,2021,General hospital,0
390222,2022,General hospital,0
390222,2023,General hospital,0
390222,2024,General hospital,0
390223,2019,General hospital,0
390223,2020,General hospital,0
390223,2021,General hospital,0
390223,2022,General hospital,0
390223,2023,General hospital,0
390223,2024,General hospital,0
390225,2019,General hospital,0
390225,2020,General hospital,0
390225,2021,General hospital,0
390225,2022,General hospital,0
390225,2023,General hospital,0
390225,2024,General hospital,0
390226,2019,General hospital,0
390226,2020,General hospital,0
390226,2021,General hospital,0
390226,2022,General hospital,0
390226,2023,General hospital,0
390226,2024,General hospital,0
390228,2019,General hospital,0
390228,2020,General hospital,0
390228,2021,General hospital,0
390228,2022,General hospital,0
390228,2023,General hospital,0
390228,2024,General hospital,0
390231,2019,General hospital,0
390231,2020,General hospital,0
390231,2021,General hospital,1
390231,2022,General hospital,0
390231,2023,General hospital,0
390231,2024,General hospital,0
390233,2019,General hospital,0
390233,2020,General hospital,0
390233,2021,General hospital,0
390233,2022,General hospital,0
390233,2023,General hospital,0
390233,2024,General hospital,0
390236,2019,General hospital,0
390236,2020,General hospital,0
390237,2019,General hospital,0
390237,2020,General hospital,0
390237,2021,General hospital,0
390237,2022,General hospital,0
390237,2023,General hospital,0
390237,2024,General hospital,0
390256,2019,General hospital,0
390256,2020,General hospital,0
390256,2021,General hospital,0
390256,2022,General hospital,0
390256,2023,General hospital,0
390256,2024,General hospital,0
390258,2019,General hospital,0
390258,2020,General hospital,0
390258,2021,General hospital,0
390258,2022,General hospital,0
390258,2023,General hospital,0
390258,2024,General hospital,0
390265,2019,General hospital,0
390265,2020,General hospital,0
390265,2021,General hospital,0
390265,2022,General hospital,0
390265,2023,General hospital,0
390265,2024,General hospital,0
390266,2019,General hospital,1
390266,2020,General hospital,1
390266,2021,General hospital,1
390266,2022,General hospital,0
390266,2023,General hospital,0
390266,2024,General hospital,0
390267,2019,General hospital,0
390267,2020,General hospital,0
390267,2021,General hospital,0
390267,2022,General hospital,0
390267,2023,General hospital,0
390267,2024,General hospital,0
390268,2019,General hospital,0
390268,2020,General hospital,0
390268,2021,General hospital,0
390268,2022,General hospital,0
390268,2023,General hospital,0
390268,2024,General hospital,0
390270,2019,General hospital,0
390270,2020,General hospital,0
390270,2021,General hospital,0
390270,2022,General hospital,0
390270,2023,General hospital,0
390270,2024,General hospital,0
390272,2019,General hospital,0
390272,2020,General hospital,0
390272,2021,General hospital,0
390272,2022,General hospital,0
390272,2023,General hospital,1
390272,2024,General hospital,1
390278,2019,General hospital,1
390278,2020,General hospital,1
390278,2021,General hospital,1
390278,2022,General hospital,1
390278,2023,General hospital,1
390278,2024,General hospital,1
390290,2019,General hospital,0
390290,2020,General hospital,0
390302,2019,General hospital,1
390304,2019,General hospital,0
390304,2020,General hospital,0
390304,2021,General hospital,0
390304,2022,General hospital,0
390304,2023,General hospital,0
390304,2024,General hospital,0
390307,2019,General hospital,0
390307,2020,General hospital,0
390307,2021,General hospital,1
390307,2022,General hospital,0
390307,2023,General hospital,0
390307,2024,General hospital,0
390312,2019,General hospital,1
390312,2020,General hospital,0
390312,2021,General hospital,0
390314,2019,General hospital,1
390314,2020,General hospital,0
390314,2021,General hospital,0
390314,2022,General hospital,0
390316,2019,General hospital,0
390316,2020,General hospital,0
390316,2021,General hospital,0
390316,2022,General hospital,0
390316,2023,General hospital,1
390316,2024,General hospital,0
390321,2019,General hospital,1
390321,2020,General hospital,0
390321,2021,General hospital,0
390321,2022,General hospital,0
390322,2019,General hospital,0
390322,2020,General hospital,0
390322,2021,General hospital,0
390322,2022,General hospital,0
390322,2023,General hospital,0
390322,2024,General hospital,0
390323,2019,General hospital,0
390323,2020,General hospital,0
390323,2021,General hospital,0
390323,2022,General hospital,0
390323,2023,General hospital,0
390323,2024,General hospital,0
390324,2019,General hospital,0
390324,2020,General hospital,0
390324,2021,General hospital,1
390324,2022,General hospital,1
390324,2023,General hospital,1
390324,2024,General hospital,1
390325,2019,General hospital,0
390325,2020,General hospital,0
390325,2021,General hospital,0
390325,2022,General hospital,0
390325,2023,General hospital,0
390325,2024,General hospital,0
390326,2019,General hospital,0
390326,2020,General hospital,0
390326,2021,General hospital,0
390326,2022,General hospital,0
390326,2023,General hospital,0
390326,2024,General hospital,0
390327,2019,General hospital,0
390327,2020,General hospital,0
390327,2021,General hospital,0
390327,2022,General hospital,0
390327,2023,General hospital,0
390327,2024,General hospital,0
390328,2019,General hospital,0
390328,2020,General hospital,0
390328,2021,General hospital,0
390328,2022,General hospital,0
390328,2023,General hospital,0
390328,2024,General hospital,0
390329,2019,General hospital,0
390329,2020,General hospital,0
390329,2021,General hospital,0
390329,2022,General hospital,0
390329,2023,General hospital,0
390329,2024,General hospital,0
390330,2019,General hospital,0
390330,2020,General hospital,0
390330,2021,General hospital,0
390330,2022,General hospital,0
390330,2023,General hospital,0
390330,2024,General hospital,0
390331,2019,General hospital,1
390331,2020,General hospital,1
390331,2021,General hospital,1
390331,2022,General hospital,1
390331,2023,General hospital,1
390331,2024,General hospital,1
390332,2021,General hospital,0
390332,2022,General hospital,0
390332,2023,General hospital,0
390332,2024,General hospital,0
390333,2021,General hospital,1
390333,2022,General hospital,0
390333,2023,General hospital,0
390333,2024,General hospital,0
390334,2022,General hospital,1
390334,2023,General hospital,0
390334,2024,General hospital,0
390335,2022,General hospital,1
390335,2023,General hospital,0
390335,2024,General hospital,0
390336,2022,General hospital,1
390336,2023,General hospital,0
390336,2024,General hospital,0
390337,2023,General hospital,0
390337,2024,General hospital,0
390338,2023,General hospital,1
390338,2024,General hospital,0
390339,2023,General hospital,1
390339,2024,General hospital,0
391300,2019,Small rural (critical access),0
391300,2020,Small rural (critical access),0
391300,2021,Small rural (critical access),0
391300,2022,Small rural (critical access),0
391300,2023,Small rural (critical access),0
391300,2024,Small rural (critical access),0
391301,2019,Small rural (critical access),0
391301,2020,Small rural (critical access),0
391301,2021,Small rural (critical access),0
391301,2022,Small rural (critical access),0
391301,2023,Small rural (critical access),0
391301,2024,Small rural (critical access),0
391302,2019,Small rural (critical access),0
391302,2020,Small rural (critical access),0
391302,2021,Small rural (critical access),0
391302,2022,Small rural (critical access),0
391302,2023,Small rural (critical access),0
391302,2024,Small rural (critical access),0
391303,2019,Small rural (critical access),0
391303,2020,Small rural (critical access),0
391303,2021,Small rural (critical access),0
391303,2022,Small rural (critical access),1
391303,2023,Small rural (critical access),1
391303,2024,Small rural (critical access),0
391304,2019,Small rural (critical access),1
391304,2020,Small rural (critical access),1
391304,2021,Small rural (critical access),1
391304,2022,Small rural (critical access),1
391304,2023,Small rural (critical access),1
391304,2024,Small rural (critical access),1
391305,2019,Small rural (critical access),0
391305,2020,Small rural (critical access),0
391305,2021,Small rural (critical access),0
391305,2022,Small rural (critical access),0
391305,2023,Small rural (critical access),0
391305,2024,Small rural (critical access),0
391306,2019,Small rural (critical access),0
391306,2020,Small rural (critical access),1
391306,2021,Small rural (critical access),1
391306,2022,Small rural (critical access),1
391306,2023,Small rural (critical access),1
391306,2024,Small rural (critical access),1
391307,2019,Small rural (critical access),0
391307,2020,Small rural (critical access),0
391307,2021,Small rural (critical access),0
391307,2022,Small rural (critical access),0
391307,2023,Small rural (critical access),0
391307,2024,Small rural (critical access),0
391308,2019,Small rural (critical access),0
391308,2020,Small rural (critical access),0
391308,2021,Small rural (critical access),1
391308,2022,Small rural (critical access),0
391308,2023,Small rural (critical access),0
391308,2024,Small rural (critical access),0
391309,2019,Small rural (critical access),0
391309,2020,Small rural (critical access),0
391309,2021,Small rural (critical access),0
391309,2022,Small rural (critical access),0
391309,2023,Small rural (critical access),0
391309,2024,Small rural (critical access),0
391312,2019,Small rural (critical access),0
391312,2020,Small rural (critical access),0
391312,2021,Small rural (critical access),0
391312,2022,Small rural (critical access),0
391312,2023,Small rural (critical access),0
391312,2024,Small rural (critical access),0
391313,2019,Small rural (critical access),0
391313,2020,Small rural (critical access),0
391313,2021,Small rural (critical access),0
391313,2022,Small rural (critical access),0
391313,2023,Small rural (critical access),0
391313,2024,Small rural (critical access),0
391314,2019,Small rural (critical access),0
391314,2020,Small rural (critical access),0
391314,2021,Small rural (critical access),0
391314,2022,Small rural (critical access),0
391314,2023,Small rural (critical access),0
391314,2024,Small rural (critical access),0
391315,2019,Small rural (critical access),0
391315,2020,Small rural (critical access),0
391315,2021,Small rural (critical access),0
391315,2022,Small rural (critical access),0
391315,2023,Small rural (critical access),0
391315,2024,Small rural (critical access),0
391316,2019,Small rural (critical access),0
391316,2020,Small rural (critical access),0
391316,2021,Small rural (critical access),0
391316,2022,Small rural (critical access),0
391316,2023,Small rural (critical access),0
391316,2024,Small rural (critical access),0
391317,2021,Small rural (critical access),0
391317,2022,Small rural (critical access),0
391317,2023,Small rural (critical access),0
391317,2024,Small rural (critical access),0
400001,2019,General hospital,0
400001,2020,General hospital,0
400001,2021,General hospital,0
400001,2022,General hospital,1
400001,2023,General hospital,1
400001,2024,General hospital,0
400003,2019,General hospital,0
400003,2020,General hospital,0
400003,2021,General hospital,0
400003,2022,General hospital,0
400003,2023,General hospital,0
400003,2024,General hospital,0
400004,2019,General hospital,1
400004,2020,General hospital,1
400004,2021,General hospital,1
400004,2022,General hospital,1
400004,2023,General hospital,1
400004,2024,General hospital,1
400005,2019,General hospital,0
400005,2020,General hospital,0
400005,2021,General hospital,0
400005,2022,General hospital,0
400005,2023,General hospital,0
400005,2024,General hospital,1
400006,2019,General hospital,0
400006,2020,General hospital,0
400006,2021,General hospital,0
400006,2022,General hospital,0
400006,2023,General hospital,1
400006,2024,General hospital,1
400007,2019,General hospital,1
400007,2020,General hospital,1
400007,2021,General hospital,0
400007,2022,General hospital,0
400007,2023,General hospital,1
400007,2024,General hospital,1
400010,2019,General hospital,1
400010,2020,General hospital,1
400010,2021,General hospital,1
400010,2022,General hospital,1
400010,2023,General hospital,1
400010,2024,General hospital,1
400011,2019,General hospital,0
400011,2020,General hospital,0
400011,2021,General hospital,0
400011,2022,General hospital,1
400011,2023,General hospital,0
400011,2024,General hospital,0
400012,2019,General hospital,1
400012,2020,General hospital,1
400012,2021,General hospital,1
400012,2022,General hospital,1
400012,2023,General hospital,1
400012,2024,General hospital,1
400013,2019,General hospital,0
400013,2020,General hospital,0
400013,2021,General hospital,0
400013,2022,General hospital,0
400013,2023,General hospital,0
400013,2024,General hospital,0
400014,2019,General hospital,0
400014,2020,General hospital,0
400014,2021,General hospital,0
400014,2022,General hospital,0
400014,2023,General hospital,0
400014,2024,General hospital,1
400015,2019,General hospital,1
400015,2020,General hospital,0
400015,2021,General hospital,0
400015,2022,General hospital,0
400015,2023,General hospital,1
400015,2024,General hospital,1
400016,2019,General hospital,0
400016,2020,General hospital,0
400016,2021,General hospital,0
400016,2022,General hospital,0
400016,2023,General hospital,0
400016,2024,General hospital,1
400018,2019,General hospital,0
400018,2020,General hospital,0
400018,2021,General hospital,0
400018,2022,General hospital,0
400018,2023,General hospital,0
400018,2024,General hospital,0
400019,2019,General hospital,0
400019,2020,General hospital,0
400019,2021,General hospital,0
400019,2022,General hospital,0
400019,2023,General hospital,0
400019,2024,General hospital,0
400021,2019,General hospital,1
400021,2020,General hospital,1
400021,2021,General hospital,0
400021,2022,General hospital,0
400021,2023,General hospital,0
400021,2024,General hospital,0
400022,2019,General hospital,0
400022,2020,General hospital,0
400022,2021,General hospital,0
400022,2022,General hospital,0
400022,2023,General hospital,1
400022,2024,General hospital,0
400032,2019,General hospital,1
400032,2020,General hospital,1
400032,2021,General hospital,0
400032,2022,General hospital,0
400032,2023,General hospital,0
400032,2024,General hospital,0
400044,2019,General hospital,0
400044,2020,General hospital,0
400044,2021,General hospital,0
400044,2022,General hospital,0
400044,2023,General hospital,1
400044,2024,General hospital,1
400048,2019,General hospital,0
400048,2020,General hospital,0
400048,2021,General hospital,0
400048,2022,General hospital,0
400048,2023,General hospital,0
400048,2024,General hospital,0
400061,2019,General hospital,1
400061,2020,General hospital,1
400061,2021,General hospital,1
400061,2022,General hospital,1
400061,2023,General hospital,1
400061,2024,General hospital,1
400079,2019,General hospital,0
400079,2020,General hospital,0
400079,2021,General hospital,0
400079,2022,General hospital,0
400079,2023,General hospital,1
400079,2024,General hospital,1
400087,2019,General hospital,0
400087,2020,General hospital,0
400087,2021,General hospital,0
400087,2022,General hospital,0
400087,2023,General hospital,0
400087,2024,General hospital,0
400098,2019,General hospital,0
400098,2020,General hospital,0
400098,2021,General hospital,0
400098,2022,General hospital,0
400098,2023,General hospital,0
400098,2024,General hospital,0
400102,2019,General hospital,0
400102,2020,General hospital,0
400102,2021,General hospital,0
400102,2022,General hospital,0
400102,2023,General hospital,1
400102,2024,General hospital,1
400103,2019,General hospital,0
400103,2020,General hospital,0
400103,2021,General hospital,0
400103,2022,General hospital,0
400103,2023,General hospital,1
400103,2024,General hospital,0
400104,2019,General hospital,0
400104,2020,General hospital,0
400104,2021,General hospital,0
400104,2022,General hospital,0
400104,2023,General hospital,0
400104,2024,General hospital,0
400105,2019,General hospital,1
400105,2020,General hospital,1
400105,2021,General hospital,1
400105,2022,General hospital,1
400105,2023,General hospital,1
400105,2024,General hospital,1
400106,2019,General hospital,0
400106,2020,General hospital,0
400106,2021,General hospital,0
400106,2022,General hospital,0
400106,2023,General hospital,0
400106,2024,General hospital,0
400109,2019,General hospital,1
400109,2020,General hospital,1
400109,2021,General hospital,0
400109,2022,General hospital,0
400109,2023,General hospital,0
400109,2024,General hospital,0
400110,2019,General hospital,0
400110,2020,General hospital,0
400110,2021,General hospital,0
400110,2022,General hospital,0
400110,2023,General hospital,0
400110,2024,General hospital,0
400111,2019,General hospital,0
400111,2020,General hospital,0
400111,2021,General hospital,0
400111,2022,General hospital,1
400111,2023,General hospital,1
400111,2024,General hospital,1
400112,2019,General hospital,1
400112,2020,General hospital,1
400112,2021,General hospital,1
400112,2022,General hospital,1
400112,2023,General hospital,1
400112,2024,General hospital,1
400113,2019,General hospital,0
400113,2020,General hospital,0
400113,2021,General hospital,0
400113,2022,General hospital,0
400113,2023,General hospital,1
400113,2024,General hospital,0
400114,2019,General hospital,0
400114,2020,General hospital,0
400114,2021,General hospital,0
400114,2022,General hospital,0
400114,2023,General hospital,0
400114,2024,General hospital,0
400115,2019,General hospital,0
400115,2020,General hospital,0
400115,2021,General hospital,0
400115,2022,General hospital,0
400115,2023,General hospital,0
400115,2024,General hospital,0
400117,2019,General hospital,0
400117,2020,General hospital,0
400117,2021,General hospital,0
400117,2022,General hospital,0
400117,2023,General hospital,0
400117,2024,General hospital,0
400118,2019,General hospital,0
400118,2020,General hospital,0
400118,2021,General hospital,0
400118,2022,General hospital,0
400118,2023,General hospital,1
400118,2024,General hospital,0
400120,2019,General hospital,1
400120,2020,General hospital,1
400120,2021,General hospital,0
400120,2022,General hospital,0
400120,2023,General hospital,0
400120,2024,General hospital,1
400122,2019,General hospital,0
400122,2020,General hospital,1
400122,2021,General hospital,0
400122,2022,General hospital,0
400122,2023,General hospital,0
400122,2024,General hospital,0
400123,2019,General hospital,0
400123,2020,General hospital,0
400123,2021,General hospital,0
400123,2022,General hospital,0
400123,2023,General hospital,0
400123,2024,General hospital,0
400124,2019,General hospital,1
400124,2020,General hospital,0
400124,2021,General hospital,1
400124,2022,General hospital,1
400124,2023,General hospital,1
400124,2024,General hospital,1
400125,2019,General hospital,1
400125,2020,General hospital,1
400125,2021,General hospital,0
400125,2022,General hospital,0
400125,2023,General hospital,0
400126,2019,General hospital,0
400126,2020,General hospital,0
400126,2021,General hospital,0
400126,2022,General hospital,0
400126,2023,General hospital,0
400126,2024,General hospital,0
400127,2019,General hospital,1
400127,2020,General hospital,1
400127,2021,General hospital,1
400127,2022,General hospital,1
400127,2023,General hospital,1
400127,2024,General hospital,1
400128,2019,General hospital,0
400128,2020,General hospital,0
400128,2021,General hospital,0
400128,2022,General hospital,0
400128,2023,General hospital,0
400128,2024,General hospital,1
400130,2019,General hospital,0
400130,2020,General hospital,0
400130,2021,General hospital,1
400130,2022,General hospital,1
400130,2023,General hospital,1
400130,2024,General hospital,1
400131,2019,General hospital,1
400131,2020,General hospital,1
400131,2021,General hospital,0
400131,2022,General hospital,0
400131,2023,General hospital,1
400131,2024,General hospital,1
400132,2019,General hospital,1
400132,2020,General hospital,1
400132,2021,General hospital,0
400132,2022,General hospital,0
400132,2023,General hospital,1
400132,2024,General hospital,0
400133,2019,General hospital,1
400133,2020,General hospital,1
400133,2021,General hospital,0
400133,2022,General hospital,0
400134,2019,General hospital,1
400134,2020,General hospital,1
400134,2021,General hospital,1
400134,2022,General hospital,1
400134,2023,General hospital,1
400134,2024,General hospital,1
400135,2021,General hospital,1
400135,2022,General hospital,1
400135,2023,General hospital,1
400135,2024,General hospital,1
400136,2022,General hospital,1
400136,2023,General hospital,1
400136,2024,General hospital,1
400137,2024,General hospital,1
400138,2024,General hospital,1
410004,2019,General hospital,0
410004,2020,General hospital,0
410004,2021,General hospital,0
410004,2022,General hospital,0
410004,2023,General hospital,0
410004,2024,General hospital,0
410005,2019,General hospital,0
410005,2020,General hospital,0
410005,2021,General hospital,0
410005,2022,General hospital,0
410005,2023,General hospital,0
410005,2024,General hospital,0
410006,2019,General hospital,0
410006,2020,General hospital,0
410006,2021,General hospital,0
410006,2022,General hospital,0
410006,2023,General hospital,0
410006,2024,General hospital,0
410007,2019,General hospital,0
410007,2020,General hospital,0
410007,2021,General hospital,0
410007,2022,General hospital,0
410007,2023,General hospital,0
410007,2024,General hospital,0
410008,2019,General hospital,0
410008,2020,General hospital,0
410008,2021,General hospital,0
410008,2022,General hospital,0
410008,2023,General hospital,0
410008,2024,General hospital,0
410009,2019,General hospital,0
410009,2020,General hospital,0
410009,2021,General hospital,0
410009,2022,General hospital,0
410009,2023,General hospital,0
410009,2024,General hospital,0
410010,2019,General hospital,0
410010,2020,General hospital,0
410010,2021,General hospital,0
410010,2022,General hospital,0
410010,2023,General hospital,0
410010,2024,General hospital,0
410011,2019,General hospital,0
410011,2020,General hospital,0
410011,2021,General hospital,0
410011,2022,General hospital,0
410011,2023,General hospital,0
410011,2024,General hospital,0
410012,2019,General hospital,0
410012,2020,General hospital,0
410012,2021,General hospital,0
410012,2022,General hospital,0
410012,2023,General hospital,0
410012,2024,General hospital,0
410013,2019,General hospital,0
410013,2020,General hospital,0
410013,2021,General hospital,0
410013,2022,General hospital,0
410013,2023,General hospital,0
410013,2024,General hospital,0
420002,2019,General hospital,0
420002,2020,General hospital,0
420002,2021,General hospital,0
420002,2022,General hospital,0
420002,2023,General hospital,0
420002,2024,General hospital,0
420004,2019,General hospital,0
420004,2020,General hospital,0
420004,2021,General hospital,0
420004,2022,General hospital,0
420004,2023,General hospital,0
420004,2024,General hospital,0
420005,2019,General hospital,0
420005,2020,General hospital,0
420005,2021,General hospital,0
420005,2022,General hospital,0
420005,2023,General hospital,0
420005,2024,General hospital,0
420007,2019,General hospital,0
420007,2020,General hospital,0
420007,2021,General hospital,0
420007,2022,General hospital,0
420007,2023,General hospital,0
420007,2024,General hospital,0
420009,2019,General hospital,0
420009,2020,General hospital,0
420009,2021,General hospital,0
420009,2022,General hospital,0
420009,2023,General hospital,0
420009,2024,General hospital,0
420010,2019,General hospital,0
420010,2020,General hospital,0
420010,2021,General hospital,0
420010,2022,General hospital,0
420010,2023,General hospital,0
420010,2024,General hospital,0
420011,2019,General hospital,0
420011,2020,General hospital,0
420011,2021,General hospital,0
420011,2022,General hospital,0
420011,2023,General hospital,0
420011,2024,General hospital,0
420015,2019,General hospital,0
420015,2020,General hospital,0
420015,2021,General hospital,0
420015,2022,General hospital,0
420015,2023,General hospital,0
420015,2024,General hospital,0
420018,2019,General hospital,0
420018,2020,General hospital,0
420018,2021,General hospital,0
420018,2022,General hospital,0
420018,2023,General hospital,0
420018,2024,General hospital,0
420019,2019,General hospital,0
420019,2020,General hospital,0
420019,2021,General hospital,0
420019,2022,General hospital,0
420019,2023,General hospital,0
420019,2024,General hospital,0
420020,2019,General hospital,1
420020,2020,General hospital,0
420020,2021,General hospital,0
420020,2022,General hospital,0
420020,2023,General hospital,0
420020,2024,General hospital,1
420023,2019,General hospital,0
420023,2020,General hospital,0
420023,2021,General hospital,0
420023,2022,General hospital,0
420023,2023,General hospital,0
420023,2024,General hospital,0
420026,2019,General hospital,0
420026,2020,General hospital,0
420026,2021,General hospital,0
420026,2022,General hospital,0
420026,2023,General hospital,0
420026,2024,General hospital,0
420027,2019,General hospital,0
420027,2020,General hospital,0
420027,2021,General hospital,0
420027,2022,General hospital,0
420027,2023,General hospital,0
420027,2024,General hospital,1
420030,2019,General hospital,0
420030,2020,General hospital,0
420030,2021,General hospital,0
420030,2022,General hospital,0
420030,2023,General hospital,0
420030,2024,General hospital,0
420033,2019,General hospital,0
420033,2020,General hospital,0
420033,2021,General hospital,0
420033,2022,General hospital,0
420033,2023,General hospital,0
420033,2024,General hospital,0
420036,2019,General hospital,0
420036,2020,General hospital,0
420036,2021,General hospital,0
420036,2022,General hospital,0
420036,2023,General hospital,0
420036,2024,General hospital,0
420037,2019,General hospital,0
420037,2020,General hospital,0
420037,2021,General hospital,0
420037,2022,General hospital,0
420037,2023,General hospital,0
420037,2024,General hospital,0
420038,2019,General hospital,0
420038,2020,General hospital,0
420038,2021,General hospital,0
420038,2022,General hospital,0
420038,2023,General hospital,0
420038,2024,General hospital,0
420043,2019,General hospital,0
420043,2020,General hospital,0
420043,2021,General hospital,0
420043,2022,General hospital,0
420043,2023,General hospital,0
420043,2024,General hospital,0
420048,2019,General hospital,0
420048,2020,General hospital,0
420048,2021,General hospital,0
420048,2022,General hospital,0
420048,2023,General hospital,0
420048,2024,General hospital,0
420049,2019,General hospital,1
420049,2020,General hospital,0
420049,2021,General hospital,0
420049,2022,General hospital,0
420049,2023,General hospital,0
420049,2024,General hospital,0
420051,2019,General hospital,0
420051,2020,General hospital,0
420051,2021,General hospital,0
420051,2022,General hospital,0
420051,2023,General hospital,0
420051,2024,General hospital,0
420053,2019,General hospital,0
420053,2020,General hospital,0
420053,2021,General hospital,0
420053,2022,General hospital,0
420053,2023,General hospital,0
420053,2024,General hospital,1
420055,2019,General hospital,0
420055,2020,General hospital,0
420055,2021,General hospital,0
420055,2022,General hospital,0
420055,2023,General hospital,0
420055,2024,General hospital,0
420057,2019,General hospital,0
420057,2020,General hospital,0
420057,2021,General hospital,1
420065,2019,General hospital,0
420065,2020,General hospital,0
420065,2021,General hospital,0
420065,2022,General hospital,0
420065,2023,General hospital,0
420065,2024,General hospital,0
420066,2019,General hospital,1
420066,2020,General hospital,1
420066,2021,General hospital,1
420066,2022,General hospital,1
420066,2023,General hospital,1
420067,2019,General hospital,0
420067,2020,General hospital,0
420067,2021,General hospital,0
420067,2022,General hospital,0
420067,2023,General hospital,0
420067,2024,General hospital,0
420068,2019,General hospital,0
420068,2020,General hospital,0
420068,2021,General hospital,0
420068,2022,General hospital,0
420068,2023,General hospital,0
420070,2019,General hospital,0
420070,2020,General hospital,0
420070,2021,General hospital,0
420070,2022,General hospital,0
420070,2023,General hospital,0
420070,2024,General hospital,0
420071,2019,General hospital,0
420071,2020,General hospital,0
420071,2021,General hospital,0
420071,2022,General hospital,0
420071,2023,General hospital,0
420071,2024,General hospital,0
420072,2019,General hospital,1
420072,2020,General hospital,0
420072,2021,General hospital,0
420072,2022,General hospital,0
420072,2023,General hospital,0
420072,2024,General hospital,1
420073,2019,General hospital,0
420073,2020,General hospital,0
420073,2021,General hospital,0
420073,2022,General hospital,0
420073,2023,General hospital,0
420073,2024,General hospital,0
420078,2019,General hospital,0
420078,2020,General hospital,0
420078,2021,General hospital,0
420078,2022,General hospital,0
420078,2023,General hospital,0
420078,2024,General hospital,0
420079,2019,General hospital,0
420079,2020,General hospital,0
420079,2021,General hospital,0
420079,2022,General hospital,0
420079,2023,General hospital,0
420079,2024,General hospital,0
420080,2019,General hospital,0
420080,2020,General hospital,0
420080,2021,General hospital,0
420080,2022,General hospital,0
420080,2023,General hospital,0
420080,2024,General hospital,0
420082,2019,General hospital,0
420082,2020,General hospital,0
420082,2021,General hospital,0
420082,2022,General hospital,0
420082,2023,General hospital,0
420082,2024,General hospital,0
420083,2019,General hospital,0
420085,2019,General hospital,0
420085,2020,General hospital,0
420085,2021,General hospital,0
420085,2022,General hospital,0
420085,2023,General hospital,0
420085,2024,General hospital,0
420086,2019,General hospital,0
420086,2020,General hospital,0
420086,2021,General hospital,0
420086,2022,General hospital,0
420086,2023,General hospital,0
420086,2024,General hospital,0
420087,2019,General hospital,0
420087,2020,General hospital,0
420087,2021,General hospital,0
420087,2022,General hospital,0
420087,2023,General hospital,0
420087,2024,General hospital,0
420089,2019,General hospital,0
420089,2020,General hospital,0
420089,2021,General hospital,0
420089,2022,General hospital,0
420089,2023,General hospital,0
420089,2024,General hospital,0
420091,2019,General hospital,0
420091,2020,General hospital,0
420091,2021,General hospital,0
420091,2022,General hospital,0
420091,2023,General hospital,0
420091,2024,General hospital,0
420098,2019,General hospital,0
420098,2020,General hospital,0
420098,2021,General hospital,0
420098,2022,General hospital,0
420098,2023,General hospital,0
420098,2024,General hospital,1
420101,2019,General hospital,0
420101,2020,General hospital,0
420101,2021,General hospital,0
420101,2022,General hospital,0
420101,2023,General hospital,0
420101,2024,General hospital,0
420102,2019,General hospital,0
420102,2020,General hospital,0
420102,2021,General hospital,0
420102,2022,General hospital,0
420102,2023,General hospital,0
420102,2024,General hospital,0
420103,2019,General hospital,0
420103,2020,General hospital,0
420103,2021,General hospital,0
420103,2022,General hospital,0
420103,2023,General hospital,0
420103,2024,General hospital,0
420104,2019,General hospital,0
420104,2020,General hospital,0
420104,2021,General hospital,0
420104,2022,General hospital,0
420104,2023,General hospital,0
420104,2024,General hospital,0
420105,2019,General hospital,0
420105,2020,General hospital,0
420105,2021,General hospital,0
420105,2022,General hospital,0
420105,2023,General hospital,0
420105,2024,General hospital,0
420106,2019,General hospital,0
420106,2020,General hospital,0
420106,2021,General hospital,0
420106,2022,General hospital,0
420106,2023,General hospital,0
420106,2024,General hospital,0
420107,2019,General hospital,0
420107,2020,General hospital,0
420107,2021,General hospital,0
420107,2022,General hospital,0
420107,2023,General hospital,0
420107,2024,General hospital,0
420108,2019,General hospital,0
420108,2020,General hospital,0
420108,2021,General hospital,0
420108,2022,General hospital,0
420108,2023,General hospital,0
420108,2024,General hospital,0
420109,2019,General hospital,0
420109,2020,General hospital,0
420109,2021,General hospital,0
420109,2022,General hospital,0
420109,2023,General hospital,0
420109,2024,General hospital,0
420110,2021,General hospital,0
420110,2022,General hospital,0
420110,2023,General hospital,0
420110,2024,General hospital,0
421300,2019,Small rural (critical access),0
421300,2020,Small rural (critical access),0
421300,2021,Small rural (critical access),1
421300,2022,Small rural (critical access),1
421300,2023,Small rural (critical access),1
421300,2024,Small rural (critical access),1
421301,2019,Small rural (critical access),0
421301,2020,Small rural (critical access),0
421301,2021,Small rural (critical access),1
421301,2022,Small rural (critical access),1
421301,2023,Small rural (critical access),0
421301,2024,Small rural (critical access),0
421302,2019,Small rural (critical access),1
421303,2019,Small rural (critical access),0
421303,2020,Small rural (critical access),0
421303,2021,Small rural (critical access),1
421303,2022,Small rural (critical access),1
421303,2023,Small rural (critical access),1
421304,2019,Small rural (critical access),0
421304,2020,Small rural (critical access),1
421304,2021,Small rural (critical access),0
421304,2022,Small rural (critical access),0
421304,2023,Small rural (critical access),1
421304,2024,Small rural (critical access),1
430005,2019,General hospital,1
430005,2020,General hospital,0
430005,2021,General hospital,1
430005,2022,General hospital,0
430005,2023,General hospital,0
430005,2024,General hospital,0
430008,2019,General hospital,0
430008,2020,General hospital,0
430008,2021,General hospital,0
430008,2022,General hospital,0
430008,2023,General hospital,0
430008,2024,General hospital,0
430012,2019,General hospital,0
430012,2020,General hospital,0
430012,2021,General hospital,0
430012,2022,General hospital,0
430012,2023,General hospital,0
430012,2024,General hospital,0
430013,2019,General hospital,0
430013,2020,General hospital,0
430013,2021,General hospital,0
430013,2022,General hospital,0
430014,2019,General hospital,0
430014,2020,General hospital,0
430014,2021,General hospital,0
430014,2022,General hospital,0
430014,2023,General hospital,0
430014,2024,General hospital,0
430015,2019,General hospital,0
430015,2020,General hospital,0
430015,2021,General hospital,0
430015,2022,General hospital,0
430015,2023,General hospital,0
430015,2024,General hospital,0
430016,2019,General hospital,0
430016,2020,General hospital,0
430016,2021,General hospital,0
430016,2022,General hospital,0
430016,2023,General hospital,0
430016,2024,General hospital,0
430027,2019,General hospital,0
430027,2020,General hospital,0
430027,2021,General hospital,0
430027,2022,General hospital,0
430027,2023,General hospital,0
430027,2024,General hospital,0
430048,2019,General hospital,0
430048,2020,General hospital,0
430048,2021,General hospital,0
430048,2022,General hospital,0
430048,2023,General hospital,0
430048,2024,General hospital,0
430077,2019,General hospital,0
430077,2020,General hospital,0
430077,2021,General hospital,0
430077,2022,General hospital,0
430077,2023,General hospital,0
430077,2024,General hospital,0
430082,2019,General hospital,1
430083,2019,General hospital,1
430083,2020,General hospital,0
430083,2021,General hospital,1
430083,2022,General hospital,0
430084,2019,General hospital,1
430084,2020,General hospital,1
430084,2021,General hospital,1
430084,2022,General hospital,1
430084,2023,General hospital,0
430084,2024,General hospital,0
430089,2019,General hospital,1
430089,2020,General hospital,0
430089,2021,General hospital,0
430089,2022,General hospital,0
430089,2023,General hospital,0
430089,2024,General hospital,0
430090,2019,General hospital,0
430090,2020,General hospital,0
430090,2021,General hospital,0
430090,2022,General hospital,0
430090,2023,General hospital,0
430090,2024,General hospital,0
430091,2019,General hospital,0
430091,2020,General hospital,0
430091,2021,General hospital,0
430091,2022,General hospital,0
430091,2023,General hospital,0
430091,2024,General hospital,0
430093,2019,General hospital,1
430093,2020,General hospital,0
430093,2021,General hospital,1
430093,2022,General hospital,0
430093,2023,General hospital,0
430093,2024,General hospital,0
430095,2019,General hospital,0
430095,2020,General hospital,0
430095,2021,General hospital,0
430095,2022,General hospital,0
430095,2023,General hospital,0
430095,2024,General hospital,0
430097,2019,General hospital,0
430097,2020,General hospital,0
430097,2021,General hospital,0
430097,2022,General hospital,0
430097,2023,General hospital,0
430097,2024,General hospital,0
430098,2022,General hospital,0
430098,2023,General hospital,1
430098,2024,General hospital,1
431300,2019,Small rural (critical access),0
431300,2020,Small rural (critical access),0
431300,2021,Small rural (critical access),0
431300,2022,Small rural (critical access),0
431300,2023,Small rural (critical access),0
431300,2024,Small rural (critical access),0
431301,2019,Small rural (critical access),0
431301,2020,Small rural (critical access),0
431301,2021,Small rural (critical access),0
431301,2022,Small rural (critical access),0
431301,2023,Small rural (critical access),0
431301,2024,Small rural (critical access),0
431302,2019,Small rural (critical access),0
431302,2020,Small rural (critical access),0
431302,2021,Small rural (critical access),0
431302,2022,Small rural (critical access),0
431302,2023,Small rural (critical access),0
431302,2024,Small rural (critical access),0
431305,2019,Small rural (critical access),0
431305,2020,Small rural (critical access),0
431305,2021,Small rural (critical access),0
431305,2022,Small rural (critical access),0
431305,2023,Small rural (critical access),0
431305,2024,Small rural (critical access),0
431306,2019,Small rural (critical access),0
431306,2020,Small rural (critical access),0
431306,2021,Small rural (critical access),0
431306,2022,Small rural (critical access),0
431306,2023,Small rural (critical access),0
431306,2024,Small rural (critical access),0
431307,2019,Small rural (critical access),0
431307,2020,Small rural (critical access),0
431307,2021,Small rural (critical access),0
431307,2022,Small rural (critical access),0
431307,2023,Small rural (critical access),0
431307,2024,Small rural (critical access),0
431308,2019,Small rural (critical access),1
431308,2020,Small rural (critical access),1
431308,2021,Small rural (critical access),1
431308,2022,Small rural (critical access),1
431308,2023,Small rural (critical access),1
431308,2024,Small rural (critical access),0
431309,2019,Small rural (critical access),0
431309,2020,Small rural (critical access),0
431309,2021,Small rural (critical access),0
431309,2022,Small rural (critical access),0
431309,2023,Small rural (critical access),0
431309,2024,Small rural (critical access),0
431310,2019,Small rural (critical access),0
431310,2020,Small rural (critical access),0
431310,2021,Small rural (critical access),0
431310,2022,Small rural (critical access),0
431310,2023,Small rural (critical access),0
431310,2024,Small rural (critical access),0
431311,2019,Small rural (critical access),0
431311,2020,Small rural (critical access),0
431311,2021,Small rural (critical access),0
431311,2022,Small rural (critical access),0
431311,2023,Small rural (critical access),0
431311,2024,Small rural (critical access),0
431312,2019,Small rural (critical access),0
431312,2020,Small rural (critical access),0
431312,2021,Small rural (critical access),0
431312,2022,Small rural (critical access),0
431312,2023,Small rural (critical access),0
431312,2024,Small rural (critical access),0
431313,2019,Small rural (critical access),1
431313,2020,Small rural (critical access),1
431313,2021,Small rural (critical access),0
431313,2022,Small rural (critical access),0
431313,2023,Small rural (critical access),0
431313,2024,Small rural (critical access),0
431314,2019,Small rural (critical access),1
431314,2020,Small rural (critical access),1
431314,2021,Small rural (critical access),0
431314,2022,Small rural (critical access),0
431314,2023,Small rural (critical access),1
431314,2024,Small rural (critical access),0
431315,2019,Small rural (critical access),0
431315,2020,Small rural (critical access),0
431315,2021,Small rural (critical access),0
431315,2022,Small rural (critical access),0
431315,2023,Small rural (critical access),0
431315,2024,Small rural (critical access),0
431316,2019,Small rural (critical access),0
431316,2020,Small rural (critical access),0
431316,2021,Small rural (critical access),0
431316,2022,Small rural (critical access),0
431316,2023,Small rural (critical access),0
431316,2024,Small rural (critical access),0
431317,2019,Small rural (critical access),0
431317,2020,Small rural (critical access),0
431317,2021,Small rural (critical access),0
431317,2022,Small rural (critical access),0
431317,2023,Small rural (critical access),0
431317,2024,Small rural (critical access),0
431318,2019,Small rural (critical access),0
431318,2020,Small rural (critical access),0
431318,2021,Small rural (critical access),0
431318,2022,Small rural (critical access),0
431318,2023,Small rural (critical access),0
431318,2024,Small rural (critical access),0
431319,2019,Small rural (critical access),1
431319,2020,Small rural (critical access),1
431319,2021,Small rural (critical access),0
431319,2022,Small rural (critical access),0
431319,2023,Small rural (critical access),0
431319,2024,Small rural (critical access),0
431320,2019,Small rural (critical access),0
431320,2020,Small rural (critical access),0
431320,2021,Small rural (critical access),0
431320,2022,Small rural (critical access),0
431320,2023,Small rural (critical access),0
431320,2024,Small rural (critical access),0
431321,2019,Small rural (critical access),0
431321,2020,Small rural (critical access),0
431321,2021,Small rural (critical access),0
431321,2022,Small rural (critical access),0
431321,2023,Small rural (critical access),0
431321,2024,Small rural (critical access),0
431322,2019,Small rural (critical access),1
431322,2020,Small rural (critical access),1
431322,2021,Small rural (critical access),0
431322,2022,Small rural (critical access),0
431322,2023,Small rural (critical access),0
431322,2024,Small rural (critical access),0
431323,2019,Small rural (critical access),0
431323,2020,Small rural (critical access),0
431323,2021,Small rural (critical access),0
431323,2022,Small rural (critical access),0
431323,2023,Small rural (critical access),0
431323,2024,Small rural (critical access),0
431324,2019,Small rural (critical access),0
431324,2020,Small rural (critical access),0
431324,2021,Small rural (critical access),0
431324,2022,Small rural (critical access),0
431324,2023,Small rural (critical access),0
431324,2024,Small rural (critical access),0
431325,2019,Small rural (critical access),0
431325,2020,Small rural (critical access),0
431325,2021,Small rural (critical access),0
431325,2022,Small rural (critical access),0
431325,2023,Small rural (critical access),0
431325,2024,Small rural (critical access),0
431326,2019,Small rural (critical access),0
431326,2020,Small rural (critical access),0
431326,2021,Small rural (critical access),0
431326,2022,Small rural (critical access),0
431326,2023,Small rural (critical access),0
431326,2024,Small rural (critical access),0
431327,2019,Small rural (critical access),0
431327,2020,Small rural (critical access),0
431327,2021,Small rural (critical access),0
431327,2022,Small rural (critical access),0
431327,2023,Small rural (critical access),0
431327,2024,Small rural (critical access),0
431328,2019,Small rural (critical access),0
431328,2020,Small rural (critical access),0
431328,2021,Small rural (critical access),0
431328,2022,Small rural (critical access),0
431328,2023,Small rural (critical access),0
431328,2024,Small rural (critical access),0
431329,2019,Small rural (critical access),0
431329,2020,Small rural (critical access),0
431329,2021,Small rural (critical access),0
431329,2022,Small rural (critical access),0
431329,2023,Small rural (critical access),0
431329,2024,Small rural (critical access),0
431330,2019,Small rural (critical access),0
431330,2020,Small rural (critical access),0
431330,2021,Small rural (critical access),0
431330,2022,Small rural (critical access),0
431330,2023,Small rural (critical access),0
431330,2024,Small rural (critical access),0
431331,2019,Small rural (critical access),0
431331,2020,Small rural (critical access),0
431331,2021,Small rural (critical access),0
431331,2022,Small rural (critical access),0
431331,2023,Small rural (critical access),0
431331,2024,Small rural (critical access),0
431332,2019,Small rural (critical access),0
431332,2020,Small rural (critical access),0
431332,2021,Small rural (critical access),0
431332,2022,Small rural (critical access),0
431332,2023,Small rural (critical access),0
431332,2024,Small rural (critical access),0
431333,2019,Small rural (critical access),0
431333,2020,Small rural (critical access),0
431333,2021,Small rural (critical access),0
431333,2022,Small rural (critical access),0
431333,2023,Small rural (critical access),0
431333,2024,Small rural (critical access),0
431334,2019,Small rural (critical access),0
431334,2020,Small rural (critical access),0
431334,2021,Small rural (critical access),0
431334,2022,Small rural (critical access),0
431334,2023,Small rural (critical access),0
431334,2024,Small rural (critical access),1
431335,2019,Small rural (critical access),0
431335,2020,Small rural (critical access),0
431335,2021,Small rural (critical access),1
431335,2022,Small rural (critical access),0
431335,2023,Small rural (critical access),1
431335,2024,Small rural (critical access),0
431336,2019,Small rural (critical access),0
431336,2020,Small rural (critical access),0
431336,2021,Small rural (critical access),0
431336,2022,Small rural (critical access),0
431336,2023,Small rural (critical access),0
431336,2024,Small rural (critical access),0
431337,2019,Small rural (critical access),0
431337,2020,Small rural (critical access),0
431337,2021,Small rural (critical access),0
431337,2022,Small rural (critical access),0
431337,2023,Small rural (critical access),0
431337,2024,Small rural (critical access),0
431338,2019,Small rural (critical access),0
431338,2020,Small rural (critical access),0
431338,2021,Small rural (critical access),0
431338,2022,Small rural (critical access),0
431338,2023,Small rural (critical access),0
431338,2024,Small rural (critical access),0
431339,2019,Small rural (critical access),1
431339,2020,Small rural (critical access),0
431339,2021,Small rural (critical access),0
431339,2022,Small rural (critical access),0
431339,2023,Small rural (critical access),0
431339,2024,Small rural (critical access),0
431340,2024,Small rural (critical access),0
431383,2023,Small rural (critical access),0
431383,2024,Small rural (critical access),1
440001,2019,General hospital,0
440001,2020,General hospital,0
440001,2021,General hospital,0
440001,2022,General hospital,0
440001,2023,General hospital,0
440001,2024,General hospital,0
440002,2019,General hospital,0
440002,2020,General hospital,0
440002,2021,General hospital,0
440002,2022,General hospital,0
440002,2023,General hospital,0
440002,2024,General hospital,0
440003,2019,General hospital,0
440003,2020,General hospital,0
440003,2021,General hospital,0
440003,2022,General hospital,0
440003,2023,General hospital,0
440003,2024,General hospital,0
440006,2019,General hospital,0
440006,2020,General hospital,0
440006,2021,General hospital,0
440006,2022,General hospital,0
440006,2023,General hospital,0
440006,2024,General hospital,0
440007,2019,General hospital,0
440007,2020,General hospital,0
440007,2021,General hospital,0
440007,2022,General hospital,0
440007,2023,General hospital,0
440007,2024,General hospital,0
440008,2019,General hospital,0
440008,2020,General hospital,0
440008,2021,General hospital,1
440008,2022,General hospital,0
440008,2023,General hospital,1
440008,2024,General hospital,1
440009,2019,General hospital,0
440009,2020,General hospital,0
440009,2021,General hospital,0
440009,2022,General hospital,0
440009,2023,General hospital,0
440009,2024,General hospital,0
440010,2019,General hospital,1
440010,2020,General hospital,1
440010,2021,General hospital,0
440010,2022,General hospital,0
440010,2023,General hospital,0
440010,2024,General hospital,0
440011,2019,General hospital,1
440011,2020,General hospital,1
440011,2021,General hospital,0
440011,2022,General hospital,1
440011,2023,General hospital,0
440011,2024,General hospital,0
440012,2019,General hospital,0
440012,2020,General hospital,0
440012,2021,General hospital,0
440012,2022,General hospital,0
440012,2023,General hospital,0
440012,2024,General hospital,0
440015,2019,General hospital,0
440015,2020,General hospital,0
440015,2021,General hospital,0
440015,2022,General hospital,0
440015,2023,General hospital,0
440015,2024,General hospital,0
440016,2019,General hospital,0
440016,2020,General hospital,0
440016,2021,General hospital,0
440016,2022,General hospital,0
440016,2023,General hospital,0
440016,2024,General hospital,0
440017,2019,General hospital,0
440017,2020,General hospital,0
440017,2021,General hospital,0
440017,2022,General hospital,0
440017,2023,General hospital,0
440017,2024,General hospital,0
440018,2019,General hospital,0
440018,2020,General hospital,0
440018,2021,General hospital,0
440018,2022,General hospital,0
440018,2023,General hospital,0
440018,2024,General hospital,0
440020,2019,General hospital,0
440020,2020,General hospital,0
440020,2021,General hospital,0
440020,2022,General hospital,0
440020,2023,General hospital,0
440020,2024,General hospital,0
440025,2019,General hospital,0
440029,2019,General hospital,0
440029,2020,General hospital,0
440029,2021,General hospital,0
440029,2022,General hospital,0
440029,2023,General hospital,0
440029,2024,General hospital,0
440030,2019,General hospital,0
440030,2020,General hospital,0
440030,2021,General hospital,0
440030,2022,General hospital,0
440030,2023,General hospital,0
440030,2024,General hospital,0
440031,2019,General hospital,0
440031,2020,General hospital,0
440031,2021,General hospital,0
440031,2022,General hospital,0
440031,2023,General hospital,0
440031,2024,General hospital,0
440032,2019,General hospital,0
440032,2020,General hospital,0
440032,2021,General hospital,0
440032,2022,General hospital,0
440032,2023,General hospital,0
440032,2024,General hospital,0
440033,2019,General hospital,0
440033,2020,General hospital,0
440033,2021,General hospital,1
440033,2022,General hospital,0
440033,2023,General hospital,0
440033,2024,General hospital,0
440034,2019,General hospital,0
440034,2020,General hospital,0
440034,2021,General hospital,0
440034,2022,General hospital,0
440034,2023,General hospital,0
440034,2024,General hospital,0
440035,2019,General hospital,0
440035,2020,General hospital,0
440035,2021,General hospital,0
440035,2022,General hospital,0
440035,2023,General hospital,0
440035,2024,General hospital,0
440039,2019,General hospital,0
440039,2020,General hospital,0
440039,2021,General hospital,0
440039,2022,General hospital,0
440039,2023,General hospital,0
440039,2024,General hospital,0
440040,2019,General hospital,0
440040,2020,General hospital,0
440040,2021,General hospital,0
440040,2022,General hospital,1
440040,2023,General hospital,1
440046,2019,General hospital,0
440046,2020,General hospital,0
440046,2021,General hospital,0
440046,2022,General hospital,0
440046,2023,General hospital,0
440046,2024,General hospital,0
440048,2019,General hospital,0
440048,2020,General hospital,0
440048,2021,General hospital,0
440048,2022,General hospital,0
440048,2023,General hospital,0
440048,2024,General hospital,0
440049,2019,General hospital,0
440049,2020,General hospital,0
440049,2021,General hospital,0
440049,2022,General hospital,0
440049,2023,General hospital,0
440049,2024,General hospital,0
440050,2019,General hospital,0
440050,2020,General hospital,0
440050,2021,General hospital,0
440050,2022,General hospital,0
440050,2023,General hospital,0
440050,2024,General hospital,0
440053,2019,General hospital,0
440053,2020,General hospital,0
440053,2021,General hospital,0
440053,2022,General hospital,0
440053,2023,General hospital,0
440053,2024,General hospital,0
440056,2019,General hospital,0
440056,2020,General hospital,0
440056,2021,General hospital,1
440056,2022,General hospital,0
440056,2023,General hospital,0
440056,2024,General hospital,0
440057,2019,General hospital,0
440057,2020,General hospital,0
440057,2021,General hospital,0
440057,2022,General hospital,0
440057,2023,General hospital,0
440057,2024,General hospital,0
440058,2019,General hospital,0
440058,2020,General hospital,0
440058,2021,General hospital,0
440058,2022,General hospital,0
440058,2023,General hospital,0
440058,2024,General hospital,0
440059,2019,General hospital,0
440059,2020,General hospital,0
440059,2021,General hospital,0
440059,2022,General hospital,0
440059,2023,General hospital,0
440059,2024,General hospital,0
440060,2019,General hospital,0
440060,2020,General hospital,0
440060,2021,General hospital,0
440060,2022,General hospital,0
440060,2023,General hospital,0
440060,2024,General hospital,0
440061,2019,General hospital,0
440061,2020,General hospital,0
440061,2021,General hospital,0
440061,2022,General hospital,0
440061,2023,General hospital,0
440061,2024,General hospital,0
440063,2019,General hospital,0
440063,2020,General hospital,0
440063,2021,General hospital,0
440063,2022,General hospital,0
440063,2023,General hospital,0
440063,2024,General hospital,0
440065,2019,General hospital,1
440065,2020,General hospital,1
440065,2021,General hospital,1
440065,2022,General hospital,1
440065,2023,General hospital,1
440065,2024,General hospital,0
440067,2019,General hospital,1
440068,2019,General hospital,0
440068,2020,General hospital,0
440068,2021,General hospital,0
440068,2022,General hospital,0
440068,2023,General hospital,0
440068,2024,General hospital,0
440070,2019,General hospital,1
440070,2020,General hospital,1
440072,2019,General hospital,0
440072,2020,General hospital,0
440072,2021,General hospital,0
440072,2022,General hospital,0
440072,2023,General hospital,0
440072,2024,General hospital,0
440073,2019,General hospital,1
440073,2020,General hospital,1
440073,2021,General hospital,0
440073,2022,General hospital,0
440073,2023,General hospital,0
440073,2024,General hospital,0
440081,2019,General hospital,0
440081,2020,General hospital,0
440081,2021,General hospital,0
440081,2022,General hospital,0
440081,2023,General hospital,0
440081,2024,General hospital,0
440082,2019,General hospital,1
440082,2020,General hospital,0
440082,2021,General hospital,0
440082,2022,General hospital,0
440082,2023,General hospital,0
440082,2024,General hospital,0
440083,2019,General hospital,0
440084,2019,General hospital,0
440084,2020,General hospital,0
440084,2021,General hospital,0
440084,2022,General hospital,0
440084,2023,General hospital,1
440084,2024,General hospital,1
440091,2019,General hospital,1
440091,2020,General hospital,1
440091,2021,General hospital,0
440091,2022,General hospital,0
440091,2023,General hospital,1
440091,2024,General hospital,0
440102,2019,General hospital,0
440102,2020,General hospital,0
440102,2021,General hospital,1
440102,2022,General hospital,0
440102,2023,General hospital,1
440102,2024,General hospital,0
440104,2019,General hospital,0
440104,2020,General hospital,0
440104,2021,General hospital,0
440104,2022,General hospital,0
440104,2023,General hospital,0
440104,2024,General hospital,0
440109,2019,General hospital,0
440109,2020,General hospital,0
440109,2021,General hospital,1
440109,2022,General hospital,1
440109,2023,General hospital,0
440109,2024,General hospital,0
440110,2019,General hospital,0
440110,2020,General hospital,0
440110,2021,General hospital,0
440110,2022,General hospital,0
440110,2023,General hospital,0
440110,2024,General hospital,0
440111,2019,General hospital,0
440111,2020,General hospital,0
440111,2021,General hospital,0
440111,2022,General hospital,1
440111,2023,General hospital,1
440111,2024,General hospital,1
440120,2019,General hospital,0
440120,2020,General hospital,0
440120,2021,General hospital,1
440120,2022,General hospital,0
440120,2023,General hospital,0
440120,2024,General hospital,0
440125,2019,General hospital,0
440125,2020,General hospital,0
440125,2021,General hospital,0
440125,2022,General hospital,0
440125,2023,General hospital,0
440125,2024,General hospital,0
440130,2019,General hospital,0
440130,2020,General hospital,0
440130,2021,General hospital,0
440130,2022,General hospital,0
440130,2023,General hospital,0
440130,2024,General hospital,0
440131,2019,General hospital,1
440131,2020,General hospital,0
440131,2021,General hospital,0
440131,2022,General hospital,0
440131,2023,General hospital,0
440131,2024,General hospital,0
440132,2019,General hospital,0
440132,2020,General hospital,0
440132,2021,General hospital,0
440132,2022,General hospital,0
440132,2023,General hospital,0
440132,2024,General hospital,0
440133,2019,General hospital,0
440133,2020,General hospital,0
440137,2019,General hospital,0
440137,2020,General hospital,0
440137,2021,General hospital,1
440137,2022,General hospital,0
440137,2023,General hospital,0
440137,2024,General hospital,0
440144,2019,General hospital,0
440144,2020,General hospital,0
440144,2021,General hospital,1
440144,2022,General hospital,0
440144,2023,General hospital,0
440144,2024,General hospital,0
440148,2019,General hospital,0
440148,2020,General hospital,0
440148,2021,General hospital,0
440148,2022,General hospital,0
440148,2023,General hospital,0
440148,2024,General hospital,0
440150,2019,General hospital,0
440150,2020,General hospital,0
440150,2021,General hospital,0
440150,2022,General hospital,0
440150,2023,General hospital,0
440150,2024,General hospital,0
440151,2019,General hospital,0
440151,2020,General hospital,0
440151,2021,General hospital,0
440151,2022,General hospital,0
440151,2023,General hospital,0
440151,2024,General hospital,0
440152,2019,General hospital,1
440152,2020,General hospital,1
440152,2021,General hospital,0
440152,2022,General hospital,1
440152,2023,General hospital,0
440152,2024,General hospital,0
440153,2019,General hospital,0
440153,2020,General hospital,0
440153,2021,General hospital,1
440153,2022,General hospital,0
440153,2023,General hospital,0
440153,2024,General hospital,0
440156,2019,General hospital,0
440156,2020,General hospital,0
440156,2021,General hospital,0
440156,2022,General hospital,0
440156,2023,General hospital,0
440156,2024,General hospital,0
440159,2019,General hospital,0
440159,2020,General hospital,0
440159,2021,General hospital,1
440159,2022,General hospital,1
440159,2023,General hospital,1
440159,2024,General hospital,1
440161,2019,General hospital,0
440161,2020,General hospital,0
440161,2021,General hospital,0
440161,2022,General hospital,0
440161,2023,General hospital,0
440161,2024,General hospital,0
440173,2019,General hospital,0
440173,2020,General hospital,0
440173,2021,General hospital,0
440173,2022,General hospital,0
440173,2023,General hospital,0
440173,2024,General hospital,0
440175,2019,General hospital,0
440175,2020,General hospital,0
440175,2021,General hospital,0
440175,2022,General hospital,0
440175,2023,General hospital,0
440175,2024,General hospital,0
440176,2019,General hospital,0
440176,2020,General hospital,0
440176,2021,General hospital,0
440176,2022,General hospital,0
440176,2023,General hospital,0
440176,2024,General hospital,0
440180,2019,General hospital,0
440180,2020,General hospital,0
440180,2021,General hospital,1
440183,2019,General hospital,0
440183,2020,General hospital,0
440183,2021,General hospital,0
440183,2022,General hospital,0
440183,2023,General hospital,0
440183,2024,General hospital,0
440184,2019,General hospital,0
440184,2020,General hospital,0
440184,2021,General hospital,0
440184,2022,General hospital,0
440184,2023,General hospital,0
440184,2024,General hospital,0
440185,2019,General hospital,0
440185,2020,General hospital,0
440185,2021,General hospital,0
440185,2022,General hospital,0
440185,2023,General hospital,0
440185,2024,General hospital,0
440187,2019,General hospital,0
440187,2020,General hospital,0
440187,2021,General hospital,0
440187,2022,General hospital,0
440187,2023,General hospital,0
440187,2024,General hospital,0
440192,2019,General hospital,0
440192,2020,General hospital,0
440192,2021,General hospital,0
440192,2022,General hospital,0
440192,2023,General hospital,0
440192,2024,General hospital,0
440193,2019,General hospital,0
440193,2020,General hospital,0
440193,2021,General hospital,0
440193,2022,General hospital,0
440193,2023,General hospital,0
440193,2024,General hospital,0
440194,2019,General hospital,0
440194,2020,General hospital,0
440194,2021,General hospital,0
440194,2022,General hospital,0
440194,2023,General hospital,0
440194,2024,General hospital,0
440197,2019,General hospital,0
440197,2020,General hospital,0
440197,2021,General hospital,0
440197,2022,General hospital,0
440197,2023,General hospital,0
440197,2024,General hospital,0
440200,2019,General hospital,0
440200,2020,General hospital,0
440200,2021,General hospital,0
440200,2022,General hospital,0
440200,2023,General hospital,0
440200,2024,General hospital,0
440218,2019,General hospital,1
440218,2020,General hospital,0
440218,2021,General hospital,0
440218,2022,General hospital,0
440218,2023,General hospital,0
440218,2024,General hospital,0
440227,2019,General hospital,0
440227,2020,General hospital,0
440227,2021,General hospital,0
440227,2022,General hospital,0
440227,2023,General hospital,0
440227,2024,General hospital,0
440228,2019,General hospital,0
440228,2020,General hospital,0
440228,2021,General hospital,0
440228,2022,General hospital,0
440228,2023,General hospital,0
440228,2024,General hospital,0
440231,2019,General hospital,1
440231,2020,General hospital,1
440231,2021,General hospital,0
440231,2022,General hospital,1
440231,2023,General hospital,1
440231,2024,General hospital,1
440235,2019,General hospital,0
440235,2020,General hospital,0
440235,2021,General hospital,1
440238,2023,General hospital,1
440238,2024,General hospital,1
440239,2024,General hospital,1
441300,2019,Small rural (critical access),1
441300,2020,Small rural (critical access),0
441300,2021,Small rural (critical access),0
441300,2022,Small rural (critical access),0
441300,2023,Small rural (critical access),0
441300,2024,Small rural (critical access),0
441301,2019,Small rural (critical access),0
441301,2020,Small rural (critical access),0
441301,2021,Small rural (critical access),0
441301,2022,Small rural (critical access),0
441301,2023,Small rural (critical access),0
441301,2024,Small rural (critical access),0
441303,2019,Small rural (critical access),0
441303,2020,Small rural (critical access),0
441303,2021,Small rural (critical access),0
441303,2022,Small rural (critical access),0
441303,2023,Small rural (critical access),1
441303,2024,Small rural (critical access),1
441304,2019,Small rural (critical access),0
441304,2020,Small rural (critical access),0
441304,2021,Small rural (critical access),0
441304,2022,Small rural (critical access),0
441304,2023,Small rural (critical access),0
441304,2024,Small rural (critical access),0
441305,2019,Small rural (critical access),0
441305,2020,Small rural (critical access),0
441305,2021,Small rural (critical access),0
441305,2022,Small rural (critical access),0
441305,2023,Small rural (critical access),1
441305,2024,Small rural (critical access),0
441306,2019,Small rural (critical access),1
441306,2020,Small rural (critical access),1
441306,2021,Small rural (critical access),0
441306,2022,Small rural (critical access),0
441306,2023,Small rural (critical access),0
441306,2024,Small rural (critical access),0
441307,2019,Small rural (critical access),0
441307,2020,Small rural (critical access),0
441307,2021,Small rural (critical access),0
441307,2022,Small rural (critical access),0
441307,2023,Small rural (critical access),0
441307,2024,Small rural (critical access),0
441309,2019,Small rural (critical access),1
441309,2020,Small rural (critical access),1
441309,2021,Small rural (critical access),0
441309,2022,Small rural (critical access),0
441309,2023,Small rural (critical access),0
441309,2024,Small rural (critical access),0
441310,2019,Small rural (critical access),0
441310,2020,Small rural (critical access),0
441310,2021,Small rural (critical access),1
441310,2022,Small rural (critical access),1
441310,2023,Small rural (critical access),1
441310,2024,Small rural (critical access),1
441311,2019,Small rural (critical access),1
441311,2020,Small rural (critical access),1
441311,2021,Small rural (critical access),1
441311,2022,Small rural (critical access),1
441311,2023,Small rural (critical access),1
441313,2019,Small rural (critical access),0
441313,2020,Small rural (critical access),0
441313,2021,Small rural (critical access),0
441313,2022,Small rural (critical access),0
441313,2023,Small rural (critical access),0
441313,2024,Small rural (critical access),0
441314,2019,Small rural (critical access),1
441314,2020,Small rural (critical access),1
441314,2021,Small rural (critical access),1
441314,2022,Small rural (critical access),1
441314,2023,Small rural (critical access),0
441314,2024,Small rural (critical access),0
441316,2019,Small rural (critical access),0
441316,2020,Small rural (critical access),0
441316,2021,Small rural (critical access),0
441316,2022,Small rural (critical access),0
441316,2023,Small rural (critical access),0
441316,2024,Small rural (critical access),0
441319,2019,Small rural (critical access),1
441320,2019,Small rural (critical access),0
441320,2020,Small rural (critical access),0
441320,2021,Small rural (critical access),0
441320,2022,Small rural (critical access),0
441320,2023,Small rural (critical access),0
441320,2024,Small rural (critical access),0
441322,2019,Small rural (critical access),1
441322,2020,Small rural (critical access),1
441322,2021,Small rural (critical access),1
441322,2022,Small rural (critical access),1
441322,2023,Small rural (critical access),1
441322,2024,Small rural (critical access),1
441323,2022,Small rural (critical access),1
441323,2023,Small rural (critical access),1
441323,2024,Small rural (critical access),1
450002,2019,General hospital,0
450002,2020,General hospital,0
450002,2021,General hospital,0
450002,2022,General hospital,0
450002,2023,General hospital,0
450002,2024,General hospital,0
450007,2019,General hospital,0
450007,2020,General hospital,0
450007,2021,General hospital,0
450007,2022,General hospital,0
450007,2023,General hospital,0
450007,2024,General hospital,0
450010,2019,General hospital,1
450010,2020,General hospital,1
450010,2021,General hospital,0
450010,2022,General hospital,0
450010,2023,General hospital,0
450010,2024,General hospital,0
450011,2019,General hospital,0
450011,2020,General hospital,0
450011,2021,General hospital,0
450011,2022,General hospital,0
450011,2023,General hospital,0
450011,2024,General hospital,0
450015,2019,General hospital,0
450015,2020,General hospital,0
450015,2021,General hospital,0
450015,2022,General hospital,0
450015,2023,General hospital,0
450015,2024,General hospital,0
450018,2019,General hospital,0
450018,2020,General hospital,0
450018,2021,General hospital,0
450018,2022,General hospital,0
450018,2023,General hospital,0
450018,2024,General hospital,0
450021,2019,General hospital,0
450021,2020,General hospital,0
450021,2021,General hospital,0
450021,2022,General hospital,0
450021,2023,General hospital,0
450021,2024,General hospital,0
450023,2019,General hospital,0
450023,2020,General hospital,0
450023,2021,General hospital,0
450023,2022,General hospital,0
450023,2023,General hospital,0
450023,2024,General hospital,0
450024,2019,General hospital,0
450024,2020,General hospital,0
450024,2021,General hospital,0
450024,2022,General hospital,0
450024,2023,General hospital,0
450024,2024,General hospital,0
450028,2019,General hospital,0
450028,2020,General hospital,0
450028,2021,General hospital,0
450028,2022,General hospital,0
450028,2023,General hospital,0
450028,2024,General hospital,0
450029,2019,General hospital,0
450029,2020,General hospital,0
450029,2021,General hospital,0
450029,2022,General hospital,0
450029,2023,General hospital,0
450029,2024,General hospital,0
450032,2019,General hospital,0
450032,2020,General hospital,0
450032,2021,General hospital,0
450032,2022,General hospital,0
450032,2023,General hospital,0
450032,2024,General hospital,0
450033,2019,General hospital,0
450033,2020,General hospital,0
450033,2021,General hospital,0
450033,2022,General hospital,0
450033,2023,General hospital,0
450033,2024,General hospital,0
450034,2019,General hospital,0
450034,2020,General hospital,0
450034,2021,General hospital,0
450034,2022,General hospital,0
450034,2023,General hospital,0
450034,2024,General hospital,0
450035,2019,General hospital,0
450035,2020,General hospital,0
450035,2021,General hospital,1
450035,2022,General hospital,0
450035,2023,General hospital,0
450035,2024,General hospital,0
450039,2019,General hospital,0
450039,2020,General hospital,0
450039,2021,General hospital,0
450039,2022,General hospital,0
450039,2023,General hospital,0
450039,2024,General hospital,0
450040,2019,General hospital,0
450040,2020,General hospital,0
450040,2021,General hospital,0
450040,2022,General hospital,0
450040,2023,General hospital,0
450040,2024,General hospital,0
450042,2019,General hospital,0
450042,2020,General hospital,0
450042,2021,General hospital,0
450042,2022,General hospital,0
450042,2023,General hospital,1
450042,2024,General hospital,0
450044,2019,General hospital,0
450044,2020,General hospital,0
450044,2021,General hospital,0
450044,2022,General hospital,0
450044,2023,General hospital,0
450044,2024,General hospital,0
450046,2019,General hospital,0
450046,2020,General hospital,0
450046,2021,General hospital,0
450046,2022,General hospital,0
450046,2023,General hospital,0
450046,2024,General hospital,0
450051,2019,General hospital,0
450051,2020,General hospital,0
450051,2021,General hospital,0
450051,2022,General hospital,0
450051,2023,General hospital,0
450051,2024,General hospital,0
450054,2019,General hospital,0
450054,2020,General hospital,0
450054,2021,General hospital,0
450054,2022,General hospital,0
450054,2023,General hospital,0
450054,2024,General hospital,0
450055,2019,General hospital,1
450055,2020,General hospital,0
450055,2021,General hospital,0
450055,2022,General hospital,0
450055,2023,General hospital,1
450055,2024,General hospital,0
450056,2019,General hospital,0
450056,2020,General hospital,0
450056,2021,General hospital,0
450056,2022,General hospital,0
450056,2023,General hospital,0
450056,2024,General hospital,0
450058,2019,General hospital,0
450058,2020,General hospital,0
450058,2021,General hospital,0
450058,2022,General hospital,0
450058,2023,General hospital,0
450058,2024,General hospital,0
450064,2019,General hospital,0
450064,2020,General hospital,0
450064,2021,General hospital,0
450064,2022,General hospital,0
450064,2023,General hospital,0
450064,2024,General hospital,0
450068,2019,General hospital,0
450068,2020,General hospital,0
450068,2021,General hospital,0
450068,2022,General hospital,0
450068,2023,General hospital,0
450068,2024,General hospital,0
450072,2019,General hospital,0
450072,2020,General hospital,0
450072,2021,General hospital,1
450072,2022,General hospital,1
450072,2023,General hospital,1
450072,2024,General hospital,0
450078,2019,General hospital,0
450078,2020,General hospital,0
450078,2021,General hospital,0
450078,2022,General hospital,0
450078,2023,General hospital,1
450079,2019,General hospital,0
450079,2020,General hospital,0
450079,2021,General hospital,0
450079,2022,General hospital,0
450079,2023,General hospital,0
450079,2024,General hospital,0
450080,2019,General hospital,1
450080,2020,General hospital,1
450080,2021,General hospital,1
450080,2022,General hospital,0
450080,2023,General hospital,0
450080,2024,General hospital,1
450082,2019,General hospital,0
450082,2020,General hospital,0
450082,2021,General hospital,0
450082,2022,General hospital,0
450082,2023,General hospital,0
450082,2024,General hospital,0
450083,2019,General hospital,0
450083,2020,General hospital,0
450083,2021,General hospital,0
450083,2022,General hospital,1
450083,2023,General hospital,0
450083,2024,General hospital,0
450085,2019,General hospital,0
450085,2020,General hospital,0
450085,2021,General hospital,0
450085,2022,General hospital,0
450085,2023,General hospital,0
450087,2019,General hospital,0
450087,2020,General hospital,0
450087,2021,General hospital,0
450087,2022,General hospital,0
450087,2023,General hospital,0
450087,2024,General hospital,0
450090,2019,General hospital,0
450090,2020,General hospital,0
450090,2021,General hospital,0
450090,2022,General hospital,0
450090,2023,General hospital,0
450090,2024,General hospital,0
450092,2019,General hospital,0
450092,2020,General hospital,0
450092,2021,General hospital,0
450092,2022,General hospital,0
450092,2023,General hospital,0
450092,2024,General hospital,0
450097,2019,General hospital,0
450097,2020,General hospital,0
450097,2021,General hospital,0
450097,2022,General hospital,0
450097,2023,General hospital,0
450097,2024,General hospital,0
450099,2019,General hospital,0
450099,2020,General hospital,0
450099,2021,General hospital,0
450099,2022,General hospital,0
450099,2023,General hospital,0
450101,2019,General hospital,0
450101,2020,General hospital,0
450101,2021,General hospital,0
450101,2022,General hospital,0
450101,2023,General hospital,0
450101,2024,General hospital,0
450102,2019,General hospital,0
450102,2020,General hospital,0
450102,2021,General hospital,0
450102,2022,General hospital,0
450102,2023,General hospital,0
450102,2024,General hospital,0
450104,2019,General hospital,0
450104,2020,General hospital,0
450104,2021,General hospital,0
450104,2022,General hospital,0
450104,2023,General hospital,0
450104,2024,General hospital,0
450107,2019,General hospital,0
450107,2020,General hospital,0
450107,2021,General hospital,0
450107,2022,General hospital,0
450107,2023,General hospital,0
450107,2024,General hospital,0
450108,2019,General hospital,0
450108,2020,General hospital,0
450108,2021,General hospital,0
450108,2022,General hospital,0
450108,2023,General hospital,0
450108,2024,General hospital,0
450119,2019,General hospital,0
450119,2020,General hospital,0
450119,2021,General hospital,0
450119,2022,General hospital,0
450119,2023,General hospital,0
450119,2024,General hospital,0
450124,2019,General hospital,0
450124,2020,General hospital,0
450124,2021,General hospital,0
450124,2022,General hospital,0
450124,2023,General hospital,0
450124,2024,General hospital,0
450128,2019,General hospital,0
450128,2020,General hospital,0
450128,2021,General hospital,0
450128,2022,General hospital,0
450128,2023,General hospital,0
450128,2024,General hospital,0
450130,2019,General hospital,1
450130,2020,General hospital,1
450132,2019,General hospital,0
450132,2020,General hospital,0
450132,2021,General hospital,0
450132,2022,General hospital,0
450132,2023,General hospital,0
450132,2024,General hospital,0
450133,2019,General hospital,0
450133,2020,General hospital,0
450133,2021,General hospital,0
450133,2022,General hospital,0
450133,2023,General hospital,0
450133,2024,General hospital,0
450135,2019,General hospital,0
450135,2020,General hospital,0
450135,2021,General hospital,0
450135,2022,General hospital,0
450135,2023,General hospital,0
450135,2024,General hospital,0
450137,2019,General hospital,0
450137,2020,General hospital,0
450137,2021,General hospital,0
450137,2022,General hospital,0
450137,2023,General hospital,0
450137,2024,General hospital,0
450143,2019,General hospital,1
450143,2020,General hospital,1
450143,2021,General hospital,0
450143,2022,General hospital,0
450143,2023,General hospital,0
450143,2024,General hospital,0
450144,2019,General hospital,0
450144,2020,General hospital,0
450144,2021,General hospital,0
450144,2022,General hospital,0
450144,2023,General hospital,1
450144,2024,General hospital,0
450147,2019,General hospital,0
450147,2020,General hospital,0
450147,2021,General hospital,0
450147,2022,General hospital,0
450147,2023,General hospital,0
450147,2024,General hospital,0
450148,2019,General hospital,0
450148,2020,General hospital,0
450148,2021,General hospital,0
450148,2022,General hospital,0
450148,2023,General hospital,0
450148,2024,General hospital,0
450152,2019,General hospital,0
450152,2020,General hospital,0
450152,2021,General hospital,0
450152,2022,General hospital,0
450152,2023,General hospital,0
450152,2024,General hospital,0
450154,2019,General hospital,1
450154,2020,General hospital,0
450154,2021,General hospital,0
450154,2022,General hospital,0
450154,2023,General hospital,0
450154,2024,General hospital,0
450155,2019,General hospital,0
450155,2020,General hospital,0
450155,2021,General hospital,0
450155,2022,General hospital,0
450155,2023,General hospital,0
450155,2024,General hospital,0
450162,2019,General hospital,0
450162,2020,General hospital,0
450162,2021,General hospital,0
450162,2022,General hospital,0
450162,2023,General hospital,0
450162,2024,General hospital,0
450163,2019,General hospital,0
450163,2020,General hospital,0
450163,2021,General hospital,0
450163,2022,General hospital,0
450163,2023,General hospital,0
450163,2024,General hospital,0
450165,2019,General hospital,0
450165,2020,General hospital,0
450165,2021,General hospital,0
450165,2022,General hospital,0
450165,2023,General hospital,0
450165,2024,General hospital,0
450176,2019,General hospital,0
450176,2020,General hospital,0
450176,2021,General hospital,0
450176,2022,General hospital,0
450176,2023,General hospital,0
450176,2024,General hospital,0
450184,2019,General hospital,0
450184,2020,General hospital,0
450184,2021,General hospital,0
450184,2022,General hospital,0
450184,2023,General hospital,0
450184,2024,General hospital,0
450187,2019,General hospital,0
450187,2020,General hospital,0
450187,2021,General hospital,0
450187,2022,General hospital,0
450192,2019,General hospital,0
450192,2020,General hospital,0
450193,2019,General hospital,0
450193,2020,General hospital,0
450193,2021,General hospital,0
450193,2022,General hospital,0
450193,2023,General hospital,1
450193,2024,General hospital,0
450194,2019,General hospital,0
450194,2020,General hospital,0
450194,2021,General hospital,0
450194,2022,General hospital,1
450194,2023,General hospital,0
450194,2024,General hospital,0
450196,2019,General hospital,0
450196,2020,General hospital,0
450196,2021,General hospital,0
450196,2022,General hospital,0
450196,2023,General hospital,0
450196,2024,General hospital,0
450200,2019,General hospital,0
450200,2020,General hospital,0
450200,2021,General hospital,1
450200,2022,General hospital,0
450200,2023,General hospital,0
450200,2024,General hospital,0
450203,2019,General hospital,0
450203,2020,General hospital,0
450203,2021,General hospital,0
450203,2022,General hospital,0
450203,2023,General hospital,0
450203,2024,General hospital,0
450209,2019,General hospital,0
450209,2020,General hospital,0
450209,2021,General hospital,0
450209,2022,General hospital,0
450209,2023,General hospital,0
450209,2024,General hospital,0
450210,2019,General hospital,0
450210,2020,General hospital,0
450210,2021,General hospital,0
450210,2022,General hospital,1
450210,2023,General hospital,0
450210,2024,General hospital,0
450211,2019,General hospital,0
450211,2020,General hospital,0
450211,2021,General hospital,0
450211,2022,General hospital,1
450211,2023,General hospital,1
450211,2024,General hospital,1
450213,2019,General hospital,0
450213,2020,General hospital,0
450213,2021,General hospital,0
450213,2022,General hospital,0
450213,2023,General hospital,0
450213,2024,General hospital,0
450219,2019,General hospital,0
450219,2020,General hospital,0
450222,2019,General hospital,0
450222,2020,General hospital,0
450222,2021,General hospital,0
450222,2022,General hospital,0
450222,2023,General hospital,0
450222,2024,General hospital,0
450229,2019,General hospital,0
450229,2020,General hospital,0
450229,2021,General hospital,0
450229,2022,General hospital,1
450229,2023,General hospital,0
450229,2024,General hospital,0
450231,2019,General hospital,0
450231,2020,General hospital,0
450231,2021,General hospital,0
450231,2022,General hospital,0
450231,2023,General hospital,0
450231,2024,General hospital,0
450235,2019,General hospital,1
450235,2020,General hospital,1
450235,2021,General hospital,0
450235,2022,General hospital,0
450235,2023,General hospital,1
450235,2024,General hospital,0
450236,2019,General hospital,0
450236,2020,General hospital,0
450236,2021,General hospital,0
450236,2022,General hospital,0
450236,2023,General hospital,0
450236,2024,General hospital,0
450237,2019,General hospital,0
450237,2020,General hospital,0
450237,2021,General hospital,0
450237,2022,General hospital,0
450237,2023,General hospital,0
450237,2024,General hospital,0
450241,2019,General hospital,1
450241,2020,General hospital,1
450241,2021,General hospital,0
450241,2022,General hospital,0
450241,2023,General hospital,1
450241,2024,General hospital,0
450243,2019,General hospital,0
450253,2019,General hospital,0
450253,2020,General hospital,0
450253,2021,General hospital,1
450253,2022,General hospital,1
450253,2023,General hospital,1
450253,2024,General hospital,1
450271,2019,General hospital,0
450271,2020,General hospital,0
450271,2021,General hospital,0
450271,2022,General hospital,0
450271,2023,General hospital,0
450271,2024,General hospital,0
450272,2019,General hospital,0
450272,2020,General hospital,0
450272,2021,General hospital,0
450272,2022,General hospital,0
450272,2023,General hospital,0
450272,2024,General hospital,0
450289,2019,General hospital,0
450289,2020,General hospital,0
450289,2021,General hospital,0
450289,2022,General hospital,0
450289,2023,General hospital,0
450289,2024,General hospital,0
450292,2019,General hospital,0
450292,2020,General hospital,0
450292,2021,General hospital,0
450292,2022,General hospital,0
450292,2023,General hospital,0
450292,2024,General hospital,0
450299,2019,General hospital,0
450299,2020,General hospital,0
450324,2019,General hospital,0
450324,2020,General hospital,0
450324,2021,General hospital,0
450324,2022,General hospital,0
450324,2023,General hospital,0
450324,2024,General hospital,0
450330,2019,General hospital,1
450330,2020,General hospital,1
450330,2021,General hospital,0
450330,2022,General hospital,1
450330,2023,General hospital,1
450330,2024,General hospital,1
450340,2019,General hospital,0
450340,2020,General hospital,0
450346,2019,General hospital,0
450346,2020,General hospital,0
450346,2021,General hospital,0
450346,2022,General hospital,0
450346,2023,General hospital,0
450346,2024,General hospital,0
450347,2019,General hospital,0
450347,2020,General hospital,0
450347,2021,General hospital,0
450347,2022,General hospital,0
450347,2023,General hospital,0
450347,2024,General hospital,0
450348,2019,General hospital,0
450348,2020,General hospital,0
450348,2021,General hospital,0
450348,2022,General hospital,0
450351,2019,General hospital,0
450351,2020,General hospital,0
450351,2021,General hospital,0
450351,2022,General hospital,0
450351,2023,General hospital,0
450351,2024,General hospital,0
450352,2019,General hospital,0
450352,2020,General hospital,0
450352,2021,General hospital,0
450352,2022,General hospital,0
450352,2023,General hospital,0
450352,2024,General hospital,0
450358,2019,General hospital,0
450358,2020,General hospital,0
450358,2021,General hospital,0
450358,2022,General hospital,0
450358,2023,General hospital,0
450358,2024,General hospital,0
450369,2019,General hospital,0
450369,2020,General hospital,0
450369,2021,General hospital,0
450369,2022,General hospital,1
450369,2023,General hospital,0
450369,2024,General hospital,0
450370,2019,General hospital,0
450370,2020,General hospital,0
450370,2021,General hospital,1
450370,2022,General hospital,1
450370,2023,General hospital,1
450370,2024,General hospital,1
450372,2019,General hospital,0
450372,2020,General hospital,0
450372,2021,General hospital,0
450372,2022,General hospital,0
450372,2023,General hospital,0
450372,2024,General hospital,0
450379,2019,General hospital,0
450379,2020,General hospital,0
450379,2021,General hospital,0
450379,2022,General hospital,0
450379,2023,General hospital,0
450379,2024,General hospital,0
450388,2019,General hospital,0
450388,2020,General hospital,0
450388,2021,General hospital,0
450388,2022,General hospital,0
450388,2023,General hospital,0
450388,2024,General hospital,0
450389,2019,General hospital,0
450389,2020,General hospital,0
450389,2021,General hospital,0
450389,2022,General hospital,1
450389,2023,General hospital,0
450389,2024,General hospital,0
450395,2019,General hospital,0
450395,2020,General hospital,0
450395,2021,General hospital,0
450395,2022,General hospital,1
450395,2023,General hospital,1
450395,2024,General hospital,1
450399,2019,General hospital,1
450399,2020,General hospital,1
450399,2021,General hospital,0
450399,2022,General hospital,0
450399,2023,General hospital,1
450399,2024,General hospital,1
450400,2019,General hospital,0
450400,2020,General hospital,0
450400,2021,General hospital,0
450400,2022,General hospital,0
450400,2023,General hospital,0
450400,2024,General hospital,0
450403,2019,General hospital,0
450403,2020,General hospital,0
450403,2021,General hospital,0
450403,2022,General hospital,0
450403,2023,General hospital,0
450403,2024,General hospital,0
450411,2019,General hospital,0
450411,2020,General hospital,0
450411,2021,General hospital,0
450411,2022,General hospital,0
450411,2023,General hospital,1
450411,2024,General hospital,0
450419,2019,General hospital,0
450419,2020,General hospital,0
450419,2021,General hospital,0
450419,2022,General hospital,0
450419,2023,General hospital,0
450419,2024,General hospital,0
450422,2019,General hospital,1
450422,2020,General hospital,0
450422,2021,General hospital,0
450422,2022,General hospital,0
450422,2023,General hospital,0
450422,2024,General hospital,0
450424,2019,General hospital,0
450424,2020,General hospital,0
450424,2021,General hospital,0
450424,2022,General hospital,0
450424,2023,General hospital,0
450424,2024,General hospital,0
450431,2019,General hospital,0
450431,2020,General hospital,0
450431,2021,General hospital,0
450431,2022,General hospital,0
450431,2023,General hospital,0
450431,2024,General hospital,0
450447,2019,General hospital,0
450447,2020,General hospital,0
450447,2021,General hospital,0
450447,2022,General hospital,0
450447,2023,General hospital,0
450447,2024,General hospital,0
450451,2019,General hospital,0
450451,2020,General hospital,0
450451,2021,General hospital,0
450451,2022,General hospital,0
450451,2023,General hospital,0
450451,2024,General hospital,0
450460,2019,General hospital,1
450460,2020,General hospital,1
450460,2021,General hospital,1
450460,2022,General hospital,1
450460,2023,General hospital,1
450460,2024,General hospital,1
450462,2019,General hospital,0
450462,2020,General hospital,0
450462,2021,General hospital,0
450462,2022,General hospital,0
450462,2023,General hospital,0
450462,2024,General hospital,0
450465,2019,General hospital,0
450465,2020,General hospital,0
450465,2021,General hospital,0
450465,2022,General hospital,0
450465,2023,General hospital,0
450465,2024,General hospital,0
450469,2019,General hospital,0
450469,2020,General hospital,0
450469,2021,General hospital,1
450469,2022,General hospital,1
450469,2023,General hospital,1
450469,2024,General hospital,0
450475,2019,General hospital,0
450475,2020,General hospital,0
450475,2021,General hospital,0
450475,2022,General hospital,1
450475,2023,General hospital,0
450475,2024,General hospital,0
450484,2019,General hospital,0
450484,2020,General hospital,0
450484,2021,General hospital,0
450484,2022,General hospital,0
450484,2023,General hospital,0
450484,2024,General hospital,0
450488,2019,General hospital,1
450489,2019,General hospital,1
450489,2020,General hospital,1
450489,2021,General hospital,1
450489,2022,General hospital,1
450489,2023,General hospital,1
450489,2024,General hospital,0
450498,2019,General hospital,0
450498,2020,General hospital,0
450498,2021,General hospital,0
450498,2022,General hospital,0
450498,2023,General hospital,0
450498,2024,General hospital,0
450508,2019,General hospital,1
450508,2020,General hospital,1
450508,2021,General hospital,0
450508,2022,General hospital,0
450508,2023,General hospital,1
450508,2024,General hospital,1
450518,2019,General hospital,0
450518,2020,General hospital,0
450518,2021,General hospital,1
450518,2022,General hospital,0
450518,2023,General hospital,0
450518,2024,General hospital,0
450537,2019,General hospital,0
450537,2020,General hospital,0
450537,2021,General hospital,0
450537,2022,General hospital,0
450537,2023,General hospital,0
450537,2024,General hospital,0
450539,2019,General hospital,0
450539,2020,General hospital,0
450539,2021,General hospital,0
450539,2022,General hospital,0
450539,2023,General hospital,0
450539,2024,General hospital,0
450558,2019,General hospital,0
450558,2020,General hospital,0
450563,2019,General hospital,0
450563,2020,General hospital,0
450563,2021,General hospital,0
450563,2022,General hospital,0
450563,2023,General hospital,0
450563,2024,General hospital,0
450565,2019,General hospital,1
450565,2020,General hospital,1
450565,2021,General hospital,1
450565,2022,General hospital,1
450565,2023,General hospital,0
450565,2024,General hospital,0
450571,2019,General hospital,0
450571,2020,General hospital,0
450571,2021,General hospital,0
450571,2022,General hospital,0
450571,2023,General hospital,0
450571,2024,General hospital,0
450573,2019,General hospital,0
450573,2020,General hospital,0
450573,2021,General hospital,0
450573,2022,General hospital,0
450573,2023,General hospital,0
450573,2024,General hospital,0
450578,2019,General hospital,0
450578,2020,General hospital,0
450578,2021,General hospital,0
450578,2022,General hospital,0
450578,2023,General hospital,0
450584,2019,General hospital,0
450584,2020,General hospital,0
450584,2021,General hospital,0
450584,2022,General hospital,0
450584,2023,General hospital,0
450584,2024,General hospital,0
450586,2019,General hospital,0
450586,2020,General hospital,0
450586,2021,General hospital,0
450586,2022,General hospital,0
450586,2023,General hospital,0
450587,2019,General hospital,0
450587,2020,General hospital,0
450587,2021,General hospital,0
450587,2022,General hospital,1
450587,2023,General hospital,0
450587,2024,General hospital,0
450596,2019,General hospital,0
450596,2020,General hospital,0
450596,2021,General hospital,0
450596,2022,General hospital,0
450596,2023,General hospital,0
450596,2024,General hospital,0
450597,2019,General hospital,0
450597,2020,General hospital,0
450597,2021,General hospital,0
450597,2022,General hospital,0
450597,2023,General hospital,0
450597,2024,General hospital,0
450604,2019,General hospital,0
450604,2020,General hospital,0
450604,2021,General hospital,0
450604,2022,General hospital,0
450604,2023,General hospital,0
450604,2024,General hospital,0
450605,2019,General hospital,1
450605,2020,General hospital,1
450605,2021,General hospital,1
450605,2022,General hospital,1
450605,2023,General hospital,1
450610,2019,General hospital,0
450610,2020,General hospital,0
450610,2021,General hospital,0
450610,2022,General hospital,0
450610,2023,General hospital,0
450610,2024,General hospital,0
450617,2019,General hospital,0
450617,2020,General hospital,0
450617,2021,General hospital,0
450617,2022,General hospital,0
450617,2023,General hospital,0
450617,2024,General hospital,0
450634,2019,General hospital,0
450634,2020,General hospital,0
450634,2021,General hospital,0
450634,2022,General hospital,0
450634,2023,General hospital,0
450634,2024,General hospital,0
450638,2019,General hospital,0
450638,2020,General hospital,0
450638,2021,General hospital,0
450638,2022,General hospital,0
450638,2023,General hospital,0
450638,2024,General hospital,0
450639,2019,General hospital,0
450639,2020,General hospital,0
450639,2021,General hospital,0
450639,2022,General hospital,0
450639,2023,General hospital,0
450639,2024,General hospital,0
450641,2019,General hospital,1
450641,2020,General hospital,1
450641,2021,General hospital,1
450641,2022,General hospital,0
450641,2023,General hospital,0
450641,2024,General hospital,1
450643,2019,General hospital,0
450643,2020,General hospital,0
450643,2021,General hospital,0
450643,2022,General hospital,0
450643,2023,General hospital,0
450643,2024,General hospital,0
450644,2019,General hospital,0
450644,2020,General hospital,0
450644,2021,General hospital,0
450644,2022,General hospital,0
450644,2023,General hospital,0
450644,2024,General hospital,0
450647,2019,General hospital,0
450647,2020,General hospital,0
450647,2021,General hospital,0
450647,2022,General hospital,0
450647,2023,General hospital,0
450647,2024,General hospital,0
450651,2019,General hospital,0
450651,2020,General hospital,0
450651,2021,General hospital,0
450651,2022,General hospital,0
450651,2023,General hospital,0
450651,2024,General hospital,0
450653,2019,General hospital,0
450653,2020,General hospital,0
450653,2021,General hospital,1
450653,2022,General hospital,0
450653,2023,General hospital,0
450653,2024,General hospital,0
450654,2019,General hospital,1
450654,2020,General hospital,0
450654,2021,General hospital,0
450654,2022,General hospital,0
450654,2023,General hospital,0
450654,2024,General hospital,0
450656,2019,General hospital,0
450656,2020,General hospital,0
450656,2021,General hospital,0
450656,2022,General hospital,0
450656,2023,General hospital,0
450656,2024,General hospital,0
450658,2019,General hospital,0
450658,2020,General hospital,0
450658,2021,General hospital,0
450658,2022,General hospital,0
450658,2023,General hospital,0
450658,2024,General hospital,0
450659,2019,General hospital,0
450659,2020,General hospital,0
450659,2021,General hospital,0
450659,2022,General hospital,0
450659,2023,General hospital,0
450659,2024,General hospital,0
450661,2019,General hospital,0
450661,2020,General hospital,0
450661,2021,General hospital,1
450661,2022,General hospital,0
450661,2023,General hospital,0
450661,2024,General hospital,0
450662,2019,General hospital,0
450662,2020,General hospital,0
450662,2021,General hospital,0
450662,2022,General hospital,0
450662,2023,General hospital,0
450662,2024,General hospital,0
450668,2019,General hospital,0
450668,2020,General hospital,0
450668,2021,General hospital,0
450668,2022,General hospital,0
450668,2023,General hospital,0
450668,2024,General hospital,0
450669,2019,General hospital,0
450669,2020,General hospital,0
450669,2021,General hospital,0
450669,2022,General hospital,0
450669,2023,General hospital,0
450669,2024,General hospital,0
450670,2019,General hospital,0
450670,2020,General hospital,0
450670,2021,General hospital,0
450670,2022,General hospital,0
450670,2023,General hospital,0
450670,2024,General hospital,0
450672,2019,General hospital,0
450672,2020,General hospital,0
450672,2021,General hospital,0
450672,2022,General hospital,0
450672,2023,General hospital,0
450672,2024,General hospital,0
450674,2019,General hospital,0
450674,2020,General hospital,0
450674,2021,General hospital,0
450674,2022,General hospital,0
450674,2023,General hospital,0
450674,2024,General hospital,0
450675,2019,General hospital,0
450675,2020,General hospital,0
450675,2021,General hospital,0
450675,2022,General hospital,0
450675,2023,General hospital,0
450675,2024,General hospital,0
450677,2019,General hospital,0
450677,2020,General hospital,0
450677,2021,General hospital,0
450677,2022,General hospital,0
450677,2023,General hospital,0
450677,2024,General hospital,0
450678,2019,General hospital,0
450678,2020,General hospital,0
450678,2021,General hospital,1
450678,2022,General hospital,0
450678,2023,General hospital,1
450678,2024,General hospital,1
450684,2019,General hospital,0
450684,2020,General hospital,0
450684,2021,General hospital,0
450684,2022,General hospital,0
450684,2023,General hospital,0
450684,2024,General hospital,0
450686,2019,General hospital,1
450686,2020,General hospital,0
450686,2021,General hospital,0
450686,2022,General hospital,0
450686,2023,General hospital,0
450686,2024,General hospital,0
450688,2019,General hospital,0
450688,2020,General hospital,0
450688,2021,General hospital,0
450688,2022,General hospital,0
450688,2023,General hospital,0
450688,2024,General hospital,0
450690,2019,General hospital,0
450690,2020,General hospital,0
450690,2021,General hospital,0
450690,2022,General hospital,0
450690,2023,General hospital,0
450690,2024,General hospital,0
450694,2019,General hospital,0
450694,2020,General hospital,0
450694,2021,General hospital,1
450694,2022,General hospital,1
450694,2023,General hospital,0
450694,2024,General hospital,0
450697,2019,General hospital,0
450697,2020,General hospital,0
450697,2021,General hospital,1
450697,2022,General hospital,0
450697,2023,General hospital,0
450698,2019,General hospital,1
450698,2020,General hospital,1
450698,2021,General hospital,0
450698,2022,General hospital,0
450698,2023,General hospital,1
450698,2024,General hospital,0
450702,2019,General hospital,0
450702,2020,General hospital,0
450702,2021,General hospital,0
450702,2022,General hospital,0
450702,2023,General hospital,0
450702,2024,General hospital,0
450709,2019,General hospital,0
450709,2020,General hospital,0
450709,2021,General hospital,0
450709,2022,General hospital,0
450709,2023,General hospital,0
450709,2024,General hospital,0
450711,2019,General hospital,0
450711,2020,General hospital,0
450711,2021,General hospital,0
450711,2022,General hospital,0
450711,2023,General hospital,0
450711,2024,General hospital,0
450713,2019,General hospital,0
450713,2020,General hospital,0
450713,2021,General hospital,0
450713,2022,General hospital,0
450713,2023,General hospital,0
450713,2024,General hospital,0
450716,2019,General hospital,0
450718,2019,General hospital,0
450718,2020,General hospital,0
450718,2021,General hospital,0
450718,2022,General hospital,0
450718,2023,General hospital,0
450718,2024,General hospital,0
450723,2019,General hospital,0
450723,2020,General hospital,0
450723,2021,General hospital,0
450723,2022,General hospital,0
450723,2023,General hospital,0
450723,2024,General hospital,0
450730,2019,General hospital,0
450730,2020,General hospital,0
450730,2021,General hospital,1
450730,2022,General hospital,1
450730,2023,General hospital,0
450730,2024,General hospital,0
450742,2019,General hospital,0
450742,2020,General hospital,0
450742,2021,General hospital,0
450742,2022,General hospital,0
450742,2023,General hospital,0
450742,2024,General hospital,0
450743,2019,General hospital,0
450743,2020,General hospital,0
450743,2021,General hospital,0
450743,2022,General hospital,0
450743,2023,General hospital,0
450743,2024,General hospital,0
450746,2019,General hospital,0
450747,2019,General hospital,0
450747,2020,General hospital,0
450747,2021,General hospital,0
450747,2022,General hospital,0
450747,2023,General hospital,0
450747,2024,General hospital,0
450755,2019,General hospital,0
450755,2020,General hospital,0
450755,2021,General hospital,0
450755,2022,General hospital,0
450755,2023,General hospital,0
450755,2024,General hospital,0
450766,2019,General hospital,0
450766,2020,General hospital,0
450771,2019,General hospital,0
450771,2020,General hospital,0
450771,2021,General hospital,0
450771,2022,General hospital,0
450771,2023,General hospital,0
450771,2024,General hospital,0
450774,2019,General hospital,1
450774,2020,General hospital,0
450774,2021,General hospital,0
450774,2022,General hospital,0
450774,2023,General hospital,0
450774,2024,General hospital,0
450775,2019,General hospital,0
450775,2020,General hospital,0
450775,2021,General hospital,0
450775,2022,General hospital,0
450775,2023,General hospital,0
450775,2024,General hospital,0
450779,2019,General hospital,0
450779,2020,General hospital,0
450779,2021,General hospital,0
450779,2022,General hospital,0
450779,2023,General hospital,0
450779,2024,General hospital,0
450780,2019,General hospital,0
450780,2020,General hospital,0
450780,2021,General hospital,1
450788,2019,General hospital,0
450788,2020,General hospital,0
450788,2021,General hospital,0
450788,2022,General hospital,0
450788,2023,General hospital,0
450788,2024,General hospital,0
450797,2019,General hospital,1
450801,2019,General hospital,0
450801,2020,General hospital,0
450801,2021,General hospital,0
450801,2022,General hospital,0
450801,2023,General hospital,0
450801,2024,General hospital,0
450803,2019,General hospital,1
450803,2020,General hospital,1
450803,2021,General hospital,1
450803,2022,General hospital,1
450804,2019,General hospital,0
450804,2020,General hospital,0
450804,2021,General hospital,0
450804,2022,General hospital,0
450804,2023,General hospital,0
450804,2024,General hospital,0
450808,2019,General hospital,1
450808,2020,General hospital,0
450808,2021,General hospital,1
450808,2022,General hospital,1
450808,2023,General hospital,1
450808,2024,General hospital,1
450809,2019,General hospital,0
450809,2020,General hospital,0
450809,2021,General hospital,0
450809,2022,General hospital,0
450809,2023,General hospital,0
450809,2024,General hospital,0
450820,2019,General hospital,0
450820,2020,General hospital,0
450820,2021,General hospital,0
450820,2022,General hospital,0
450820,2023,General hospital,0
450820,2024,General hospital,0
450822,2019,General hospital,0
450822,2020,General hospital,0
450822,2021,General hospital,0
450822,2022,General hospital,0
450822,2023,General hospital,0
450822,2024,General hospital,0
450825,2019,General hospital,0
450825,2020,General hospital,0
450825,2021,General hospital,0
450825,2022,General hospital,0
450825,2023,General hospital,0
450825,2024,General hospital,0
450827,2019,General hospital,0
450827,2020,General hospital,0
450827,2021,General hospital,1
450827,2022,General hospital,1
450827,2023,General hospital,1
450827,2024,General hospital,0
450828,2019,General hospital,0
450828,2020,General hospital,0
450828,2021,General hospital,0
450828,2022,General hospital,0
450828,2023,General hospital,0
450828,2024,General hospital,0
450831,2019,General hospital,1
450831,2020,General hospital,1
450831,2021,General hospital,0
450831,2022,General hospital,0
450831,2023,General hospital,1
450831,2024,General hospital,0
450833,2019,General hospital,0
450833,2020,General hospital,0
450833,2021,General hospital,0
450833,2022,General hospital,0
450833,2023,General hospital,0
450833,2024,General hospital,0
450834,2019,General hospital,1
450834,2020,General hospital,1
450834,2021,General hospital,1
450834,2022,General hospital,1
450834,2023,General hospital,1
450834,2024,General hospital,1
450840,2019,General hospital,0
450840,2020,General hospital,0
450840,2021,General hospital,0
450840,2022,General hospital,0
450840,2023,General hospital,0
450840,2024,General hospital,0
450844,2019,General hospital,0
450844,2020,General hospital,0
450844,2021,General hospital,0
450844,2022,General hospital,0
450844,2023,General hospital,0
450844,2024,General hospital,0
450847,2019,General hospital,0
450847,2020,General hospital,0
450847,2021,General hospital,0
450847,2022,General hospital,0
450847,2023,General hospital,0
450847,2024,General hospital,0
450848,2019,General hospital,0
450848,2020,General hospital,0
450848,2021,General hospital,0
450848,2022,General hospital,0
450848,2023,General hospital,0
450848,2024,General hospital,0
450851,2019,General hospital,0
450851,2020,General hospital,0
450851,2021,General hospital,0
450851,2022,General hospital,0
450851,2023,General hospital,0
450851,2024,General hospital,0
450853,2019,General hospital,1
450853,2020,General hospital,0
450853,2021,General hospital,0
450853,2022,General hospital,0
450853,2023,General hospital,0
450853,2024,General hospital,0
450855,2019,General hospital,0
450855,2020,General hospital,0
450855,2021,General hospital,0
450855,2022,General hospital,0
450855,2023,General hospital,0
450855,2024,General hospital,0
450856,2019,General hospital,0
450856,2020,General hospital,0
450856,2021,General hospital,0
450856,2022,General hospital,0
450856,2023,General hospital,0
450856,2024,General hospital,0
450860,2019,General hospital,0
450860,2020,General hospital,0
450860,2021,General hospital,0
450860,2022,General hospital,0
450860,2023,General hospital,0
450860,2024,General hospital,0
450862,2019,General hospital,0
450862,2020,General hospital,0
450862,2021,General hospital,0
450862,2022,General hospital,0
450862,2023,General hospital,1
450862,2024,General hospital,0
450864,2019,General hospital,0
450864,2020,General hospital,0
450864,2021,General hospital,0
450864,2022,General hospital,0
450864,2023,General hospital,0
450864,2024,General hospital,0
450865,2019,General hospital,0
450865,2020,General hospital,0
450865,2021,General hospital,0
450865,2022,General hospital,0
450865,2023,General hospital,0
450865,2024,General hospital,0
450867,2019,General hospital,0
450867,2020,General hospital,0
450867,2021,General hospital,0
450867,2022,General hospital,0
450867,2023,General hospital,0
450867,2024,General hospital,0
450869,2019,General hospital,0
450869,2020,General hospital,0
450869,2021,General hospital,0
450869,2022,General hospital,0
450869,2023,General hospital,0
450869,2024,General hospital,0
450871,2019,General hospital,1
450871,2020,General hospital,0
450871,2021,General hospital,1
450871,2022,General hospital,1
450871,2023,General hospital,1
450871,2024,General hospital,1
450872,2019,General hospital,1
450872,2020,General hospital,1
450872,2021,General hospital,1
450872,2022,General hospital,1
450872,2023,General hospital,1
450872,2024,General hospital,1
450874,2019,General hospital,0
450874,2020,General hospital,0
450874,2021,General hospital,0
450874,2022,General hospital,0
450874,2023,General hospital,0
450874,2024,General hospital,0
450875,2019,General hospital,1
450875,2020,General hospital,0
450875,2021,General hospital,0
450875,2022,General hospital,0
450875,2023,General hospital,0
450875,2024,General hospital,0
450876,2019,General hospital,1
450876,2020,General hospital,0
450876,2021,General hospital,0
450876,2022,General hospital,0
450876,2023,General hospital,0
450876,2024,General hospital,0
450877,2019,General hospital,1
450877,2020,General hospital,1
450877,2021,General hospital,1
450877,2022,General hospital,1
450877,2023,General hospital,1
450880,2019,General hospital,1
450880,2020,General hospital,0
450880,2021,General hospital,0
450880,2022,General hospital,0
450880,2023,General hospital,0
450880,2024,General hospital,0
450883,2019,General hospital,1
450883,2020,General hospital,0
450883,2021,General hospital,0
450883,2022,General hospital,0
450883,2023,General hospital,0
450883,2024,General hospital,0
450885,2019,General hospital,0
450885,2020,General hospital,0
450885,2021,General hospital,0
450885,2022,General hospital,0
450885,2023,General hospital,0
450885,2024,General hospital,0
450888,2019,General hospital,0
450888,2020,General hospital,0
450888,2021,General hospital,0
450888,2022,General hospital,0
450888,2023,General hospital,0
450888,2024,General hospital,0
450889,2019,General hospital,0
450889,2020,General hospital,0
450889,2021,General hospital,0
450889,2022,General hospital,0
450889,2023,General hospital,1
450889,2024,General hospital,0
450890,2019,General hospital,0
450890,2020,General hospital,0
450890,2021,General hospital,0
450890,2022,General hospital,0
450890,2023,General hospital,0
450890,2024,General hospital,0
450891,2019,General hospital,1
450891,2020,General hospital,1
450891,2021,General hospital,1
450891,2022,General hospital,0
450891,2023,General hospital,0
450891,2024,General hospital,0
450893,2019,General hospital,0
450893,2020,General hospital,0
450893,2021,General hospital,0
450893,2022,General hospital,0
450893,2023,General hospital,0
450893,2024,General hospital,0
450894,2019,General hospital,1
451300,2019,Small rural (critical access),1
451300,2020,Small rural (critical access),1
451300,2021,Small rural (critical access),0
451300,2022,Small rural (critical access),0
451300,2023,Small rural (critical access),1
451300,2024,Small rural (critical access),0
451301,2019,Small rural (critical access),1
451301,2020,Small rural (critical access),1
451301,2021,Small rural (critical access),1
451301,2022,Small rural (critical access),1
451301,2023,Small rural (critical access),1
451301,2024,Small rural (critical access),1
451303,2019,Small rural (critical access),0
451303,2020,Small rural (critical access),0
451303,2021,Small rural (critical access),0
451303,2022,Small rural (critical access),0
451303,2023,Small rural (critical access),0
451303,2024,Small rural (critical access),0
451304,2019,Small rural (critical access),1
451304,2020,Small rural (critical access),1
451304,2021,Small rural (critical access),1
451304,2022,Small rural (critical access),1
451304,2023,Small rural (critical access),1
451304,2024,Small rural (critical access),1
451305,2019,Small rural (critical access),0
451305,2020,Small rural (critical access),0
451305,2021,Small rural (critical access),0
451305,2022,Small rural (critical access),0
451305,2023,Small rural (critical access),0
451305,2024,Small rural (critical access),0
451306,2019,Small rural (critical access),1
451306,2020,Small rural (critical access),1
451306,2021,Small rural (critical access),1
451306,2022,Small rural (critical access),1
451306,2023,Small rural (critical access),1
451306,2024,Small rural (critical access),1
451307,2019,Small rural (critical access),1
451307,2020,Small rural (critical access),1
451307,2021,Small rural (critical access),1
451307,2022,Small rural (critical access),1
451307,2023,Small rural (critical access),1
451307,2024,Small rural (critical access),1
451308,2019,Small rural (critical access),1
451308,2020,Small rural (critical access),1
451308,2021,Small rural (critical access),1
451308,2022,Small rural (critical access),1
451308,2023,Small rural (critical access),1
451308,2024,Small rural (critical access),1
451309,2019,Small rural (critical access),0
451309,2020,Small rural (critical access),1
451309,2021,Small rural (critical access),1
451309,2022,Small rural (critical access),1
451309,2023,Small rural (critical access),1
451309,2024,Small rural (critical access),1
451310,2019,Small rural (critical access),0
451310,2020,Small rural (critical access),0
451310,2021,Small rural (critical access),1
451310,2022,Small rural (critical access),0
451310,2023,Small rural (critical access),1
451310,2024,Small rural (critical access),1
451311,2019,Small rural (critical access),0
451311,2020,Small rural (critical access),0
451311,2021,Small rural (critical access),0
451311,2022,Small rural (critical access),0
451311,2023,Small rural (critical access),1
451311,2024,Small rural (critical access),1
451312,2019,Small rural (critical access),0
451312,2020,Small rural (critical access),0
451312,2021,Small rural (critical access),1
451312,2022,Small rural (critical access),1
451312,2023,Small rural (critical access),1
451312,2024,Small rural (critical access),1
451313,2019,Small rural (critical access),0
451313,2020,Small rural (critical access),0
451313,2021,Small rural (critical access),0
451313,2022,Small rural (critical access),1
451313,2023,Small rural (critical access),1
451313,2024,Small rural (critical access),1
451314,2019,Small rural (critical access),1
451314,2020,Small rural (critical access),1
451314,2021,Small rural (critical access),1
451314,2022,Small rural (critical access),1
451314,2023,Small rural (critical access),1
451314,2024,Small rural (critical access),1
451315,2019,Small rural (critical access),1
451315,2020,Small rural (critical access),1
451315,2021,Small rural (critical access),1
451315,2022,Small rural (critical access),0
451315,2023,Small rural (critical access),1
451315,2024,Small rural (critical access),0
451316,2019,Small rural (critical access),0
451316,2020,Small rural (critical access),0
451316,2021,Small rural (critical access),0
451316,2022,Small rural (critical access),0
451316,2023,Small rural (critical access),0
451316,2024,Small rural (critical access),0
451317,2019,Small rural (critical access),1
451317,2020,Small rural (critical access),0
451317,2021,Small rural (critical access),0
451317,2022,Small rural (critical access),0
451317,2023,Small rural (critical access),0
451317,2024,Small rural (critical access),0
451318,2019,Small rural (critical access),0
451318,2020,Small rural (critical access),1
451318,2021,Small rural (critical access),0
451318,2022,Small rural (critical access),0
451318,2023,Small rural (critical access),0
451318,2024,Small rural (critical access),0
451319,2019,Small rural (critical access),0
451319,2020,Small rural (critical access),0
451319,2021,Small rural (critical access),0
451319,2022,Small rural (critical access),0
451319,2023,Small rural (critical access),0
451319,2024,Small rural (critical access),0
451320,2019,Small rural (critical access),0
451320,2020,Small rural (critical access),0
451320,2021,Small rural (critical access),0
451320,2022,Small rural (critical access),0
451320,2023,Small rural (critical access),0
451320,2024,Small rural (critical access),0
451322,2019,Small rural (critical access),0
451322,2020,Small rural (critical access),0
451322,2021,Small rural (critical access),0
451322,2022,Small rural (critical access),0
451322,2023,Small rural (critical access),0
451322,2024,Small rural (critical access),0
451323,2019,Small rural (critical access),0
451323,2020,Small rural (critical access),0
451323,2021,Small rural (critical access),0
451323,2022,Small rural (critical access),0
451323,2023,Small rural (critical access),0
451323,2024,Small rural (critical access),0
451324,2019,Small rural (critical access),0
451324,2020,Small rural (critical access),0
451324,2021,Small rural (critical access),1
451324,2022,Small rural (critical access),0
451324,2023,Small rural (critical access),0
451324,2024,Small rural (critical access),0
451325,2019,Small rural (critical access),0
451325,2020,Small rural (critical access),0
451325,2021,Small rural (critical access),0
451325,2022,Small rural (critical access),0
451325,2023,Small rural (critical access),0
451325,2024,Small rural (critical access),1
451326,2019,Small rural (critical access),1
451328,2019,Small rural (critical access),1
451328,2020,Small rural (critical access),0
451328,2021,Small rural (critical access),1
451328,2022,Small rural (critical access),1
451328,2023,Small rural (critical access),1
451328,2024,Small rural (critical access),0
451329,2019,Small rural (critical access),0
451329,2020,Small rural (critical access),0
451329,2021,Small rural (critical access),0
451329,2022,Small rural (critical access),1
451329,2023,Small rural (critical access),1
451329,2024,Small rural (critical access),1
451330,2019,Small rural (critical access),0
451330,2020,Small rural (critical access),0
451330,2021,Small rural (critical access),0
451330,2022,Small rural (critical access),0
451330,2023,Small rural (critical access),0
451330,2024,Small rural (critical access),0
451331,2019,Small rural (critical access),1
451331,2020,Small rural (critical access),1
451331,2021,Small rural (critical access),1
451331,2022,Small rural (critical access),1
451331,2023,Small rural (critical access),1
451331,2024,Small rural (critical access),1
451332,2019,Small rural (critical access),0
451332,2020,Small rural (critical access),0
451332,2021,Small rural (critical access),1
451332,2022,Small rural (critical access),1
451332,2023,Small rural (critical access),1
451332,2024,Small rural (critical access),1
451333,2019,Small rural (critical access),1
451333,2020,Small rural (critical access),1
451333,2021,Small rural (critical access),0
451333,2022,Small rural (critical access),0
451333,2023,Small rural (critical access),0
451333,2024,Small rural (critical access),0
451334,2019,Small rural (critical access),1
451334,2020,Small rural (critical access),1
451334,2021,Small rural (critical access),0
451334,2022,Small rural (critical access),0
451334,2023,Small rural (critical access),1
451334,2024,Small rural (critical access),1
451335,2019,Small rural (critical access),0
451335,2020,Small rural (critical access),0
451335,2021,Small rural (critical access),0
451335,2022,Small rural (critical access),0
451335,2023,Small rural (critical access),0
451335,2024,Small rural (critical access),1
451337,2019,Small rural (critical access),1
451337,2020,Small rural (critical access),1
451337,2021,Small rural (critical access),1
451337,2022,Small rural (critical access),0
451337,2023,Small rural (critical access),0
451337,2024,Small rural (critical access),0
451338,2019,Small rural (critical access),1
451338,2020,Small rural (critical access),1
451338,2021,Small rural (critical access),1
451338,2022,Small rural (critical access),1
451338,2023,Small rural (critical access),1
451338,2024,Small rural (critical access),1
451339,2019,Small rural (critical access),0
451339,2020,Small rural (critical access),0
451339,2021,Small rural (critical access),1
451339,2022,Small rural (critical access),1
451339,2023,Small rural (critical access),1
451339,2024,Small rural (critical access),1
451340,2019,Small rural (critical access),0
451340,2020,Small rural (critical access),0
451340,2021,Small rural (critical access),1
451340,2022,Small rural (critical access),0
451340,2023,Small rural (critical access),1
451340,2024,Small rural (critical access),1
451341,2019,Small rural (critical access),0
451341,2020,Small rural (critical access),0
451341,2021,Small rural (critical access),0
451341,2022,Small rural (critical access),0
451341,2023,Small rural (critical access),1
451341,2024,Small rural (critical access),0
451342,2019,Small rural (critical access),0
451342,2020,Small rural (critical access),1
451342,2021,Small rural (critical access),0
451342,2022,Small rural (critical access),0
451342,2023,Small rural (critical access),1
451342,2024,Small rural (critical access),1
451343,2019,Small rural (critical access),1
451343,2020,Small rural (critical access),1
451343,2021,Small rural (critical access),0
451343,2022,Small rural (critical access),0
451343,2023,Small rural (critical access),0
451343,2024,Small rural (critical access),0
451344,2019,Small rural (critical access),1
451344,2020,Small rural (critical access),1
451344,2021,Small rural (critical access),1
451344,2022,Small rural (critical access),1
451344,2023,Small rural (critical access),1
451344,2024,Small rural (critical access),1
451345,2019,Small rural (critical access),1
451345,2020,Small rural (critical access),1
451345,2021,Small rural (critical access),1
451345,2022,Small rural (critical access),1
451346,2019,Small rural (critical access),0
451346,2020,Small rural (critical access),0
451346,2021,Small rural (critical access),0
451346,2022,Small rural (critical access),0
451346,2023,Small rural (critical access),0
451346,2024,Small rural (critical access),0
451347,2019,Small rural (critical access),1
451347,2020,Small rural (critical access),1
451347,2021,Small rural (critical access),1
451347,2022,Small rural (critical access),1
451347,2023,Small rural (critical access),1
451347,2024,Small rural (critical access),1
451348,2019,Small rural (critical access),1
451348,2020,Small rural (critical access),1
451348,2021,Small rural (critical access),0
451348,2022,Small rural (critical access),0
451348,2023,Small rural (critical access),0
451348,2024,Small rural (critical access),1
451349,2019,Small rural (critical access),0
451349,2020,Small rural (critical access),0
451349,2021,Small rural (critical access),0
451349,2022,Small rural (critical access),0
451349,2023,Small rural (critical access),0
451349,2024,Small rural (critical access),0
451350,2019,Small rural (critical access),1
451350,2020,Small rural (critical access),1
451350,2021,Small rural (critical access),1
451350,2022,Small rural (critical access),0
451350,2023,Small rural (critical access),0
451350,2024,Small rural (critical access),0
451351,2019,Small rural (critical access),1
451351,2020,Small rural (critical access),1
451351,2021,Small rural (critical access),0
451351,2022,Small rural (critical access),0
451351,2023,Small rural (critical access),1
451351,2024,Small rural (critical access),0
451352,2019,Small rural (critical access),1
451352,2020,Small rural (critical access),1
451352,2021,Small rural (critical access),0
451352,2022,Small rural (critical access),1
451352,2023,Small rural (critical access),1
451352,2024,Small rural (critical access),1
451353,2019,Small rural (critical access),1
451353,2020,Small rural (critical access),1
451353,2021,Small rural (critical access),1
451353,2022,Small rural (critical access),1
451353,2023,Small rural (critical access),1
451353,2024,Small rural (critical access),1
451354,2019,Small rural (critical access),0
451354,2020,Small rural (critical access),0
451354,2021,Small rural (critical access),0
451354,2022,Small rural (critical access),0
451354,2023,Small rural (critical access),0
451354,2024,Small rural (critical access),0
451355,2019,Small rural (critical access),1
451355,2020,Small rural (critical access),1
451355,2021,Small rural (critical access),1
451355,2022,Small rural (critical access),1
451355,2023,Small rural (critical access),1
451355,2024,Small rural (critical access),1
451356,2019,Small rural (critical access),1
451356,2020,Small rural (critical access),1
451356,2021,Small rural (critical access),0
451356,2022,Small rural (critical access),0
451356,2023,Small rural (critical access),0
451356,2024,Small rural (critical access),0
451357,2019,Small rural (critical access),1
451357,2020,Small rural (critical access),1
451358,2019,Small rural (critical access),0
451358,2020,Small rural (critical access),0
451358,2021,Small rural (critical access),0
451358,2022,Small rural (critical access),1
451358,2023,Small rural (critical access),1
451358,2024,Small rural (critical access),1
451359,2019,Small rural (critical access),0
451359,2020,Small rural (critical access),0
451359,2021,Small rural (critical access),0
451359,2022,Small rural (critical access),0
451359,2023,Small rural (critical access),0
451359,2024,Small rural (critical access),1
451360,2019,Small rural (critical access),0
451360,2020,Small rural (critical access),0
451360,2021,Small rural (critical access),0
451360,2022,Small rural (critical access),1
451360,2023,Small rural (critical access),1
451361,2019,Small rural (critical access),1
451361,2020,Small rural (critical access),1
451361,2021,Small rural (critical access),1
451361,2022,Small rural (critical access),1
451361,2023,Small rural (critical access),1
451361,2024,Small rural (critical access),1
451362,2019,Small rural (critical access),1
451362,2020,Small rural (critical access),0
451362,2021,Small rural (critical access),0
451362,2022,Small rural (critical access),0
451362,2023,Small rural (critical access),0
451362,2024,Small rural (critical access),1
451363,2019,Small rural (critical access),0
451363,2020,Small rural (critical access),0
451363,2021,Small rural (critical access),0
451363,2022,Small rural (critical access),0
451363,2023,Small rural (critical access),0
451363,2024,Small rural (critical access),1
451364,2019,Small rural (critical access),1
451364,2020,Small rural (critical access),1
451364,2021,Small rural (critical access),0
451364,2022,Small rural (critical access),0
451364,2023,Small rural (critical access),0
451364,2024,Small rural (critical access),0
451365,2019,Small rural (critical access),0
451365,2020,Small rural (critical access),0
451365,2021,Small rural (critical access),0
451365,2022,Small rural (critical access),0
451365,2023,Small rural (critical access),0
451365,2024,Small rural (critical access),0
451366,2019,Small rural (critical access),0
451366,2020,Small rural (critical access),0
451366,2021,Small rural (critical access),1
451366,2022,Small rural (critical access),0
451366,2023,Small rural (critical access),1
451366,2024,Small rural (critical access),1
451367,2019,Small rural (critical access),0
451367,2020,Small rural (critical access),0
451367,2021,Small rural (critical access),0
451367,2022,Small rural (critical access),1
451367,2023,Small rural (critical access),0
451367,2024,Small rural (critical access),0
451369,2019,Small rural (critical access),1
451369,2020,Small rural (critical access),1
451369,2021,Small rural (critical access),1
451369,2022,Small rural (critical access),1
451369,2023,Small rural (critical access),1
451369,2024,Small rural (critical access),1
451370,2019,Small rural (critical access),0
451370,2020,Small rural (critical access),0
451370,2021,Small rural (critical access),0
451370,2022,Small rural (critical access),0
451370,2023,Small rural (critical access),0
451370,2024,Small rural (critical access),0
451371,2019,Small rural (critical access),0
451371,2020,Small rural (critical access),0
451371,2021,Small rural (critical access),0
451371,2022,Small rural (critical access),0
451371,2023,Small rural (critical access),0
451371,2024,Small rural (critical access),0
451372,2019,Small rural (critical access),1
451372,2020,Small rural (critical access),1
451372,2021,Small rural (critical access),1
451372,2022,Small rural (critical access),1
451372,2023,Small rural (critical access),1
451372,2024,Small rural (critical access),1
451373,2019,Small rural (critical access),0
451373,2020,Small rural (critical access),0
451373,2021,Small rural (critical access),0
451373,2022,Small rural (critical access),0
451373,2023,Small rural (critical access),0
451373,2024,Small rural (critical access),0
451374,2019,Small rural (critical access),0
451374,2020,Small rural (critical access),0
451374,2021,Small rural (critical access),0
451374,2022,Small rural (critical access),0
451374,2023,Small rural (critical access),0
451374,2024,Small rural (critical access),0
451375,2019,Small rural (critical access),0
451375,2020,Small rural (critical access),0
451375,2021,Small rural (critical access),0
451375,2022,Small rural (critical access),0
451375,2023,Small rural (critical access),1
451375,2024,Small rural (critical access),0
451376,2019,Small rural (critical access),0
451376,2020,Small rural (critical access),0
451376,2021,Small rural (critical access),0
451376,2022,Small rural (critical access),0
451376,2023,Small rural (critical access),1
451376,2024,Small rural (critical access),0
451377,2019,Small rural (critical access),1
451377,2020,Small rural (critical access),1
451377,2021,Small rural (critical access),0
451377,2022,Small rural (critical access),0
451377,2023,Small rural (critical access),0
451377,2024,Small rural (critical access),0
451378,2019,Small rural (critical access),0
451378,2020,Small rural (critical access),0
451378,2021,Small rural (critical access),0
451378,2022,Small rural (critical access),0
451378,2023,Small rural (critical access),0
451378,2024,Small rural (critical access),0
451379,2019,Small rural (critical access),1
451379,2020,Small rural (critical access),0
451379,2021,Small rural (critical access),0
451379,2022,Small rural (critical access),0
451379,2023,Small rural (critical access),0
451379,2024,Small rural (critical access),0
451380,2019,Small rural (critical access),0
451380,2020,Small rural (critical access),0
451380,2021,Small rural (critical access),0
451380,2022,Small rural (critical access),1
451380,2023,Small rural (critical access),0
451380,2024,Small rural (critical access),0
451381,2019,Small rural (critical access),0
451381,2020,Small rural (critical access),0
451381,2021,Small rural (critical access),0
451381,2022,Small rural (critical access),0
451381,2023,Small rural (critical access),0
451381,2024,Small rural (critical access),0
451382,2019,Small rural (critical access),1
451382,2020,Small rural (critical access),1
451382,2021,Small rural (critical access),1
451382,2022,Small rural (critical access),1
451382,2023,Small rural (critical access),0
451382,2024,Small rural (critical access),0
451384,2019,Small rural (critical access),0
451384,2020,Small rural (critical access),0
451384,2021,Small rural (critical access),0
451384,2022,Small rural (critical access),1
451384,2023,Small rural (critical access),0
451384,2024,Small rural (critical access),0
451385,2019,Small rural (critical access),0
451385,2020,Small rural (critical access),0
451385,2021,Small rural (critical access),0
451385,2022,Small rural (critical access),1
451385,2023,Small rural (critical access),1
451385,2024,Small rural (critical access),0
451386,2019,Small rural (critical access),1
451386,2020,Small rural (critical access),1
451386,2021,Small rural (critical access),0
451386,2022,Small rural (critical access),0
451386,2023,Small rural (critical access),0
451386,2024,Small rural (critical access),0
451387,2019,Small rural (critical access),0
451387,2020,Small rural (critical access),0
451387,2021,Small rural (critical access),0
451387,2022,Small rural (critical access),0
451387,2023,Small rural (critical access),0
451387,2024,Small rural (critical access),0
451389,2019,Small rural (critical access),1
451389,2020,Small rural (critical access),1
451389,2021,Small rural (critical access),1
451389,2022,Small rural (critical access),1
451389,2023,Small rural (critical access),1
451389,2024,Small rural (critical access),1
451390,2019,Small rural (critical access),0
451390,2020,Small rural (critical access),0
451390,2021,Small rural (critical access),0
451390,2022,Small rural (critical access),0
451390,2023,Small rural (critical access),0
451390,2024,Small rural (critical access),0
451391,2019,Small rural (critical access),0
451391,2020,Small rural (critical access),0
451391,2021,Small rural (critical access),0
451391,2022,Small rural (critical access),0
451391,2023,Small rural (critical access),0
451391,2024,Small rural (critical access),0
451392,2019,Small rural (critical access),1
451392,2020,Small rural (critical access),1
451392,2021,Small rural (critical access),1
451392,2022,Small rural (critical access),1
451392,2023,Small rural (critical access),1
451392,2024,Small rural (critical access),1
451393,2020,Small rural (critical access),1
451393,2021,Small rural (critical access),1
451393,2022,Small rural (critical access),1
451393,2023,Small rural (critical access),1
451393,2024,Small rural (critical access),1
451394,2021,Small rural (critical access),0
451394,2022,Small rural (critical access),0
451394,2023,Small rural (critical access),1
451394,2024,Small rural (critical access),1
451395,2020,Small rural (critical access),1
451395,2021,Small rural (critical access),1
451395,2022,Small rural (critical access),1
451395,2023,Small rural (critical access),0
451395,2024,Small rural (critical access),0
451396,2021,Small rural (critical access),1
451396,2022,Small rural (critical access),1
451396,2023,Small rural (critical access),1
451396,2024,Small rural (critical access),1
451397,2024,Small rural (critical access),0
451398,2024,Small rural (critical access),0
451399,2024,Small rural (critical access),0
460001,2019,General hospital,0
460001,2020,General hospital,0
460001,2021,General hospital,0
460001,2022,General hospital,0
460001,2023,General hospital,0
460001,2024,General hospital,0
460003,2019,General hospital,0
460003,2020,General hospital,0
460003,2021,General hospital,1
460003,2022,General hospital,0
460003,2023,General hospital,0
460003,2024,General hospital,0
460004,2019,General hospital,0
460004,2020,General hospital,0
460004,2021,General hospital,0
460004,2022,General hospital,0
460004,2023,General hospital,0
460004,2024,General hospital,0
460005,2019,General hospital,0
460005,2020,General hospital,0
460005,2021,General hospital,0
460005,2022,General hospital,0
460005,2023,General hospital,0
460005,2024,General hospital,0
460006,2019,General hospital,0
460006,2020,General hospital,0
460006,2021,General hospital,0
460006,2022,General hospital,0
460006,2023,General hospital,0
460006,2024,General hospital,0
460007,2019,General hospital,0
460007,2020,General hospital,0
460007,2021,General hospital,0
460007,2022,General hospital,0
460007,2023,General hospital,0
460007,2024,General hospital,0
460009,2019,General hospital,0
460009,2020,General hospital,0
460009,2021,General hospital,0
460009,2022,General hospital,0
460009,2023,General hospital,0
460009,2024,General hospital,0
460010,2019,General hospital,0
460010,2020,General hospital,0
460010,2021,General hospital,0
460010,2022,General hospital,0
460010,2023,General hospital,0
460010,2024,General hospital,0
460011,2019,General hospital,0
460011,2020,General hospital,0
460011,2021,General hospital,0
460011,2022,General hospital,0
460011,2023,General hospital,0
460011,2024,General hospital,0
460013,2019,General hospital,0
460013,2020,General hospital,0
460013,2021,General hospital,0
460013,2022,General hospital,0
460013,2023,General hospital,0
460013,2024,General hospital,0
460014,2019,General hospital,0
460014,2020,General hospital,0
460014,2021,General hospital,0
460014,2022,General hospital,0
460014,2023,General hospital,0
460014,2024,General hospital,0
460015,2019,General hospital,0
460015,2020,General hospital,0
460015,2021,General hospital,0
460015,2022,General hospital,0
460015,2023,General hospital,0
460015,2024,General hospital,0
460017,2019,General hospital,0
460017,2020,General hospital,0
460017,2021,General hospital,0
460017,2022,General hospital,0
460017,2023,General hospital,0
460017,2024,General hospital,0
460019,2019,General hospital,0
460019,2020,General hospital,0
460019,2021,General hospital,0
460019,2022,General hospital,0
460019,2023,General hospital,0
460019,2024,General hospital,0
460021,2019,General hospital,0
460021,2020,General hospital,0
460021,2021,General hospital,0
460021,2022,General hospital,0
460021,2023,General hospital,0
460021,2024,General hospital,0
460023,2019,General hospital,0
460023,2020,General hospital,0
460023,2021,General hospital,0
460023,2022,General hospital,0
460023,2023,General hospital,0
460023,2024,General hospital,0
460026,2019,General hospital,0
460026,2020,General hospital,0
460026,2021,General hospital,0
460026,2022,General hospital,0
460026,2023,General hospital,0
460026,2024,General hospital,0
460030,2019,General hospital,0
460030,2020,General hospital,0
460030,2021,General hospital,0
460030,2022,General hospital,0
460030,2023,General hospital,0
460030,2024,General hospital,0
460039,2019,General hospital,0
460039,2020,General hospital,0
460039,2021,General hospital,0
460039,2022,General hospital,0
460039,2023,General hospital,0
460039,2024,General hospital,0
460041,2019,General hospital,0
460041,2020,General hospital,0
460041,2021,General hospital,1
460041,2022,General hospital,0
460041,2023,General hospital,0
460041,2024,General hospital,0
460042,2019,General hospital,0
460042,2020,General hospital,0
460042,2021,General hospital,0
460042,2022,General hospital,0
460042,2023,General hospital,0
460042,2024,General hospital,0
460043,2019,General hospital,0
460043,2020,General hospital,0
460043,2021,General hospital,0
460043,2022,General hospital,0
460043,2023,General hospital,0
460043,2024,General hospital,0
460044,2019,General hospital,0
460044,2020,General hospital,0
460044,2021,General hospital,0
460044,2022,General hospital,0
460044,2023,General hospital,0
460044,2024,General hospital,0
460047,2019,General hospital,0
460047,2020,General hospital,0
460047,2021,General hospital,0
460047,2022,General hospital,0
460047,2023,General hospital,0
460047,2024,General hospital,0
460049,2019,General hospital,0
460049,2020,General hospital,0
460049,2021,General hospital,0
460049,2022,General hospital,0
460049,2023,General hospital,0
460049,2024,General hospital,0
460051,2019,General hospital,0
460051,2020,General hospital,0
460051,2021,General hospital,1
460051,2022,General hospital,0
460051,2023,General hospital,0
460051,2024,General hospital,0
460052,2019,General hospital,0
460052,2020,General hospital,0
460052,2021,General hospital,0
460052,2022,General hospital,0
460052,2023,General hospital,0
460052,2024,General hospital,0
460054,2019,General hospital,0
460054,2020,General hospital,0
460054,2021,General hospital,0
460054,2022,General hospital,0
460054,2023,General hospital,0
460054,2024,General hospital,0
460057,2019,General hospital,0
460057,2020,General hospital,0
460057,2021,General hospital,0
460057,2022,General hospital,0
460057,2023,General hospital,0
460057,2024,General hospital,0
460058,2019,General hospital,0
460058,2020,General hospital,0
460058,2021,General hospital,0
460058,2022,General hospital,0
460058,2023,General hospital,0
460058,2024,General hospital,0
460060,2019,General hospital,0
460060,2020,General hospital,0
460060,2021,General hospital,0
460060,2022,General hospital,0
460060,2023,General hospital,0
460060,2024,General hospital,0
460061,2019,General hospital,1
460061,2020,General hospital,1
460061,2021,General hospital,0
460061,2022,General hospital,0
460061,2023,General hospital,0
460061,2024,General hospital,0
460062,2022,General hospital,1
460062,2023,General hospital,0
460062,2024,General hospital,0
461300,2019,Small rural (critical access),0
461300,2020,Small rural (critical access),0
461300,2021,Small rural (critical access),0
461300,2022,Small rural (critical access),0
461300,2023,Small rural (critical access),0
461300,2024,Small rural (critical access),0
461301,2019,Small rural (critical access),0
461301,2020,Small rural (critical access),0
461301,2021,Small rural (critical access),0
461301,2022,Small rural (critical access),0
461301,2023,Small rural (critical access),0
461301,2024,Small rural (critical access),0
461302,2019,Small rural (critical access),0
461302,2020,Small rural (critical access),0
461302,2021,Small rural (critical access),0
461302,2022,Small rural (critical access),1
461302,2023,Small rural (critical access),0
461302,2024,Small rural (critical access),1
461303,2019,Small rural (critical access),0
461303,2020,Small rural (critical access),0
461303,2021,Small rural (critical access),0
461303,2022,Small rural (critical access),0
461303,2023,Small rural (critical access),0
461303,2024,Small rural (critical access),0
461304,2019,Small rural (critical access),0
461304,2020,Small rural (critical access),0
461304,2021,Small rural (critical access),0
461304,2022,Small rural (critical access),0
461304,2023,Small rural (critical access),0
461304,2024,Small rural (critical access),0
461305,2019,Small rural (critical access),0
461305,2020,Small rural (critical access),0
461305,2021,Small rural (critical access),0
461305,2022,Small rural (critical access),1
461305,2023,Small rural (critical access),0
461305,2024,Small rural (critical access),0
461306,2019,Small rural (critical access),0
461306,2020,Small rural (critical access),0
461306,2021,Small rural (critical access),0
461306,2022,Small rural (critical access),0
461306,2023,Small rural (critical access),1
461306,2024,Small rural (critical access),0
461307,2019,Small rural (critical access),0
461307,2020,Small rural (critical access),0
461307,2021,Small rural (critical access),0
461307,2022,Small rural (critical access),0
461307,2023,Small rural (critical access),0
461307,2024,Small rural (critical access),0
461308,2019,Small rural (critical access),1
461308,2020,Small rural (critical access),1
461308,2021,Small rural (critical access),1
461308,2022,Small rural (critical access),1
461308,2023,Small rural (critical access),1
461308,2024,Small rural (critical access),1
461309,2019,Small rural (critical access),0
461309,2020,Small rural (critical access),0
461309,2021,Small rural (critical access),0
461309,2022,Small rural (critical access),0
461309,2023,Small rural (critical access),0
461309,2024,Small rural (critical access),0
461310,2019,Small rural (critical access),1
461310,2020,Small rural (critical access),0
461310,2021,Small rural (critical access),0
461310,2022,Small rural (critical access),0
461310,2023,Small rural (critical access),0
461310,2024,Small rural (critical access),0
461333,2019,Small rural (critical access),0
461333,2020,Small rural (critical access),0
461333,2021,Small rural (critical access),0
461333,2022,Small rural (critical access),0
461333,2023,Small rural (critical access),0
461333,2024,Small rural (critical access),0
461335,2019,Small rural (critical access),0
461335,2020,Small rural (critical access),0
461335,2021,Small rural (critical access),0
461335,2022,Small rural (critical access),1
461335,2023,Small rural (critical access),1
461335,2024,Small rural (critical access),0
470001,2019,General hospital,0
470001,2020,General hospital,0
470001,2021,General hospital,0
470001,2022,General hospital,0
470001,2023,General hospital,0
470001,2024,General hospital,0
470003,2019,General hospital,0
470003,2020,General hospital,0
470003,2021,General hospital,0
470003,2022,General hospital,0
470003,2023,General hospital,0
470003,2024,General hospital,0
470005,2019,General hospital,0
470005,2020,General hospital,0
470005,2021,General hospital,0
470005,2022,General hospital,0
470005,2023,General hospital,0
470005,2024,General hospital,0
470011,2019,General hospital,0
470011,2020,General hospital,0
470011,2021,General hospital,0
470011,2022,General hospital,0
470011,2023,General hospital,0
470011,2024,General hospital,0
470012,2019,General hospital,0
470012,2020,General hospital,0
470012,2021,General hospital,0
470012,2022,General hospital,0
470012,2023,General hospital,0
470012,2024,General hospital,0
470024,2019,General hospital,0
470024,2020,General hospital,0
470024,2021,General hospital,0
470024,2022,General hospital,0
470024,2023,General hospital,0
470024,2024,General hospital,0
471300,2019,Small rural (critical access),1
471300,2020,Small rural (critical access),0
471300,2021,Small rural (critical access),0
471300,2022,Small rural (critical access),0
471300,2023,Small rural (critical access),0
471300,2024,Small rural (critical access),0
471301,2019,Small rural (critical access),0
471301,2020,Small rural (critical access),0
471301,2021,Small rural (critical access),0
471301,2022,Small rural (critical access),0
471301,2023,Small rural (critical access),0
471301,2024,Small rural (critical access),1
471302,2019,Small rural (critical access),0
471302,2020,Small rural (critical access),0
471302,2021,Small rural (critical access),0
471302,2022,Small rural (critical access),0
471302,2023,Small rural (critical access),0
471302,2024,Small rural (critical access),0
471303,2019,Small rural (critical access),0
471303,2020,Small rural (critical access),0
471303,2021,Small rural (critical access),0
471303,2022,Small rural (critical access),1
471303,2023,Small rural (critical access),1
471303,2024,Small rural (critical access),1
471304,2019,Small rural (critical access),0
471304,2020,Small rural (critical access),0
471304,2021,Small rural (critical access),0
471304,2022,Small rural (critical access),0
471304,2023,Small rural (critical access),0
471304,2024,Small rural (critical access),0
471305,2019,Small rural (critical access),0
471305,2020,Small rural (critical access),0
471305,2021,Small rural (critical access),0
471305,2022,Small rural (critical access),0
471305,2023,Small rural (critical access),0
471305,2024,Small rural (critical access),0
471306,2019,Small rural (critical access),0
471306,2020,Small rural (critical access),0
471306,2021,Small rural (critical access),0
471306,2022,Small rural (critical access),0
471306,2023,Small rural (critical access),0
471306,2024,Small rural (critical access),0
471307,2019,Small rural (critical access),0
471307,2020,Small rural (critical access),0
471307,2021,Small rural (critical access),0
471307,2022,Small rural (critical access),0
471307,2023,Small rural (critical access),0
471307,2024,Small rural (critical access),0
480001,2019,General hospital,1
480001,2020,General hospital,1
480001,2021,General hospital,1
480001,2022,General hospital,1
480001,2023,General hospital,1
480001,2024,General hospital,1
480002,2019,General hospital,1
480002,2020,General hospital,1
480002,2021,General hospital,1
480002,2022,General hospital,1
480002,2023,General hospital,1
480002,2024,General hospital,1
490001,2019,General hospital,0
490001,2020,General hospital,0
490001,2021,General hospital,0
490002,2019,General hospital,0
490002,2020,General hospital,0
490002,2021,General hospital,0
490002,2022,General hospital,0
490002,2023,General hospital,0
490002,2024,General hospital,0
490004,2019,General hospital,1
490004,2020,General hospital,0
490004,2021,General hospital,0
490004,2022,General hospital,0
490004,2023,General hospital,0
490004,2024,General hospital,0
490005,2019,General hospital,0
490005,2020,General hospital,0
490005,2021,General hospital,0
490005,2022,General hospital,0
490005,2023,General hospital,0
490005,2024,General hospital,0
490007,2019,General hospital,0
490007,2020,General hospital,0
490007,2021,General hospital,0
490007,2022,General hospital,0
490007,2023,General hospital,0
490007,2024,General hospital,0
490009,2019,General hospital,0
490009,2020,General hospital,0
490009,2021,General hospital,0
490009,2022,General hospital,0
490009,2023,General hospital,0
490009,2024,General hospital,0
490011,2019,General hospital,0
490011,2020,General hospital,0
490011,2021,General hospital,0
490013,2019,General hospital,1
490013,2020,General hospital,1
490013,2021,General hospital,0
490013,2022,General hospital,0
490013,2023,General hospital,0
490013,2024,General hospital,0
490017,2019,General hospital,0
490017,2020,General hospital,0
490017,2021,General hospital,0
490017,2022,General hospital,0
490017,2023,General hospital,0
490017,2024,General hospital,0
490018,2019,General hospital,1
490018,2020,General hospital,0
490018,2021,General hospital,0
490018,2022,General hospital,0
490018,2023,General hospital,0
490018,2024,General hospital,0
490019,2019,General hospital,0
490019,2020,General hospital,0
490019,2021,General hospital,0
490019,2022,General hospital,0
490019,2023,General hospital,1
490019,2024,General hospital,1
490020,2019,General hospital,0
490020,2020,General hospital,0
490020,2021,General hospital,0
490020,2022,General hospital,0
490020,2023,General hospital,0
490020,2024,General hospital,0
490021,2019,General hospital,0
490021,2020,General hospital,0
490021,2021,General hospital,0
490021,2022,General hospital,0
490021,2023,General hospital,0
490021,2024,General hospital,0
490022,2019,General hospital,1
490022,2020,General hospital,0
490022,2021,General hospital,0
490022,2022,General hospital,0
490022,2023,General hospital,0
490022,2024,General hospital,0
490023,2019,General hospital,0
490023,2020,General hospital,0
490023,2021,General hospital,0
490023,2022,General hospital,0
490023,2023,General hospital,0
490023,2024,General hospital,0
490024,2019,General hospital,0
490024,2020,General hospital,0
490024,2021,General hospital,0
490024,2022,General hospital,0
490024,2023,General hospital,0
490024,2024,General hospital,0
490032,2019,General hospital,0
490032,2020,General hospital,0
490032,2021,General hospital,0
490032,2022,General hospital,0
490032,2023,General hospital,0
490032,2024,General hospital,0
490033,2019,General hospital,0
490033,2020,General hospital,0
490033,2021,General hospital,0
490033,2022,General hospital,0
490033,2023,General hospital,0
490033,2024,General hospital,0
490037,2019,General hospital,0
490037,2020,General hospital,0
490037,2021,General hospital,0
490037,2022,General hospital,0
490037,2023,General hospital,0
490037,2024,General hospital,0
490038,2019,General hospital,0
490038,2020,General hospital,0
490038,2021,General hospital,0
490038,2022,General hospital,0
490038,2023,General hospital,0
490038,2024,General hospital,0
490040,2019,General hospital,0
490040,2020,General hospital,0
490040,2021,General hospital,0
490040,2022,General hospital,0
490040,2023,General hospital,0
490040,2024,General hospital,0
490041,2019,General hospital,0
490041,2020,General hospital,0
490041,2021,General hospital,0
490041,2022,General hospital,0
490041,2023,General hospital,0
490041,2024,General hospital,0
490042,2019,General hospital,0
490042,2020,General hospital,0
490042,2021,General hospital,0
490042,2022,General hospital,0
490042,2023,General hospital,0
490042,2024,General hospital,0
490043,2019,General hospital,0
490043,2020,General hospital,0
490043,2021,General hospital,0
490043,2022,General hospital,0
490043,2023,General hospital,0
490043,2024,General hospital,0
490044,2019,General hospital,0
490044,2020,General hospital,0
490044,2021,General hospital,0
490044,2022,General hospital,0
490044,2023,General hospital,0
490044,2024,General hospital,0
490045,2019,General hospital,0
490045,2020,General hospital,0
490045,2021,General hospital,0
490045,2022,General hospital,0
490045,2023,General hospital,0
490045,2024,General hospital,0
490046,2019,General hospital,0
490046,2020,General hospital,0
490046,2021,General hospital,0
490046,2022,General hospital,0
490046,2023,General hospital,0
490046,2024,General hospital,0
490048,2019,General hospital,0
490048,2020,General hospital,0
490048,2021,General hospital,0
490048,2022,General hospital,0
490048,2023,General hospital,0
490048,2024,General hospital,0
490050,2019,General hospital,0
490050,2020,General hospital,0
490050,2021,General hospital,0
490050,2022,General hospital,0
490050,2023,General hospital,0
490050,2024,General hospital,0
490052,2019,General hospital,0
490052,2020,General hospital,0
490052,2021,General hospital,0
490052,2022,General hospital,0
490052,2023,General hospital,0
490052,2024,General hospital,0
490053,2019,General hospital,0
490053,2020,General hospital,0
490053,2021,General hospital,0
490053,2022,General hospital,0
490053,2023,General hospital,0
490053,2024,General hospital,0
490057,2019,General hospital,0
490057,2020,General hospital,0
490057,2021,General hospital,0
490057,2022,General hospital,0
490057,2023,General hospital,0
490057,2024,General hospital,0
490059,2019,General hospital,0
490059,2020,General hospital,0
490059,2021,General hospital,0
490059,2022,General hospital,0
490059,2023,General hospital,0
490059,2024,General hospital,0
490060,2019,General hospital,0
490060,2020,General hospital,0
490060,2021,General hospital,0
490060,2022,General hospital,0
490060,2023,General hospital,0
490060,2024,General hospital,0
490063,2019,General hospital,0
490063,2020,General hospital,0
490063,2021,General hospital,0
490063,2022,General hospital,0
490063,2023,General hospital,0
490063,2024,General hospital,0
490066,2019,General hospital,0
490066,2020,General hospital,0
490066,2021,General hospital,0
490066,2022,General hospital,0
490066,2023,General hospital,0
490066,2024,General hospital,0
490067,2019,General hospital,0
490067,2020,General hospital,0
490067,2021,General hospital,0
490067,2022,General hospital,0
490067,2023,General hospital,0
490067,2024,General hospital,0
490069,2019,General hospital,0
490069,2020,General hospital,0
490069,2021,General hospital,0
490069,2022,General hospital,0
490069,2023,General hospital,0
490069,2024,General hospital,0
490075,2019,General hospital,0
490075,2020,General hospital,0
490075,2021,General hospital,0
490075,2022,General hospital,0
490075,2023,General hospital,0
490075,2024,General hospital,0
490077,2019,General hospital,1
490077,2020,General hospital,0
490077,2021,General hospital,0
490077,2022,General hospital,0
490077,2023,General hospital,0
490077,2024,General hospital,0
490084,2019,General hospital,0
490084,2020,General hospital,0
490084,2021,General hospital,0
490084,2022,General hospital,0
490084,2023,General hospital,0
490084,2024,General hospital,0
490088,2019,General hospital,0
490088,2020,General hospital,0
490088,2021,General hospital,0
490088,2022,General hospital,0
490088,2023,General hospital,0
490088,2024,General hospital,0
490089,2019,General hospital,0
490089,2020,General hospital,0
490089,2021,General hospital,0
490089,2022,General hospital,0
490089,2023,General hospital,0
490089,2024,General hospital,0
490090,2019,General hospital,0
490090,2020,General hospital,0
490090,2021,General hospital,0
490090,2022,General hospital,0
490090,2023,General hospital,0
490090,2024,General hospital,0
490092,2019,General hospital,0
490092,2020,General hospital,0
490092,2021,General hospital,0
490092,2022,General hospital,0
490092,2023,General hospital,0
490092,2024,General hospital,0
490093,2019,General hospital,0
490093,2020,General hospital,0
490093,2021,General hospital,0
490093,2022,General hospital,0
490093,2023,General hospital,0
490093,2024,General hospital,0
490094,2019,General hospital,0
490094,2020,General hospital,0
490094,2021,General hospital,0
490094,2022,General hospital,0
490094,2023,General hospital,0
490094,2024,General hospital,0
490097,2019,General hospital,0
490097,2020,General hospital,0
490097,2021,General hospital,0
490097,2022,General hospital,0
490097,2023,General hospital,0
490097,2024,General hospital,0
490098,2019,General hospital,1
490098,2020,General hospital,1
490098,2021,General hospital,0
490098,2022,General hospital,0
490098,2023,General hospital,0
490098,2024,General hospital,0
490101,2019,General hospital,0
490101,2020,General hospital,0
490101,2021,General hospital,0
490101,2022,General hospital,0
490101,2023,General hospital,0
490101,2024,General hospital,0
490104,2019,General hospital,1
490104,2020,General hospital,1
490104,2021,General hospital,1
490104,2022,General hospital,1
490104,2023,General hospital,1
490104,2024,General hospital,1
490107,2019,General hospital,0
490107,2020,General hospital,0
490107,2021,General hospital,0
490107,2022,General hospital,0
490107,2023,General hospital,0
490107,2024,General hospital,0
490110,2019,General hospital,0
490110,2020,General hospital,0
490110,2021,General hospital,0
490110,2022,General hospital,0
490110,2023,General hospital,0
490110,2024,General hospital,0
490111,2019,General hospital,0
490111,2020,General hospital,0
490111,2021,General hospital,0
490111,2022,General hospital,0
490111,2023,General hospital,0
490111,2024,General hospital,0
490112,2019,General hospital,0
490112,2020,General hospital,0
490112,2021,General hospital,0
490112,2022,General hospital,0
490112,2023,General hospital,0
490112,2024,General hospital,0
490113,2019,General hospital,0
490113,2020,General hospital,0
490113,2021,General hospital,0
490113,2022,General hospital,0
490113,2023,General hospital,0
490113,2024,General hospital,0
490114,2019,General hospital,0
490114,2020,General hospital,0
490114,2021,General hospital,0
490114,2022,General hospital,0
490114,2023,General hospital,0
490114,2024,General hospital,0
490115,2019,General hospital,0
490115,2020,General hospital,0
490115,2021,General hospital,0
490115,2022,General hospital,0
490115,2023,General hospital,0
490115,2024,General hospital,0
490116,2019,General hospital,0
490116,2020,General hospital,0
490116,2021,General hospital,0
490116,2022,General hospital,0
490116,2023,General hospital,0
490116,2024,General hospital,0
490117,2019,General hospital,0
490117,2020,General hospital,0
490117,2021,General hospital,0
490117,2022,General hospital,0
490117,2023,General hospital,0
490117,2024,General hospital,0
490118,2019,General hospital,0
490118,2020,General hospital,0
490118,2021,General hospital,0
490118,2022,General hospital,0
490118,2023,General hospital,0
490118,2024,General hospital,0
490119,2019,General hospital,0
490119,2020,General hospital,0
490119,2021,General hospital,0
490119,2022,General hospital,0
490119,2023,General hospital,0
490119,2024,General hospital,0
490120,2019,General hospital,0
490120,2020,General hospital,0
490120,2021,General hospital,0
490120,2022,General hospital,0
490120,2023,General hospital,0
490120,2024,General hospital,0
490122,2019,General hospital,0
490122,2020,General hospital,0
490122,2021,General hospital,0
490122,2022,General hospital,0
490122,2023,General hospital,0
490122,2024,General hospital,0
490126,2019,General hospital,0
490126,2020,General hospital,0
490126,2021,General hospital,0
490126,2022,General hospital,0
490126,2023,General hospital,0
490126,2024,General hospital,0
490127,2019,General hospital,0
490127,2020,General hospital,0
490127,2021,General hospital,0
490127,2022,General hospital,0
490127,2023,General hospital,1
490127,2024,General hospital,1
490129,2019,General hospital,1
490129,2020,General hospital,1
490130,2019,General hospital,0
490130,2020,General hospital,0
490130,2021,General hospital,0
490130,2022,General hospital,0
490130,2023,General hospital,0
490130,2024,General hospital,0
490136,2019,General hospital,0
490136,2020,General hospital,0
490136,2021,General hospital,0
490136,2022,General hospital,0
490136,2023,General hospital,0
490136,2024,General hospital,0
490140,2019,General hospital,1
490140,2020,General hospital,0
490140,2021,General hospital,0
490140,2022,General hospital,0
490140,2023,General hospital,0
490140,2024,General hospital,0
490141,2019,General hospital,0
490141,2020,General hospital,0
490141,2021,General hospital,0
490141,2022,General hospital,0
490141,2023,General hospital,0
490141,2024,General hospital,0
490143,2019,General hospital,0
490143,2020,General hospital,0
490143,2021,General hospital,0
490143,2022,General hospital,0
490143,2023,General hospital,0
490143,2024,General hospital,0
490144,2019,General hospital,0
490144,2020,General hospital,0
490144,2021,General hospital,0
490144,2022,General hospital,0
490144,2023,General hospital,0
490144,2024,General hospital,0
490145,2019,General hospital,0
490145,2020,General hospital,0
490145,2021,General hospital,0
490145,2022,General hospital,0
490145,2023,General hospital,0
490145,2024,General hospital,0
490147,2024,General hospital,1
491300,2019,Small rural (critical access),0
491300,2020,Small rural (critical access),0
491300,2021,Small rural (critical access),0
491300,2022,Small rural (critical access),0
491300,2023,Small rural (critical access),0
491300,2024,Small rural (critical access),1
491302,2019,Small rural (critical access),0
491302,2020,Small rural (critical access),0
491302,2021,Small rural (critical access),0
491302,2022,Small rural (critical access),0
491302,2023,Small rural (critical access),0
491302,2024,Small rural (critical access),0
491303,2019,Small rural (critical access),0
491303,2020,Small rural (critical access),0
491303,2021,Small rural (critical access),0
491303,2022,Small rural (critical access),0
491303,2023,Small rural (critical access),0
491303,2024,Small rural (critical access),0
491304,2019,Small rural (critical access),0
491304,2020,Small rural (critical access),0
491304,2021,Small rural (critical access),0
491304,2022,Small rural (critical access),0
491304,2023,Small rural (critical access),0
491304,2024,Small rural (critical access),0
491305,2019,Small rural (critical access),0
491305,2020,Small rural (critical access),0
491305,2021,Small rural (critical access),0
491305,2022,Small rural (critical access),0
491305,2023,Small rural (critical access),0
491305,2024,Small rural (critical access),0
491307,2019,Small rural (critical access),0
491307,2020,Small rural (critical access),0
491307,2021,Small rural (critical access),0
491307,2022,Small rural (critical access),0
491307,2023,Small rural (critical access),0
491307,2024,Small rural (critical access),0
491308,2019,Small rural (critical access),0
491308,2020,Small rural (critical access),0
491308,2021,Small rural (critical access),0
491308,2022,Small rural (critical access),0
491308,2023,Small rural (critical access),0
491308,2024,Small rural (critical access),0
491309,2022,Small rural (critical access),1
491309,2023,Small rural (critical access),0
491309,2024,Small rural (critical access),0
500001,2019,General hospital,0
500001,2020,General hospital,0
500002,2019,General hospital,0
500002,2020,General hospital,0
500002,2021,General hospital,0
500002,2022,General hospital,0
500002,2023,General hospital,0
500002,2024,General hospital,0
500003,2019,General hospital,0
500003,2020,General hospital,0
500003,2021,General hospital,0
500003,2022,General hospital,0
500003,2023,General hospital,0
500003,2024,General hospital,0
500005,2019,General hospital,1
500005,2020,General hospital,0
500005,2021,General hospital,0
500005,2022,General hospital,0
500005,2023,General hospital,0
500005,2024,General hospital,0
500007,2019,General hospital,0
500007,2020,General hospital,0
500007,2021,General hospital,0
500007,2022,General hospital,0
500007,2023,General hospital,0
500007,2024,General hospital,0
500008,2019,General hospital,0
500008,2020,General hospital,0
500008,2021,General hospital,0
500008,2022,General hospital,1
500008,2023,General hospital,0
500008,2024,General hospital,0
500011,2019,General hospital,0
500011,2020,General hospital,0
500011,2021,General hospital,0
500011,2022,General hospital,0
500011,2023,General hospital,1
500011,2024,General hospital,0
500012,2019,General hospital,0
500012,2020,General hospital,0
500014,2019,General hospital,0
500014,2020,General hospital,0
500014,2021,General hospital,0
500014,2022,General hospital,0
500014,2023,General hospital,0
500014,2024,General hospital,0
500015,2019,General hospital,0
500015,2020,General hospital,0
500015,2021,General hospital,0
500015,2022,General hospital,0
500015,2023,General hospital,0
500015,2024,General hospital,0
500016,2019,General hospital,1
500016,2020,General hospital,0
500016,2021,General hospital,0
500016,2022,General hospital,0
500016,2023,General hospital,0
500016,2024,General hospital,0
500019,2019,General hospital,0
500019,2020,General hospital,0
500019,2021,General hospital,0
500019,2022,General hospital,0
500019,2023,General hospital,0
500019,2024,General hospital,0
500021,2019,General hospital,0
500021,2020,General hospital,0
500021,2021,General hospital,0
500021,2022,General hospital,0
500021,2023,General hospital,1
500021,2024,General hospital,0
500024,2019,General hospital,0
500024,2020,General hospital,0
500024,2021,General hospital,0
500024,2022,General hospital,0
500024,2023,General hospital,0
500024,2024,General hospital,0
500025,2019,General hospital,0
500025,2020,General hospital,0
500025,2021,General hospital,0
500025,2022,General hospital,0
500025,2023,General hospital,0
500025,2024,General hospital,0
500026,2019,General hospital,0
500026,2020,General hospital,0
500026,2021,General hospital,0
500026,2022,General hospital,0
500026,2023,General hospital,0
500026,2024,General hospital,0
500027,2019,General hospital,0
500027,2020,General hospital,0
500027,2021,General hospital,0
500027,2022,General hospital,0
500027,2023,General hospital,0
500027,2024,General hospital,0
500030,2019,General hospital,0
500030,2020,General hospital,0
500030,2021,General hospital,0
500030,2022,General hospital,0
500030,2023,General hospital,0
500030,2024,General hospital,0
500031,2019,General hospital,0
500031,2020,General hospital,0
500031,2021,General hospital,0
500031,2022,General hospital,0
500031,2023,General hospital,0
500031,2024,General hospital,0
500033,2019,General hospital,0
500033,2020,General hospital,0
500033,2021,General hospital,1
500033,2022,General hospital,0
500033,2023,General hospital,0
500033,2024,General hospital,0
500036,2019,General hospital,0
500036,2020,General hospital,0
500036,2021,General hospital,0
500036,2022,General hospital,0
500036,2023,General hospital,0
500036,2024,General hospital,1
500037,2019,General hospital,0
500037,2020,General hospital,0
500037,2021,General hospital,0
500037,2022,General hospital,0
500037,2023,General hospital,0
500037,2024,General hospital,0
500039,2019,General hospital,0
500039,2020,General hospital,0
500039,2021,General hospital,0
500039,2022,General hospital,0
500039,2023,General hospital,1
500039,2024,General hospital,0
500041,2019,General hospital,0
500041,2020,General hospital,0
500041,2021,General hospital,0
500041,2022,General hospital,0
500041,2023,General hospital,0
500041,2024,General hospital,0
500044,2019,General hospital,0
500044,2020,General hospital,0
500044,2021,General hospital,0
500044,2022,General hospital,0
500044,2023,General hospital,0
500044,2024,General hospital,0
500050,2019,General hospital,0
500050,2020,General hospital,0
500050,2021,General hospital,0
500050,2022,General hospital,0
500050,2023,General hospital,0
500050,2024,General hospital,0
500051,2019,General hospital,0
500051,2020,General hospital,0
500051,2021,General hospital,0
500051,2022,General hospital,0
500051,2023,General hospital,0
500051,2024,General hospital,0
500052,2019,General hospital,1
500052,2020,General hospital,1
500052,2021,General hospital,1
500052,2022,General hospital,1
500052,2023,General hospital,1
500052,2024,General hospital,1
500053,2019,General hospital,1
500053,2020,General hospital,1
500053,2021,General hospital,1
500053,2022,General hospital,0
500053,2023,General hospital,0
500053,2024,General hospital,0
500054,2019,General hospital,0
500054,2020,General hospital,0
500054,2021,General hospital,0
500054,2022,General hospital,0
500054,2023,General hospital,0
500054,2024,General hospital,0
500058,2019,General hospital,0
500058,2020,General hospital,0
500058,2021,General hospital,0
500058,2022,General hospital,0
500058,2023,General hospital,0
500058,2024,General hospital,0
500060,2019,General hospital,0
500060,2020,General hospital,0
500060,2021,General hospital,0
500060,2022,General hospital,0
500060,2023,General hospital,0
500060,2024,General hospital,0
500064,2019,General hospital,0
500064,2020,General hospital,0
500064,2021,General hospital,0
500064,2022,General hospital,1
500064,2023,General hospital,0
500064,2024,General hospital,0
500072,2019,General hospital,1
500072,2020,General hospital,1
500072,2021,General hospital,0
500072,2022,General hospital,0
500072,2023,General hospital,0
500072,2024,General hospital,1
500077,2019,General hospital,0
500077,2020,General hospital,0
500077,2021,General hospital,0
500077,2022,General hospital,0
500077,2023,General hospital,0
500077,2024,General hospital,0
500079,2019,General hospital,0
500079,2020,General hospital,0
500079,2021,General hospital,0
500079,2022,General hospital,0
500079,2023,General hospital,0
500079,2024,General hospital,0
500084,2019,General hospital,0
500084,2020,General hospital,0
500084,2021,General hospital,0
500084,2022,General hospital,0
500084,2023,General hospital,1
500084,2024,General hospital,0
500088,2019,General hospital,0
500088,2020,General hospital,0
500088,2021,General hospital,0
500088,2022,General hospital,0
500088,2023,General hospital,0
500088,2024,General hospital,0
500108,2019,General hospital,0
500108,2020,General hospital,0
500108,2021,General hospital,0
500108,2022,General hospital,0
500108,2023,General hospital,1
500108,2024,General hospital,0
500119,2019,General hospital,0
500119,2020,General hospital,0
500119,2021,General hospital,0
500119,2022,General hospital,0
500119,2023,General hospital,0
500119,2024,General hospital,0
500124,2019,General hospital,1
500124,2020,General hospital,0
500124,2021,General hospital,0
500124,2022,General hospital,0
500124,2023,General hospital,1
500124,2024,General hospital,0
500129,2019,General hospital,0
500129,2020,General hospital,0
500129,2021,General hospital,0
500129,2022,General hospital,0
500129,2023,General hospital,0
500129,2024,General hospital,0
500139,2019,General hospital,0
500139,2020,General hospital,0
500139,2021,General hospital,0
500139,2022,General hospital,0
500139,2023,General hospital,0
500139,2024,General hospital,0
500141,2019,General hospital,0
500141,2020,General hospital,0
500141,2021,General hospital,0
500141,2022,General hospital,0
500141,2023,General hospital,1
500141,2024,General hospital,0
500148,2019,General hospital,1
500148,2020,General hospital,0
500148,2021,General hospital,0
500148,2022,General hospital,0
500148,2023,General hospital,0
500150,2019,General hospital,0
500150,2020,General hospital,0
500150,2021,General hospital,0
500150,2022,General hospital,0
500150,2023,General hospital,0
500150,2024,General hospital,0
500151,2019,General hospital,0
500151,2020,General hospital,0
500151,2021,General hospital,0
500151,2022,General hospital,0
500151,2023,General hospital,1
500151,2024,General hospital,0
500152,2019,General hospital,0
500152,2020,General hospital,0
500152,2021,General hospital,0
500152,2022,General hospital,0
500152,2023,General hospital,0
500152,2024,General hospital,0
500154,2019,General hospital,1
500154,2020,General hospital,0
500154,2021,General hospital,0
500154,2022,General hospital,0
500154,2023,General hospital,0
500154,2024,General hospital,0
501301,2019,Small rural (critical access),0
501301,2020,Small rural (critical access),0
501301,2021,Small rural (critical access),0
501301,2022,Small rural (critical access),0
501301,2023,Small rural (critical access),0
501301,2024,Small rural (critical access),0
501302,2019,Small rural (critical access),1
501302,2020,Small rural (critical access),1
501302,2021,Small rural (critical access),1
501302,2022,Small rural (critical access),1
501302,2023,Small rural (critical access),1
501302,2024,Small rural (critical access),1
501303,2019,Small rural (critical access),0
501303,2020,Small rural (critical access),0
501303,2021,Small rural (critical access),0
501303,2022,Small rural (critical access),0
501303,2023,Small rural (critical access),1
501303,2024,Small rural (critical access),0
501304,2019,Small rural (critical access),1
501304,2020,Small rural (critical access),1
501304,2021,Small rural (critical access),1
501304,2022,Small rural (critical access),1
501304,2023,Small rural (critical access),1
501304,2024,Small rural (critical access),1
501305,2019,Small rural (critical access),1
501305,2020,Small rural (critical access),1
501305,2021,Small rural (critical access),1
501305,2022,Small rural (critical access),1
501305,2023,Small rural (critical access),1
501305,2024,Small rural (critical access),1
501307,2019,Small rural (critical access),1
501307,2020,Small rural (critical access),1
501307,2021,Small rural (critical access),1
501307,2022,Small rural (critical access),1
501307,2023,Small rural (critical access),1
501307,2024,Small rural (critical access),0
501308,2019,Small rural (critical access),0
501308,2020,Small rural (critical access),0
501308,2021,Small rural (critical access),0
501308,2022,Small rural (critical access),0
501308,2023,Small rural (critical access),0
501308,2024,Small rural (critical access),0
501309,2019,Small rural (critical access),0
501309,2020,Small rural (critical access),0
501309,2021,Small rural (critical access),0
501309,2022,Small rural (critical access),0
501309,2023,Small rural (critical access),0
501309,2024,Small rural (critical access),0
501310,2019,Small rural (critical access),1
501310,2020,Small rural (critical access),1
501310,2021,Small rural (critical access),1
501310,2022,Small rural (critical access),1
501310,2023,Small rural (critical access),1
501310,2024,Small rural (critical access),0
501311,2019,Small rural (critical access),1
501311,2020,Small rural (critical access),1
501311,2021,Small rural (critical access),1
501311,2022,Small rural (critical access),1
501311,2023,Small rural (critical access),1
501311,2024,Small rural (critical access),1
501312,2019,Small rural (critical access),1
501312,2020,Small rural (critical access),1
501312,2021,Small rural (critical access),0
501312,2022,Small rural (critical access),0
501312,2023,Small rural (critical access),0
501312,2024,Small rural (critical access),0
501313,2019,Small rural (critical access),1
501313,2020,Small rural (critical access),1
501313,2021,Small rural (critical access),1
501313,2022,Small rural (critical access),1
501313,2023,Small rural (critical access),1
501313,2024,Small rural (critical access),1
501314,2019,Small rural (critical access),0
501314,2020,Small rural (critical access),0
501314,2021,Small rural (critical access),0
501314,2022,Small rural (critical access),0
501314,2023,Small rural (critical access),1
501314,2024,Small rural (critical access),1
501315,2019,Small rural (critical access),0
501315,2020,Small rural (critical access),0
501315,2021,Small rural (critical access),0
501315,2022,Small rural (critical access),0
501315,2023,Small rural (critical access),1
501315,2024,Small rural (critical access),1
501316,2019,Small rural (critical access),0
501316,2020,Small rural (critical access),0
501316,2021,Small rural (critical access),0
501316,2022,Small rural (critical access),1
501316,2023,Small rural (critical access),1
501316,2024,Small rural (critical access),0
501317,2019,Small rural (critical access),1
501317,2020,Small rural (critical access),1
501317,2021,Small rural (critical access),1
501317,2022,Small rural (critical access),1
501317,2023,Small rural (critical access),0
501317,2024,Small rural (critical access),0
501318,2019,Small rural (critical access),0
501318,2020,Small rural (critical access),0
501318,2021,Small rural (critical access),0
501318,2022,Small rural (critical access),0
501318,2023,Small rural (critical access),1
501318,2024,Small rural (critical access),0
501319,2019,Small rural (critical access),0
501319,2020,Small rural (critical access),0
501319,2021,Small rural (critical access),0
501319,2022,Small rural (critical access),1
501319,2023,Small rural (critical access),1
501319,2024,Small rural (critical access),0
501320,2019,Small rural (critical access),0
501320,2020,Small rural (critical access),0
501320,2021,Small rural (critical access),0
501320,2022,Small rural (critical access),0
501320,2023,Small rural (critical access),1
501320,2024,Small rural (critical access),0
501321,2019,Small rural (critical access),0
501321,2020,Small rural (critical access),0
501321,2021,Small rural (critical access),0
501321,2022,Small rural (critical access),0
501321,2023,Small rural (critical access),0
501321,2024,Small rural (critical access),0
501322,2019,Small rural (critical access),1
501322,2020,Small rural (critical access),1
501322,2021,Small rural (critical access),1
501322,2022,Small rural (critical access),1
501322,2023,Small rural (critical access),1
501322,2024,Small rural (critical access),1
501323,2019,Small rural (critical access),1
501323,2020,Small rural (critical access),1
501323,2021,Small rural (critical access),1
501323,2022,Small rural (critical access),1
501323,2023,Small rural (critical access),1
501323,2024,Small rural (critical access),0
501324,2019,Small rural (critical access),0
501324,2020,Small rural (critical access),0
501324,2021,Small rural (critical access),0
501324,2022,Small rural (critical access),1
501324,2023,Small rural (critical access),0
501324,2024,Small rural (critical access),1
501325,2019,Small rural (critical access),1
501325,2020,Small rural (critical access),1
501325,2021,Small rural (critical access),0
501325,2022,Small rural (critical access),1
501325,2023,Small rural (critical access),1
501325,2024,Small rural (critical access),1
501326,2019,Small rural (critical access),0
501326,2020,Small rural (critical access),0
501326,2021,Small rural (critical access),0
501326,2022,Small rural (critical access),0
501326,2023,Small rural (critical access),0
501326,2024,Small rural (critical access),0
501327,2019,Small rural (critical access),0
501327,2020,Small rural (critical access),0
501327,2021,Small rural (critical access),0
501327,2022,Small rural (critical access),0
501327,2023,Small rural (critical access),0
501327,2024,Small rural (critical access),0
501328,2019,Small rural (critical access),0
501328,2020,Small rural (critical access),0
501328,2021,Small rural (critical access),0
501328,2022,Small rural (critical access),0
501328,2023,Small rural (critical access),1
501328,2024,Small rural (critical access),0
501329,2019,Small rural (critical access),0
501329,2020,Small rural (critical access),0
501329,2021,Small rural (critical access),0
501329,2022,Small rural (critical access),0
501329,2023,Small rural (critical access),0
501329,2024,Small rural (critical access),0
501330,2019,Small rural (critical access),0
501330,2020,Small rural (critical access),0
501330,2021,Small rural (critical access),0
501330,2022,Small rural (critical access),0
501330,2023,Small rural (critical access),0
501330,2024,Small rural (critical access),0
501331,2019,Small rural (critical access),0
501331,2020,Small rural (critical access),0
501331,2021,Small rural (critical access),0
501331,2022,Small rural (critical access),0
501331,2023,Small rural (critical access),1
501331,2024,Small rural (critical access),0
501332,2019,Small rural (critical access),0
501332,2020,Small rural (critical access),0
501332,2021,Small rural (critical access),0
501332,2022,Small rural (critical access),0
501332,2023,Small rural (critical access),0
501332,2024,Small rural (critical access),0
501333,2019,Small rural (critical access),0
501333,2020,Small rural (critical access),0
501333,2021,Small rural (critical access),0
501333,2022,Small rural (critical access),0
501333,2023,Small rural (critical access),0
501333,2024,Small rural (critical access),0
501334,2019,Small rural (critical access),0
501334,2020,Small rural (critical access),0
501334,2021,Small rural (critical access),1
501334,2022,Small rural (critical access),0
501334,2023,Small rural (critical access),0
501334,2024,Small rural (critical access),0
501335,2019,Small rural (critical access),0
501335,2020,Small rural (critical access),0
501335,2021,Small rural (critical access),0
501335,2022,Small rural (critical access),0
501335,2023,Small rural (critical access),1
501335,2024,Small rural (critical access),0
501336,2019,Small rural (critical access),0
501336,2020,Small rural (critical access),0
501336,2021,Small rural (critical access),0
501336,2022,Small rural (critical access),0
501336,2023,Small rural (critical access),0
501336,2024,Small rural (critical access),0
501337,2019,Small rural (critical access),0
501337,2020,Small rural (critical access),0
501337,2021,Small rural (critical access),0
501337,2022,Small rural (critical access),0
501337,2023,Small rural (critical access),0
501337,2024,Small rural (critical access),0
501338,2019,Small rural (critical access),1
501338,2020,Small rural (critical access),0
501338,2021,Small rural (critical access),0
501338,2022,Small rural (critical access),0
501338,2023,Small rural (critical access),1
501338,2024,Small rural (critical access),0
501339,2019,Small rural (critical access),0
501339,2020,Small rural (critical access),0
501339,2021,Small rural (critical access),1
501339,2022,Small rural (critical access),1
501339,2023,Small rural (critical access),0
501339,2024,Small rural (critical access),0
501340,2019,Small rural (critical access),0
501340,2020,Small rural (critical access),0
501340,2021,Small rural (critical access),0
501340,2022,Small rural (critical access),0
501340,2023,Small rural (critical access),0
501340,2024,Small rural (critical access),0
510001,2019,General hospital,0
510001,2020,General hospital,0
510001,2021,General hospital,0
510001,2022,General hospital,0
510001,2023,General hospital,0
510001,2024,General hospital,0
510002,2019,General hospital,0
510002,2020,General hospital,0
510002,2021,General hospital,0
510002,2022,General hospital,0
510002,2023,General hospital,0
510002,2024,General hospital,0
510006,2019,General hospital,0
510006,2020,General hospital,0
510006,2021,General hospital,0
510006,2022,General hospital,0
510006,2023,General hospital,0
510006,2024,General hospital,0
510007,2019,General hospital,0
510007,2020,General hospital,0
510007,2021,General hospital,0
510007,2022,General hospital,0
510007,2023,General hospital,0
510007,2024,General hospital,0
510008,2019,General hospital,0
510008,2020,General hospital,0
510008,2021,General hospital,0
510008,2022,General hospital,0
510008,2023,General hospital,0
510008,2024,General hospital,0
510012,2019,General hospital,0
510012,2020,General hospital,0
510012,2021,General hospital,0
510012,2022,General hospital,0
510012,2023,General hospital,0
510012,2024,General hospital,0
510013,2019,General hospital,0
510013,2020,General hospital,0
510013,2021,General hospital,0
510013,2022,General hospital,0
510013,2023,General hospital,0
510013,2024,General hospital,0
510022,2019,General hospital,0
510022,2020,General hospital,0
510022,2021,General hospital,0
510022,2022,General hospital,0
510022,2023,General hospital,0
510022,2024,General hospital,0
510023,2019,General hospital,0
510023,2020,General hospital,0
510023,2021,General hospital,0
510023,2022,General hospital,1
510023,2023,General hospital,0
510023,2024,General hospital,1
510024,2019,General hospital,1
510024,2020,General hospital,0
510024,2021,General hospital,0
510024,2022,General hospital,0
510024,2023,General hospital,0
510024,2024,General hospital,0
510029,2019,General hospital,0
510029,2020,General hospital,0
510029,2021,General hospital,0
510029,2022,General hospital,0
510029,2023,General hospital,0
510029,2024,General hospital,0
510030,2019,General hospital,1
510030,2020,General hospital,0
510030,2021,General hospital,0
510030,2022,General hospital,0
510030,2023,General hospital,0
510030,2024,General hospital,1
510031,2019,General hospital,0
510031,2020,General hospital,0
510031,2021,General hospital,0
510031,2022,General hospital,0
510031,2023,General hospital,0
510031,2024,General hospital,0
510038,2019,General hospital,0
510038,2020,General hospital,0
510038,2021,General hospital,0
510038,2022,General hospital,0
510038,2023,General hospital,0
510038,2024,General hospital,0
510039,2019,General hospital,0
510039,2020,General hospital,0
510039,2021,General hospital,1
510046,2019,General hospital,0
510046,2020,General hospital,0
510046,2021,General hospital,0
510046,2022,General hospital,0
510046,2023,General hospital,0
510046,2024,General hospital,1
510047,2019,General hospital,0
510047,2020,General hospital,0
510047,2021,General hospital,1
510048,2019,General hospital,0
510048,2020,General hospital,0
510048,2021,General hospital,0
510048,2022,General hospital,0
510048,2023,General hospital,0
510048,2024,General hospital,0
510050,2019,General hospital,0
510050,2020,General hospital,0
510050,2021,General hospital,0
510050,2022,General hospital,1
510050,2023,General hospital,0
510050,2024,General hospital,0
510055,2019,General hospital,0
510055,2020,General hospital,0
510055,2021,General hospital,0
510055,2022,General hospital,0
510055,2023,General hospital,0
510055,2024,General hospital,0
510058,2019,General hospital,0
510058,2020,General hospital,0
510058,2021,General hospital,0
510058,2022,General hospital,0
510058,2023,General hospital,0
510058,2024,General hospital,0
510062,2019,General hospital,1
510062,2020,General hospital,1
510062,2021,General hospital,1
510062,2022,General hospital,0
510062,2023,General hospital,0
510062,2024,General hospital,0
510070,2019,General hospital,0
510070,2020,General hospital,0
510070,2021,General hospital,0
510070,2022,General hospital,0
510070,2023,General hospital,0
510070,2024,General hospital,0
510071,2019,General hospital,0
510071,2020,General hospital,0
510072,2019,General hospital,0
510072,2020,General hospital,0
510072,2021,General hospital,0
510072,2022,General hospital,0
510072,2023,General hospital,0
510072,2024,General hospital,0
510077,2019,General hospital,0
510077,2020,General hospital,0
510086,2019,General hospital,0
510086,2020,General hospital,0
510086,2021,General hospital,0
510086,2022,General hospital,1
510086,2023,General hospital,0
510086,2024,General hospital,1
510091,2019,General hospital,1
510091,2020,General hospital,1
510091,2021,General hospital,1
510091,2022,General hospital,1
510091,2023,General hospital,1
510091,2024,General hospital,1
510093,2023,General hospital,1
510093,2024,General hospital,0
511300,2019,Small rural (critical access),1
511300,2020,Small rural (critical access),1
511300,2021,Small rural (critical access),0
511300,2022,Small rural (critical access),0
511300,2023,Small rural (critical access),0
511300,2024,Small rural (critical access),1
511301,2019,Small rural (critical access),1
511301,2020,Small rural (critical access),1
511301,2021,Small rural (critical access),0
511301,2022,Small rural (critical access),1
511301,2023,Small rural (critical access),0
511301,2024,Small rural (critical access),0
511303,2019,Small rural (critical access),0
511303,2020,Small rural (critical access),0
511303,2021,Small rural (critical access),1
511303,2022,Small rural (critical access),1
511303,2023,Small rural (critical access),1
511303,2024,Small rural (critical access),0
511304,2019,Small rural (critical access),1
511304,2020,Small rural (critical access),1
511304,2021,Small rural (critical access),1
511304,2022,Small rural (critical access),1
511304,2023,Small rural (critical access),0
511304,2024,Small rural (critical access),0
511306,2019,Small rural (critical access),0
511306,2020,Small rural (critical access),0
511306,2021,Small rural (critical access),0
511306,2022,Small rural (critical access),0
511306,2023,Small rural (critical access),0
511306,2024,Small rural (critical access),0
511307,2019,Small rural (critical access),0
511307,2020,Small rural (critical access),0
511307,2021,Small rural (critical access),0
511307,2022,Small rural (critical access),0
511307,2023,Small rural (critical access),0
511307,2024,Small rural (critical access),0
511308,2019,Small rural (critical access),1
511308,2020,Small rural (critical access),1
511308,2021,Small rural (critical access),0
511308,2022,Small rural (critical access),0
511308,2023,Small rural (critical access),0
511308,2024,Small rural (critical access),0
511309,2019,Small rural (critical access),0
511309,2020,Small rural (critical access),0
511309,2021,Small rural (critical access),0
511309,2022,Small rural (critical access),0
511309,2023,Small rural (critical access),0
511309,2024,Small rural (critical access),0
511310,2019,Small rural (critical access),1
511310,2020,Small rural (critical access),1
511310,2021,Small rural (critical access),1
511310,2022,Small rural (critical access),0
511310,2023,Small rural (critical access),0
511310,2024,Small rural (critical access),0
511311,2019,Small rural (critical access),0
511311,2020,Small rural (critical access),0
511311,2021,Small rural (critical access),0
511311,2022,Small rural (critical access),0
511311,2023,Small rural (critical access),0
511311,2024,Small rural (critical access),0
511312,2019,Small rural (critical access),0
511312,2020,Small rural (critical access),0
511312,2021,Small rural (critical access),0
511312,2022,Small rural (critical access),0
511312,2023,Small rural (critical access),0
511312,2024,Small rural (critical access),0
511313,2019,Small rural (critical access),1
511313,2020,Small rural (critical access),1
511313,2021,Small rural (critical access),1
511313,2022,Small rural (critical access),1
511313,2023,Small rural (critical access),0
511313,2024,Small rural (critical access),0
511314,2019,Small rural (critical access),0
511314,2020,Small rural (critical access),0
511314,2021,Small rural (critical access),1
511314,2022,Small rural (critical access),1
511314,2023,Small rural (critical access),0
511314,2024,Small rural (critical access),0
511315,2019,Small rural (critical access),0
511315,2020,Small rural (critical access),0
511315,2021,Small rural (critical access),0
511315,2022,Small rural (critical access),0
511315,2023,Small rural (critical access),0
511315,2024,Small rural (critical access),0
511316,2019,Small rural (critical access),0
511316,2020,Small rural (critical access),0
511316,2021,Small rural (critical access),0
511316,2022,Small rural (critical access),0
511316,2023,Small rural (critical access),0
511316,2024,Small rural (critical access),0
511317,2019,Small rural (critical access),0
511317,2020,Small rural (critical access),0
511317,2021,Small rural (critical access),0
511317,2022,Small rural (critical access),0
511317,2023,Small rural (critical access),0
511317,2024,Small rural (critical access),0
511318,2019,Small rural (critical access),0
511318,2020,Small rural (critical access),0
511318,2021,Small rural (critical access),0
511318,2022,Small rural (critical access),1
511318,2023,Small rural (critical access),1
511318,2024,Small rural (critical access),1
511319,2019,Small rural (critical access),0
511319,2020,Small rural (critical access),0
511319,2021,Small rural (critical access),0
511319,2022,Small rural (critical access),0
511319,2023,Small rural (critical access),0
511319,2024,Small rural (critical access),0
511320,2019,Small rural (critical access),0
511320,2020,Small rural (critical access),0
511320,2021,Small rural (critical access),0
511320,2022,Small rural (critical access),0
511320,2023,Small rural (critical access),0
511320,2024,Small rural (critical access),0
511321,2019,Small rural (critical access),0
511321,2020,Small rural (critical access),0
511321,2021,Small rural (critical access),0
511321,2022,Small rural (critical access),0
511321,2023,Small rural (critical access),0
511321,2024,Small rural (critical access),0
511322,2019,Small rural (critical access),1
511322,2020,Small rural (critical access),1
511322,2021,Small rural (critical access),0
511322,2022,Small rural (critical access),0
511322,2023,Small rural (critical access),0
511322,2024,Small rural (critical access),0
520002,2019,General hospital,1
520002,2020,General hospital,1
520002,2021,General hospital,1
520002,2022,General hospital,1
520002,2023,General hospital,0
520002,2024,General hospital,0
520004,2019,General hospital,0
520004,2020,General hospital,0
520004,2021,General hospital,0
520004,2022,General hospital,0
520004,2023,General hospital,0
520004,2024,General hospital,0
520008,2019,General hospital,0
520008,2020,General hospital,0
520008,2021,General hospital,0
520008,2022,General hospital,0
520008,2023,General hospital,0
520008,2024,General hospital,0
520009,2019,General hospital,0
520009,2020,General hospital,0
520009,2021,General hospital,1
520009,2022,General hospital,0
520009,2023,General hospital,1
520009,2024,General hospital,0
520011,2019,General hospital,0
520011,2020,General hospital,0
520011,2021,General hospital,0
520011,2022,General hospital,0
520011,2023,General hospital,0
520011,2024,General hospital,0
520013,2019,General hospital,0
520013,2020,General hospital,0
520013,2021,General hospital,0
520013,2022,General hospital,0
520013,2023,General hospital,0
520017,2019,General hospital,0
520017,2020,General hospital,0
520017,2021,General hospital,0
520017,2022,General hospital,0
520017,2023,General hospital,0
520019,2019,General hospital,1
520019,2020,General hospital,1
520019,2021,General hospital,1
520019,2022,General hospital,1
520019,2023,General hospital,0
520019,2024,General hospital,0
520021,2019,General hospital,0
520021,2020,General hospital,0
520021,2021,General hospital,0
520021,2022,General hospital,0
520021,2023,General hospital,0
520021,2024,General hospital,0
520027,2019,General hospital,0
520027,2020,General hospital,0
520027,2021,General hospital,0
520027,2022,General hospital,0
520028,2019,General hospital,0
520028,2020,General hospital,0
520028,2021,General hospital,0
520028,2022,General hospital,0
520028,2023,General hospital,0
520028,2024,General hospital,0
520030,2019,General hospital,0
520030,2020,General hospital,0
520030,2021,General hospital,0
520030,2022,General hospital,0
520030,2023,General hospital,0
520030,2024,General hospital,0
520033,2019,General hospital,0
520033,2020,General hospital,0
520033,2021,General hospital,0
520033,2022,General hospital,0
520033,2023,General hospital,0
520033,2024,General hospital,0
520034,2019,General hospital,0
520034,2020,General hospital,0
520034,2021,General hospital,0
520034,2022,General hospital,0
520034,2023,General hospital,0
520034,2024,General hospital,0
520035,2019,General hospital,0
520035,2020,General hospital,0
520035,2021,General hospital,0
520035,2022,General hospital,0
520035,2023,General hospital,0
520035,2024,General hospital,0
520037,2019,General hospital,0
520037,2020,General hospital,0
520037,2021,General hospital,0
520037,2022,General hospital,0
520037,2023,General hospital,0
520037,2024,General hospital,0
520038,2019,General hospital,0
520038,2020,General hospital,0
520038,2021,General hospital,0
520038,2022,General hospital,0
520038,2023,General hospital,0
520038,2024,General hospital,0
520041,2019,General hospital,0
520041,2020,General hospital,0
520041,2021,General hospital,0
520041,2022,General hospital,0
520041,2023,General hospital,0
520041,2024,General hospital,0
520044,2019,General hospital,0
520044,2020,General hospital,0
520044,2021,General hospital,0
520044,2022,General hospital,0
520044,2023,General hospital,0
520044,2024,General hospital,0
520045,2019,General hospital,0
520045,2020,General hospital,0
520045,2021,General hospital,0
520045,2022,General hospital,0
520045,2023,General hospital,0
520045,2024,General hospital,1
520049,2019,General hospital,0
520049,2020,General hospital,0
520049,2021,General hospital,0
520049,2022,General hospital,0
520049,2023,General hospital,0
520049,2024,General hospital,0
520051,2019,General hospital,0
520051,2020,General hospital,0
520051,2021,General hospital,0
520051,2022,General hospital,0
520051,2023,General hospital,1
520051,2024,General hospital,0
520057,2019,General hospital,0
520057,2020,General hospital,0
520057,2021,General hospital,0
520057,2022,General hospital,0
520057,2023,General hospital,0
520057,2024,General hospital,0
520059,2019,General hospital,0
520059,2020,General hospital,0
520059,2021,General hospital,0
520059,2022,General hospital,0
520059,2023,General hospital,0
520059,2024,General hospital,0
520062,2019,General hospital,0
520062,2020,General hospital,0
520062,2021,General hospital,0
520062,2022,General hospital,0
520062,2023,General hospital,0
520062,2024,General hospital,0
520063,2019,General hospital,0
520063,2020,General hospital,0
520063,2021,General hospital,0
520063,2022,General hospital,0
520063,2023,General hospital,0
520063,2024,General hospital,0
520066,2019,General hospital,0
520066,2020,General hospital,0
520066,2021,General hospital,0
520066,2022,General hospital,0
520066,2023,General hospital,0
520066,2024,General hospital,0
520070,2019,General hospital,0
520070,2020,General hospital,0
520070,2021,General hospital,0
520070,2022,General hospital,0
520070,2023,General hospital,0
520070,2024,General hospital,0
520071,2019,General hospital,0
520071,2020,General hospital,0
520071,2021,General hospital,0
520071,2022,General hospital,0
520071,2023,General hospital,0
520071,2024,General hospital,1
520075,2019,General hospital,0
520075,2020,General hospital,0
520075,2021,General hospital,0
520075,2022,General hospital,0
520075,2023,General hospital,0
520075,2024,General hospital,0
520076,2019,General hospital,0
520076,2020,General hospital,0
520076,2021,General hospital,0
520076,2022,General hospital,1
520076,2023,General hospital,1
520076,2024,General hospital,0
520078,2019,General hospital,0
520078,2020,General hospital,0
520078,2021,General hospital,0
520078,2022,General hospital,0
520078,2023,General hospital,1
520078,2024,General hospital,0
520083,2019,General hospital,0
520083,2020,General hospital,0
520083,2021,General hospital,0
520083,2022,General hospital,0
520083,2023,General hospital,0
520083,2024,General hospital,0
520087,2019,General hospital,0
520087,2020,General hospital,0
520087,2021,General hospital,0
520087,2022,General hospital,0
520087,2023,General hospital,1
520087,2024,General hospital,0
520088,2019,General hospital,0
520088,2020,General hospital,0
520088,2021,General hospital,0
520088,2022,General hospital,0
520088,2023,General hospital,0
520088,2024,General hospital,0
520089,2019,General hospital,0
520089,2020,General hospital,0
520089,2021,General hospital,0
520089,2022,General hospital,0
520089,2023,General hospital,0
520089,2024,General hospital,0
520091,2019,General hospital,1
520091,2020,General hospital,1
520091,2021,General hospital,1
520091,2022,General hospital,1
520091,2023,General hospital,0
520091,2024,General hospital,0
520095,2019,General hospital,0
520095,2020,General hospital,0
520095,2021,General hospital,0
520095,2022,General hospital,0
520095,2023,General hospital,0
520095,2024,General hospital,0
520096,2019,General hospital,0
520096,2020,General hospital,0
520096,2021,General hospital,0
520096,2022,General hospital,0
520096,2023,General hospital,1
520096,2024,General hospital,0
520097,2019,General hospital,0
520097,2020,General hospital,0
520097,2021,General hospital,0
520097,2022,General hospital,0
520097,2023,General hospital,0
520097,2024,General hospital,0
520098,2019,General hospital,0
520098,2020,General hospital,0
520098,2021,General hospital,0
520098,2022,General hospital,0
520098,2023,General hospital,0
520098,2024,General hospital,0
520100,2019,General hospital,0
520100,2020,General hospital,0
520100,2021,General hospital,0
520100,2022,General hospital,0
520100,2023,General hospital,0
520100,2024,General hospital,0
520102,2019,General hospital,0
520102,2020,General hospital,0
520102,2021,General hospital,0
520102,2022,General hospital,0
520102,2023,General hospital,0
520102,2024,General hospital,0
520103,2019,General hospital,0
520103,2020,General hospital,0
520103,2021,General hospital,0
520103,2022,General hospital,0
520103,2023,General hospital,0
520103,2024,General hospital,0
520107,2019,General hospital,1
520107,2020,General hospital,1
520107,2021,General hospital,0
520107,2022,General hospital,0
520107,2023,General hospital,0
520107,2024,General hospital,0
520109,2019,General hospital,0
520109,2020,General hospital,0
520109,2021,General hospital,0
520109,2022,General hospital,0
520109,2023,General hospital,0
520109,2024,General hospital,0
520113,2019,General hospital,0
520113,2020,General hospital,0
520113,2021,General hospital,0
520113,2022,General hospital,0
520113,2023,General hospital,0
520113,2024,General hospital,0
520116,2019,General hospital,0
520116,2020,General hospital,0
520116,2021,General hospital,0
520116,2022,General hospital,0
520116,2023,General hospital,0
520116,2024,General hospital,0
520136,2019,General hospital,0
520136,2020,General hospital,0
520136,2021,General hospital,0
520136,2022,General hospital,0
520136,2023,General hospital,1
520136,2024,General hospital,0
520138,2019,General hospital,0
520138,2020,General hospital,0
520138,2021,General hospital,0
520138,2022,General hospital,0
520138,2023,General hospital,0
520138,2024,General hospital,0
520139,2019,General hospital,0
520139,2020,General hospital,0
520139,2021,General hospital,0
520139,2022,General hospital,0
520139,2023,General hospital,0
520139,2024,General hospital,0
520160,2019,General hospital,0
520160,2020,General hospital,0
520160,2021,General hospital,0
520160,2022,General hospital,0
520160,2023,General hospital,0
520160,2024,General hospital,1
520177,2019,General hospital,0
520177,2020,General hospital,0
520177,2021,General hospital,0
520177,2022,General hospital,0
520177,2023,General hospital,0
520177,2024,General hospital,0
520189,2019,General hospital,0
520189,2020,General hospital,0
520189,2021,General hospital,0
520189,2022,General hospital,0
520189,2023,General hospital,0
520189,2024,General hospital,0
520193,2019,General hospital,0
520193,2020,General hospital,0
520193,2021,General hospital,0
520193,2022,General hospital,0
520193,2023,General hospital,0
520193,2024,General hospital,0
520194,2019,General hospital,1
520194,2020,General hospital,1
520194,2021,General hospital,1
520194,2022,General hospital,1
520194,2023,General hospital,1
520194,2024,General hospital,0
520196,2019,General hospital,0
520196,2020,General hospital,0
520196,2021,General hospital,0
520196,2022,General hospital,0
520196,2023,General hospital,0
520196,2024,General hospital,0
520198,2019,General hospital,0
520198,2020,General hospital,0
520198,2021,General hospital,0
520198,2022,General hospital,0
520198,2023,General hospital,0
520198,2024,General hospital,0
520202,2019,General hospital,0
520202,2020,General hospital,0
520202,2021,General hospital,1
520202,2022,General hospital,0
520202,2023,General hospital,0
520202,2024,General hospital,0
520205,2019,General hospital,0
520205,2020,General hospital,0
520205,2021,General hospital,0
520205,2022,General hospital,0
520205,2023,General hospital,1
520205,2024,General hospital,0
520206,2019,General hospital,0
520206,2020,General hospital,0
520206,2021,General hospital,0
520206,2022,General hospital,0
520206,2023,General hospital,0
520206,2024,General hospital,0
520207,2019,General hospital,0
520207,2020,General hospital,0
520207,2021,General hospital,0
520207,2022,General hospital,0
520207,2023,General hospital,0
520207,2024,General hospital,0
520208,2019,General hospital,0
520208,2020,General hospital,0
520208,2021,General hospital,0
520208,2022,General hospital,0
520208,2023,General hospital,0
520208,2024,General hospital,0
520210,2020,General hospital,1
520210,2021,General hospital,0
520210,2022,General hospital,0
520210,2023,General hospital,0
520210,2024,General hospital,0
520212,2021,General hospital,1
520212,2022,General hospital,0
520212,2023,General hospital,0
520212,2024,General hospital,0
520213,2021,General hospital,1
520213,2022,General hospital,1
520213,2023,General hospital,0
520213,2024,General hospital,0
520214,2023,General hospital,1
520214,2024,General hospital,1
520215,2023,General hospital,1
520215,2024,General hospital,0
521300,2019,Small rural (critical access),1
521300,2020,Small rural (critical access),1
521300,2021,Small rural (critical access),1
521300,2022,Small rural (critical access),1
521300,2023,Small rural (critical access),0
521300,2024,Small rural (critical access),0
521302,2019,Small rural (critical access),0
521302,2020,Small rural (critical access),0
521302,2021,Small rural (critical access),0
521302,2022,Small rural (critical access),0
521302,2023,Small rural (critical access),0
521302,2024,Small rural (critical access),0
521303,2019,Small rural (critical access),0
521303,2020,Small rural (critical access),0
521303,2021,Small rural (critical access),0
521303,2022,Small rural (critical access),0
521303,2023,Small rural (critical access),0
521303,2024,Small rural (critical access),1
521304,2019,Small rural (critical access),0
521304,2020,Small rural (critical access),0
521304,2021,Small rural (critical access),0
521304,2022,Small rural (critical access),0
521304,2023,Small rural (critical access),1
521304,2024,Small rural (critical access),0
521305,2019,Small rural (critical access),0
521305,2020,Small rural (critical access),0
521305,2021,Small rural (critical access),0
521305,2022,Small rural (critical access),0
521305,2023,Small rural (critical access),0
521305,2024,Small rural (critical access),0
521307,2019,Small rural (critical access),0
521307,2020,Small rural (critical access),0
521307,2021,Small rural (critical access),0
521307,2022,Small rural (critical access),0
521307,2023,Small rural (critical access),0
521307,2024,Small rural (critical access),0
521308,2019,Small rural (critical access),0
521308,2020,Small rural (critical access),0
521308,2021,Small rural (critical access),0
521308,2022,Small rural (critical access),0
521308,2023,Small rural (critical access),0
521308,2024,Small rural (critical access),0
521309,2019,Small rural (critical access),0
521309,2020,Small rural (critical access),0
521309,2021,Small rural (critical access),0
521309,2022,Small rural (critical access),0
521309,2023,Small rural (critical access),1
521309,2024,Small rural (critical access),0
521310,2019,Small rural (critical access),0
521310,2020,Small rural (critical access),0
521310,2021,Small rural (critical access),0
521310,2022,Small rural (critical access),0
521310,2023,Small rural (critical access),0
521310,2024,Small rural (critical access),0
521311,2019,Small rural (critical access),1
521311,2020,Small rural (critical access),1
521311,2021,Small rural (critical access),1
521311,2022,Small rural (critical access),1
521311,2023,Small rural (critical access),0
521311,2024,Small rural (critical access),0
521312,2019,Small rural (critical access),0
521312,2020,Small rural (critical access),0
521312,2021,Small rural (critical access),0
521312,2022,Small rural (critical access),0
521312,2023,Small rural (critical access),0
521312,2024,Small rural (critical access),0
521313,2019,Small rural (critical access),1
521313,2020,Small rural (critical access),1
521313,2021,Small rural (critical access),1
521313,2022,Small rural (critical access),1
521313,2023,Small rural (critical access),0
521313,2024,Small rural (critical access),0
521314,2019,Small rural (critical access),0
521314,2020,Small rural (critical access),0
521314,2021,Small rural (critical access),0
521314,2022,Small rural (critical access),0
521314,2023,Small rural (critical access),0
521314,2024,Small rural (critical access),0
521315,2019,Small rural (critical access),0
521315,2020,Small rural (critical access),0
521315,2021,Small rural (critical access),0
521315,2022,Small rural (critical access),0
521315,2023,Small rural (critical access),0
521315,2024,Small rural (critical access),0
521316,2019,Small rural (critical access),0
521316,2020,Small rural (critical access),0
521316,2021,Small rural (critical access),0
521316,2022,Small rural (critical access),0
521316,2023,Small rural (critical access),1
521316,2024,Small rural (critical access),0
521317,2019,Small rural (critical access),0
521317,2020,Small rural (critical access),0
521317,2021,Small rural (critical access),1
521317,2022,Small rural (critical access),0
521317,2023,Small rural (critical access),1
521317,2024,Small rural (critical access),0
521318,2019,Small rural (critical access),0
521318,2020,Small rural (critical access),0
521318,2021,Small rural (critical access),1
521318,2022,Small rural (critical access),0
521318,2023,Small rural (critical access),0
521318,2024,Small rural (critical access),1
521319,2019,Small rural (critical access),0
521319,2020,Small rural (critical access),1
521319,2021,Small rural (critical access),0
521319,2022,Small rural (critical access),0
521319,2023,Small rural (critical access),0
521319,2024,Small rural (critical access),0
521320,2019,Small rural (critical access),0
521320,2020,Small rural (critical access),0
521320,2021,Small rural (critical access),0
521320,2022,Small rural (critical access),0
521320,2023,Small rural (critical access),0
521320,2024,Small rural (critical access),0
521321,2019,Small rural (critical access),0
521321,2020,Small rural (critical access),0
521321,2021,Small rural (critical access),0
521321,2022,Small rural (critical access),0
521321,2023,Small rural (critical access),0
521321,2024,Small rural (critical access),0
521322,2019,Small rural (critical access),1
521322,2020,Small rural (critical access),0
521322,2021,Small rural (critical access),0
521322,2022,Small rural (critical access),0
521322,2023,Small rural (critical access),0
521322,2024,Small rural (critical access),0
521323,2019,Small rural (critical access),0
521323,2020,Small rural (critical access),0
521323,2021,Small rural (critical access),0
521323,2022,Small rural (critical access),0
521323,2023,Small rural (critical access),0
521323,2024,Small rural (critical access),0
521324,2019,Small rural (critical access),0
521324,2020,Small rural (critical access),0
521324,2021,Small rural (critical access),0
521324,2022,Small rural (critical access),0
521324,2023,Small rural (critical access),0
521324,2024,Small rural (critical access),0
521325,2019,Small rural (critical access),0
521325,2020,Small rural (critical access),0
521325,2021,Small rural (critical access),0
521325,2022,Small rural (critical access),0
521325,2023,Small rural (critical access),0
521325,2024,Small rural (critical access),0
521326,2019,Small rural (critical access),0
521326,2020,Small rural (critical access),0
521326,2021,Small rural (critical access),0
521326,2022,Small rural (critical access),0
521326,2023,Small rural (critical access),0
521326,2024,Small rural (critical access),1
521327,2019,Small rural (critical access),0
521327,2020,Small rural (critical access),0
521327,2021,Small rural (critical access),0
521327,2022,Small rural (critical access),0
521327,2023,Small rural (critical access),0
521327,2024,Small rural (critical access),0
521328,2019,Small rural (critical access),0
521328,2020,Small rural (critical access),0
521328,2021,Small rural (critical access),0
521328,2022,Small rural (critical access),0
521328,2023,Small rural (critical access),0
521328,2024,Small rural (critical access),0
521329,2019,Small rural (critical access),0
521329,2020,Small rural (critical access),0
521329,2021,Small rural (critical access),1
521329,2022,Small rural (critical access),0
521329,2023,Small rural (critical access),0
521329,2024,Small rural (critical access),0
521330,2019,Small rural (critical access),0
521330,2020,Small rural (critical access),0
521330,2021,Small rural (critical access),0
521330,2022,Small rural (critical access),0
521330,2023,Small rural (critical access),0
521330,2024,Small rural (critical access),0
521331,2019,Small rural (critical access),1
521331,2020,Small rural (critical access),1
521331,2021,Small rural (critical access),1
521331,2022,Small rural (critical access),1
521331,2023,Small rural (critical access),1
521331,2024,Small rural (critical access),1
521332,2019,Small rural (critical access),1
521332,2020,Small rural (critical access),1
521332,2021,Small rural (critical access),0
521332,2022,Small rural (critical access),0
521332,2023,Small rural (critical access),0
521332,2024,Small rural (critical access),0
521333,2019,Small rural (critical access),0
521333,2020,Small rural (critical access),0
521333,2021,Small rural (critical access),0
521333,2022,Small rural (critical access),0
521333,2023,Small rural (critical access),0
521333,2024,Small rural (critical access),0
521334,2019,Small rural (critical access),0
521334,2020,Small rural (critical access),0
521334,2021,Small rural (critical access),0
521334,2022,Small rural (critical access),0
521334,2023,Small rural (critical access),0
521334,2024,Small rural (critical access),1
521335,2019,Small rural (critical access),0
521335,2020,Small rural (critical access),0
521335,2021,Small rural (critical access),0
521335,2022,Small rural (critical access),0
521335,2023,Small rural (critical access),0
521335,2024,Small rural (critical access),0
521336,2019,Small rural (critical access),0
521336,2020,Small rural (critical access),0
521336,2021,Small rural (critical access),0
521336,2022,Small rural (critical access),1
521336,2023,Small rural (critical access),0
521336,2024,Small rural (critical access),0
521337,2019,Small rural (critical access),1
521337,2020,Small rural (critical access),1
521337,2021,Small rural (critical access),1
521337,2022,Small rural (critical access),1
521337,2023,Small rural (critical access),0
521337,2024,Small rural (critical access),0
521338,2019,Small rural (critical access),0
521338,2020,Small rural (critical access),0
521338,2021,Small rural (critical access),0
521338,2022,Small rural (critical access),0
521338,2023,Small rural (critical access),0
521338,2024,Small rural (critical access),0
521339,2019,Small rural (critical access),0
521339,2020,Small rural (critical access),0
521339,2021,Small rural (critical access),1
521339,2022,Small rural (critical access),1
521339,2023,Small rural (critical access),0
521339,2024,Small rural (critical access),0
521340,2019,Small rural (critical access),0
521340,2020,Small rural (critical access),0
521340,2021,Small rural (critical access),0
521340,2022,Small rural (critical access),0
521340,2023,Small rural (critical access),0
521340,2024,Small rural (critical access),0
521341,2019,Small rural (critical access),0
521341,2020,Small rural (critical access),0
521341,2021,Small rural (critical access),0
521341,2022,Small rural (critical access),0
521341,2023,Small rural (critical access),0
521341,2024,Small rural (critical access),1
521342,2019,Small rural (critical access),0
521342,2020,Small rural (critical access),0
521342,2021,Small rural (critical access),1
521342,2022,Small rural (critical access),1
521342,2023,Small rural (critical access),1
521342,2024,Small rural (critical access),1
521343,2019,Small rural (critical access),0
521343,2020,Small rural (critical access),0
521343,2021,Small rural (critical access),0
521343,2022,Small rural (critical access),0
521343,2023,Small rural (critical access),0
521343,2024,Small rural (critical access),0
521344,2019,Small rural (critical access),0
521344,2020,Small rural (critical access),0
521344,2021,Small rural (critical access),0
521344,2022,Small rural (critical access),0
521344,2023,Small rural (critical access),1
521344,2024,Small rural (critical access),0
521345,2019,Small rural (critical access),0
521345,2020,Small rural (critical access),0
521345,2021,Small rural (critical access),0
521345,2022,Small rural (critical access),0
521345,2023,Small rural (critical access),0
521345,2024,Small rural (critical access),0
521346,2019,Small rural (critical access),0
521346,2020,Small rural (critical access),0
521346,2021,Small rural (critical access),0
521346,2022,Small rural (critical access),0
521346,2023,Small rural (critical access),0
521346,2024,Small rural (critical access),1
521347,2019,Small rural (critical access),1
521347,2020,Small rural (critical access),0
521347,2021,Small rural (critical access),0
521347,2022,Small rural (critical access),0
521347,2023,Small rural (critical access),0
521347,2024,Small rural (critical access),0
521348,2019,Small rural (critical access),0
521348,2020,Small rural (critical access),0
521348,2021,Small rural (critical access),0
521348,2022,Small rural (critical access),0
521348,2023,Small rural (critical access),1
521348,2024,Small rural (critical access),0
521349,2019,Small rural (critical access),0
521349,2020,Small rural (critical access),0
521349,2021,Small rural (critical access),0
521349,2022,Small rural (critical access),0
521349,2023,Small rural (critical access),0
521349,2024,Small rural (critical access),0
521350,2019,Small rural (critical access),0
521350,2020,Small rural (critical access),0
521350,2021,Small rural (critical access),0
521350,2022,Small rural (critical access),0
521350,2023,Small rural (critical access),0
521350,2024,Small rural (critical access),0
521351,2019,Small rural (critical access),0
521351,2020,Small rural (critical access),0
521351,2021,Small rural (critical access),0
521351,2022,Small rural (critical access),0
521351,2023,Small rural (critical access),0
521351,2024,Small rural (critical access),0
521352,2019,Small rural (critical access),0
521352,2020,Small rural (critical access),0
521352,2021,Small rural (critical access),0
521352,2022,Small rural (critical access),0
521352,2023,Small rural (critical access),0
521352,2024,Small rural (critical access),0
521353,2019,Small rural (critical access),1
521353,2020,Small rural (critical access),1
521353,2021,Small rural (critical access),0
521353,2022,Small rural (critical access),0
521353,2023,Small rural (critical access),0
521353,2024,Small rural (critical access),0
521354,2019,Small rural (critical access),0
521354,2020,Small rural (critical access),1
521354,2021,Small rural (critical access),0
521354,2022,Small rural (critical access),0
521354,2023,Small rural (critical access),0
521354,2024,Small rural (critical access),0
521355,2019,Small rural (critical access),0
521355,2020,Small rural (critical access),0
521355,2021,Small rural (critical access),0
521355,2022,Small rural (critical access),0
521355,2023,Small rural (critical access),0
521355,2024,Small rural (critical access),1
521356,2019,Small rural (critical access),0
521356,2020,Small rural (critical access),0
521356,2021,Small rural (critical access),0
521356,2022,Small rural (critical access),0
521356,2023,Small rural (critical access),0
521356,2024,Small rural (critical access),0
521357,2019,Small rural (critical access),0
521357,2020,Small rural (critical access),0
521357,2021,Small rural (critical access),0
521357,2022,Small rural (critical access),0
521357,2023,Small rural (critical access),0
521357,2024,Small rural (critical access),0
521358,2019,Small rural (critical access),1
521358,2020,Small rural (critical access),0
521358,2021,Small rural (critical access),0
521358,2022,Small rural (critical access),0
521358,2023,Small rural (critical access),1
521358,2024,Small rural (critical access),0
521359,2019,Small rural (critical access),0
521359,2020,Small rural (critical access),0
521359,2021,Small rural (critical access),0
521359,2022,Small rural (critical access),1
521359,2023,Small rural (critical access),0
521359,2024,Small rural (critical access),0
530002,2019,General hospital,0
530002,2020,General hospital,0
530002,2021,General hospital,0
530002,2022,General hospital,0
530002,2023,General hospital,0
530002,2024,General hospital,0
530006,2019,General hospital,1
530006,2020,General hospital,1
530006,2021,General hospital,1
530006,2022,General hospital,0
530006,2023,General hospital,0
530006,2024,General hospital,0
530008,2019,General hospital,0
530008,2020,General hospital,0
530008,2021,General hospital,0
530008,2022,General hospital,0
530008,2023,General hospital,0
530008,2024,General hospital,0
530011,2019,General hospital,0
530011,2020,General hospital,0
530011,2021,General hospital,1
530011,2022,General hospital,1
530011,2023,General hospital,1
530011,2024,General hospital,0
530012,2019,General hospital,0
530012,2020,General hospital,0
530012,2021,General hospital,0
530012,2022,General hospital,0
530012,2023,General hospital,0
530012,2024,General hospital,0
530014,2019,General hospital,0
530014,2020,General hospital,0
530014,2021,General hospital,0
530014,2022,General hospital,0
530014,2023,General hospital,0
530014,2024,General hospital,0
530015,2019,General hospital,1
530015,2020,General hospital,1
530015,2021,General hospital,0
530015,2022,General hospital,0
530015,2023,General hospital,0
530015,2024,General hospital,0
530025,2019,General hospital,0
530025,2020,General hospital,0
530025,2021,General hospital,1
530025,2022,General hospital,0
530025,2023,General hospital,0
530025,2024,General hospital,0
530032,2019,General hospital,0
530032,2020,General hospital,0
530032,2021,General hospital,0
530032,2022,General hospital,0
530032,2023,General hospital,0
530032,2024,General hospital,0
530034,2019,General hospital,1
530034,2020,General hospital,1
530034,2021,General hospital,0
530034,2022,General hospital,1
530034,2023,General hospital,1
530034,2024,General hospital,0
530035,2019,General hospital,1
530035,2020,General hospital,1
530037,2024,General hospital,1
531301,2019,Small rural (critical access),0
531301,2020,Small rural (critical access),0
531301,2021,Small rural (critical access),1
531301,2022,Small rural (critical access),1
531301,2023,Small rural (critical access),1
531301,2024,Small rural (critical access),1
531302,2019,Small rural (critical access),0
531302,2020,Small rural (critical access),0
531302,2021,Small rural (critical access),1
531302,2022,Small rural (critical access),0
531302,2023,Small rural (critical access),1
531302,2024,Small rural (critical access),1
531303,2019,Small rural (critical access),1
531303,2020,Small rural (critical access),1
531303,2021,Small rural (critical access),0
531303,2022,Small rural (critical access),0
531303,2023,Small rural (critical access),0
531303,2024,Small rural (critical access),0
531304,2019,Small rural (critical access),0
531304,2020,Small rural (critical access),0
531304,2021,Small rural (critical access),0
531304,2022,Small rural (critical access),0
531304,2023,Small rural (critical access),0
531304,2024,Small rural (critical access),0
531305,2019,Small rural (critical access),0
531305,2020,Small rural (critical access),0
531305,2021,Small rural (critical access),0
531305,2022,Small rural (critical access),0
531305,2023,Small rural (critical access),0
531305,2024,Small rural (critical access),0
531306,2019,Small rural (critical access),0
531306,2020,Small rural (critical access),0
531306,2021,Small rural (critical access),0
531306,2022,Small rural (critical access),0
531306,2023,Small rural (critical access),0
531306,2024,Small rural (critical access),0
531307,2019,Small rural (critical access),0
531307,2020,Small rural (critical access),0
531307,2021,Small rural (critical access),0
531307,2022,Small rural (critical access),0
531307,2023,Small rural (critical access),0
531307,2024,Small rural (critical access),0
531308,2019,Small rural (critical access),0
531308,2020,Small rural (critical access),0
531308,2021,Small rural (critical access),0
531308,2022,Small rural (critical access),0
531308,2023,Small rural (critical access),0
531308,2024,Small rural (critical access),0
531309,2019,Small rural (critical access),0
531309,2020,Small rural (critical access),0
531309,2021,Small rural (critical access),0
531309,2022,Small rural (critical access),0
531309,2023,Small rural (critical access),0
531309,2024,Small rural (critical access),0
531310,2019,Small rural (critical access),1
531310,2020,Small rural (critical access),1
531310,2021,Small rural (critical access),1
531310,2022,Small rural (critical access),1
531310,2023,Small rural (critical access),0
531310,2024,Small rural (critical access),0
531311,2019,Small rural (critical access),1
531311,2020,Small rural (critical access),1
531311,2021,Small rural (critical access),1
531311,2022,Small rural (critical access),1
531311,2023,Small rural (critical access),1
531311,2024,Small rural (critical access),1
531312,2019,Small rural (critical access),0
531312,2020,Small rural (critical access),0
531312,2021,Small rural (critical access),0
531312,2022,Small rural (critical access),0
531312,2023,Small rural (critical access),0
531312,2024,Small rural (critical access),1
531313,2019,Small rural (critical access),0
531313,2020,Small rural (critical access),0
531313,2021,Small rural (critical access),0
531313,2022,Small rural (critical access),0
531313,2023,Small rural (critical access),0
531313,2024,Small rural (critical access),0
531314,2019,Small rural (critical access),1
531314,2020,Small rural (critical access),1
531314,2021,Small rural (critical access),1
531314,2022,Small rural (critical access),1
531314,2023,Small rural (critical access),0
531314,2024,Small rural (critical access),1
531315,2019,Small rural (critical access),1
531315,2020,Small rural (critical access),1
531315,2021,Small rural (critical access),0
531315,2022,Small rural (critical access),1
531315,2023,Small rural (critical access),0
531315,2024,Small rural (critical access),0
531316,2019,Small rural (critical access),1
531316,2020,Small rural (critical access),1
531316,2021,Small rural (critical access),0
531316,2022,Small rural (critical access),0
531316,2023,Small rural (critical access),1
531316,2024,Small rural (critical access),0
640001,2019,General hospital,1
640001,2020,General hospital,1
640001,2021,General hospital,1
640001,2022,General hospital,1
640001,2023,General hospital,1
640001,2024,General hospital,1
650001,2019,General hospital,1
650001,2020,General hospital,1
650001,2021,General hospital,1
650001,2022,General hospital,1
650001,2023,General hospital,1
650001,2024,General hospital,1
650003,2019,General hospital,1
650003,2020,General hospital,1
650003,2021,General hospital,1
650003,2022,General hospital,1
650003,2023,General hospital,1
650003,2024,General hospital,1
660001,2019,General hospital,1
660001,2020,General hospital,1
660001,2021,General hospital,1
660001,2022,General hospital,1
660001,2023,General hospital,1
660001,2024,General hospital,1
670004,2019,General hospital,0
670004,2020,General hospital,0
670004,2021,General hospital,0
670004,2022,General hospital,0
670004,2023,General hospital,0
670005,2019,General hospital,0
670005,2020,General hospital,0
670005,2021,General hospital,0
670005,2022,General hospital,0
670005,2023,General hospital,0
670005,2024,General hospital,0
670006,2019,General hospital,0
670006,2020,General hospital,0
670006,2021,General hospital,1
670006,2022,General hospital,1
670006,2023,General hospital,1
670006,2024,General hospital,1
670008,2019,General hospital,1
670008,2020,General hospital,0
670008,2021,General hospital,1
670008,2022,General hospital,1
670008,2023,General hospital,1
670008,2024,General hospital,1
670010,2019,General hospital,1
670010,2020,General hospital,1
670010,2021,General hospital,1
670010,2022,General hospital,1
670010,2023,General hospital,1
670010,2024,General hospital,1
670023,2019,General hospital,0
670023,2020,General hospital,0
670023,2021,General hospital,0
670023,2022,General hospital,0
670023,2023,General hospital,0
670023,2024,General hospital,0
670025,2019,General hospital,0
670025,2020,General hospital,0
670025,2021,General hospital,0
670025,2022,General hospital,0
670025,2023,General hospital,0
670025,2024,General hospital,0
670031,2019,General hospital,0
670031,2020,General hospital,0
670031,2021,General hospital,0
670031,2022,General hospital,0
670031,2023,General hospital,0
670031,2024,General hospital,0
670034,2019,General hospital,0
670034,2020,General hospital,0
670034,2021,General hospital,0
670034,2022,General hospital,0
670034,2023,General hospital,0
670034,2024,General hospital,0
670041,2019,General hospital,0
670041,2020,General hospital,0
670041,2021,General hospital,0
670041,2022,General hospital,0
670041,2023,General hospital,0
670041,2024,General hospital,0
670043,2019,General hospital,0
670043,2020,General hospital,0
670043,2021,General hospital,0
670043,2022,General hospital,0
670043,2023,General hospital,0
670043,2024,General hospital,0
670044,2019,General hospital,0
670044,2020,General hospital,0
670044,2021,General hospital,0
670044,2022,General hospital,0
670044,2023,General hospital,0
670044,2024,General hospital,0
670045,2019,General hospital,1
670046,2019,General hospital,1
670046,2020,General hospital,1
670047,2019,General hospital,0
670047,2020,General hospital,0
670047,2021,General hospital,0
670047,2022,General hospital,0
670047,2023,General hospital,0
670047,2024,General hospital,0
670049,2019,General hospital,1
670049,2020,General hospital,0
670049,2021,General hospital,0
670049,2022,General hospital,0
670049,2023,General hospital,0
670049,2024,General hospital,0
670053,2019,General hospital,0
670053,2020,General hospital,0
670053,2021,General hospital,0
670053,2022,General hospital,0
670053,2023,General hospital,1
670053,2024,General hospital,0
670054,2019,General hospital,1
670054,2020,General hospital,1
670054,2021,General hospital,1
670054,2022,General hospital,1
670054,2023,General hospital,1
670054,2024,General hospital,1
670055,2019,General hospital,0
670055,2020,General hospital,0
670055,2021,General hospital,0
670055,2022,General hospital,0
670055,2023,General hospital,0
670055,2024,General hospital,0
670056,2019,General hospital,0
670056,2020,General hospital,0
670056,2021,General hospital,0
670056,2022,General hospital,0
670056,2023,General hospital,0
670056,2024,General hospital,0
670059,2019,General hospital,0
670059,2020,General hospital,0
670059,2021,General hospital,0
670059,2022,General hospital,0
670059,2023,General hospital,1
670059,2024,General hospital,0
670060,2019,General hospital,1
670060,2020,General hospital,0
670060,2021,General hospital,0
670060,2022,General hospital,0
670060,2023,General hospital,0
670060,2024,General hospital,0
670061,2019,General hospital,0
670061,2020,General hospital,0
670061,2021,General hospital,0
670061,2022,General hospital,0
670061,2023,General hospital,0
670062,2019,General hospital,1
670062,2020,General hospital,1
670062,2021,General hospital,1
670062,2022,General hospital,1
670062,2023,General hospital,1
670062,2024,General hospital,1
670067,2019,General hospital,1
670067,2020,General hospital,0
670067,2021,General hospital,0
670067,2022,General hospital,0
670067,2023,General hospital,0
670067,2024,General hospital,0
670068,2019,General hospital,0
670068,2020,General hospital,0
670068,2021,General hospital,0
670068,2022,General hospital,0
670068,2023,General hospital,0
670068,2024,General hospital,0
670069,2019,General hospital,1
670069,2020,General hospital,1
670069,2021,General hospital,1
670069,2022,General hospital,1
670069,2023,General hospital,1
670069,2024,General hospital,1
670071,2019,General hospital,0
670071,2020,General hospital,0
670071,2021,General hospital,0
670071,2022,General hospital,0
670071,2023,General hospital,0
670071,2024,General hospital,0
670073,2019,General hospital,1
670073,2020,General hospital,1
670073,2021,General hospital,1
670073,2022,General hospital,1
670073,2023,General hospital,1
670073,2024,General hospital,1
670075,2019,General hospital,0
670075,2020,General hospital,0
670075,2021,General hospital,0
670075,2022,General hospital,0
670075,2023,General hospital,1
670075,2024,General hospital,0
670076,2019,General hospital,0
670076,2020,General hospital,0
670076,2021,General hospital,0
670076,2022,General hospital,0
670076,2023,General hospital,0
670076,2024,General hospital,0
670077,2019,General hospital,0
670077,2020,General hospital,0
670077,2021,General hospital,0
670077,2022,General hospital,0
670077,2023,General hospital,0
670077,2024,General hospital,0
670078,2019,General hospital,1
670078,2020,General hospital,1
670078,2021,General hospital,1
670078,2022,General hospital,1
670078,2023,General hospital,1
670078,2024,General hospital,1
670080,2019,General hospital,0
670080,2020,General hospital,0
670080,2021,General hospital,0
670080,2022,General hospital,0
670080,2023,General hospital,0
670080,2024,General hospital,0
670082,2019,General hospital,0
670082,2020,General hospital,0
670082,2021,General hospital,0
670082,2022,General hospital,0
670082,2023,General hospital,0
670082,2024,General hospital,0
670085,2019,General hospital,0
670085,2020,General hospital,0
670085,2021,General hospital,0
670085,2022,General hospital,0
670085,2023,General hospital,0
670085,2024,General hospital,0
670087,2019,General hospital,0
670087,2020,General hospital,0
670088,2019,General hospital,0
670088,2020,General hospital,0
670088,2021,General hospital,0
670088,2022,General hospital,0
670088,2023,General hospital,0
670088,2024,General hospital,0
670090,2019,General hospital,0
670090,2020,General hospital,0
670090,2021,General hospital,0
670090,2022,General hospital,0
670090,2023,General hospital,0
670090,2024,General hospital,0
670093,2019,General hospital,1
670093,2020,General hospital,1
670093,2021,General hospital,1
670093,2022,General hospital,1
670093,2023,General hospital,1
670093,2024,General hospital,1
670095,2019,General hospital,1
670095,2020,General hospital,1
670098,2019,General hospital,0
670098,2020,General hospital,0
670098,2021,General hospital,0
670098,2022,General hospital,0
670098,2023,General hospital,1
670098,2024,General hospital,0
670099,2019,General hospital,1
670099,2020,General hospital,1
670102,2019,General hospital,1
670102,2020,General hospital,1
670102,2021,General hospital,0
670102,2022,General hospital,0
670102,2023,General hospital,1
670102,2024,General hospital,1
670103,2019,General hospital,0
670103,2020,General hospital,0
670103,2021,General hospital,0
670103,2022,General hospital,0
670103,2023,General hospital,0
670103,2024,General hospital,0
670106,2019,General hospital,0
670106,2020,General hospital,0
670106,2021,General hospital,0
670106,2022,General hospital,0
670106,2023,General hospital,0
670106,2024,General hospital,0
670107,2019,General hospital,1
670107,2020,General hospital,1
670107,2021,General hospital,1
670107,2022,General hospital,1
670107,2023,General hospital,1
670107,2024,General hospital,1
670108,2019,General hospital,0
670108,2020,General hospital,0
670108,2021,General hospital,0
670108,2022,General hospital,0
670108,2023,General hospital,0
670108,2024,General hospital,0
670109,2019,General hospital,1
670109,2020,General hospital,1
670109,2021,General hospital,1
670109,2022,General hospital,1
670109,2023,General hospital,1
670109,2024,General hospital,1
670110,2019,General hospital,1
670110,2020,General hospital,1
670112,2019,General hospital,1
670112,2020,General hospital,1
670112,2021,General hospital,1
670112,2022,General hospital,1
670112,2023,General hospital,0
670112,2024,General hospital,0
670113,2019,General hospital,1
670115,2019,General hospital,1
670115,2020,General hospital,1
670115,2021,General hospital,1
670115,2022,General hospital,1
670115,2023,General hospital,1
670115,2024,General hospital,1
670116,2019,General hospital,1
670116,2020,General hospital,1
670116,2021,General hospital,0
670116,2022,General hospital,0
670116,2023,General hospital,0
670117,2019,General hospital,1
670117,2020,General hospital,1
670118,2019,General hospital,1
670118,2020,General hospital,1
670119,2019,General hospital,1
670119,2020,General hospital,1
670120,2019,General hospital,0
670120,2020,General hospital,0
670120,2021,General hospital,0
670120,2022,General hospital,0
670120,2023,General hospital,0
670120,2024,General hospital,0
670121,2019,General hospital,1
670121,2020,General hospital,1
670121,2021,General hospital,1
670121,2022,General hospital,1
670121,2023,General hospital,1
670121,2024,General hospital,1
670122,2019,General hospital,0
670122,2020,General hospital,0
670122,2021,General hospital,0
670122,2022,General hospital,0
670122,2023,General hospital,0
670122,2024,General hospital,0
670124,2019,General hospital,1
670124,2020,General hospital,1
670124,2021,General hospital,1
670124,2022,General hospital,1
670124,2023,General hospital,1
670124,2024,General hospital,1
670125,2019,General hospital,1
670125,2020,General hospital,1
670125,2021,General hospital,1
670125,2022,General hospital,1
670125,2023,General hospital,1
670125,2024,General hospital,1
670126,2019,General hospital,1
670127,2020,General hospital,1
670128,2019,General hospital,1
670128,2020,General hospital,1
670128,2021,General hospital,0
670128,2022,General hospital,0
670128,2023,General hospital,0
670128,2024,General hospital,0
670129,2020,General hospital,1
670129,2021,General hospital,1
670130,2020,General hospital,1
670131,2021,General hospital,0
670131,2022,General hospital,0
670131,2023,General hospital,0
670131,2024,General hospital,0
670132,2021,General hospital,1
670132,2022,General hospital,0
670132,2023,General hospital,0
670132,2024,General hospital,0
670133,2021,General hospital,1
670133,2022,General hospital,1
670133,2023,General hospital,1
670133,2024,General hospital,1
670134,2021,General hospital,1
670134,2022,General hospital,1
670134,2023,General hospital,1
670134,2024,General hospital,1
670135,2021,General hospital,1
670135,2022,General hospital,1
670135,2023,General hospital,1
670135,2024,General hospital,1
670136,2021,General hospital,0
670136,2022,General hospital,0
670136,2023,General hospital,0
670136,2024,General hospital,0
670143,2021,General hospital,0
670143,2022,General hospital,0
670143,2023,General hospital,0
670143,2024,General hospital,0
670259,2021,General hospital,1
670259,2022,General hospital,1
670259,2023,General hospital,0
670259,2024,General hospital,1
670260,2021,General hospital,0
670260,2022,General hospital,0
670260,2023,General hospital,0
670260,2024,General hospital,0
670265,2024,General hospital,1
670266,2021,General hospital,1
670266,2022,General hospital,1
670266,2023,General hospital,1
670266,2024,General hospital,1
670267,2021,General hospital,1
670267,2022,General hospital,1
670267,2023,General hospital,1
670267,2024,General hospital,1
670280,2021,General hospital,1
670280,2022,General hospital,1
670280,2023,General hospital,1
670280,2024,General hospital,1
670285,2021,General hospital,1
670285,2022,General hospital,1
670285,2023,General hospital,1
670285,2024,General hospital,1
670300,2022,General hospital,0
670300,2023,General hospital,0
670300,2024,General hospital,0
670309,2022,General hospital,0
670309,2023,General hospital,0
670309,2024,General hospital,0
670310,2022,General hospital,1
670310,2023,General hospital,1
670314,2022,General hospital,1
670314,2023,General hospital,1
670314,2024,General hospital,1
670319,2023,General hospital,1
670320,2024,General hospital,1
670321,2024,General hospital,1
670322,2024,General hospital,1
670323,2024,General hospital,1
671300,2024,Small rural (critical access),1
671301,2024,Small rural (critical access),1
